Longitude,Latitude,50m_NPCRI,100m_Ground_Elevation,Avg Wind Speed [m/s],Wind Direction [degrees],Traffic_Volume,150m_Ground_Elevation,Relative Humidity [percent],150m_NDVI,150m_NDBI,300m_SI,300m_NPCRI,300m_Coastal_Aerosol,300m_Total_Building_Area_m2,300m_Building_Construction_Year,300m_Ground_Elevation,300m_Building_Height,300m_Building_Height,300m_Building_Count,300m_NDVI,300m_NDBI,300m_Building_Density,Solar Flux [W/m^2]
-73.971665,40.78876333,0.0650375723988647,105.75,2.946153846153846,171.07692307692307,111.0,104.6,48.35384615384616,0.3620261986034255,-0.0593237952699152,0.2750184128505429,0.0716932465840876,1081.097965738758,28205.92672146604,1907.30081300813,101.62903225806453,59.63462312370967,59.63462312370967,124,0.2789883261667772,-0.0137774816948406,0.3996739559285763,441.0
-73.97192833,40.788875,0.0720349897036897,104.07692307692308,2.946153846153846,171.07692307692307,111.0,103.5,48.35384615384616,0.3628999317704799,-0.0743951198898685,0.2718245953686886,0.0744067368088762,1058.115848753017,28878.602392807537,1907.2711864406776,100.7310924369748,59.167190735126034,59.167190735126034,119,0.2781378670464458,-0.0160639263962762,0.4092056741829701,441.0
-73.96708,40.78908,0.0996810607960485,117.16666666666669,2.946153846153846,171.07692307692307,0.0162162162162162,116.91666666666669,48.35384615384616,0.2186347669473206,0.0143194706073418,0.3326692449744505,0.0555376384646793,851.0091006423983,22482.89923855601,1914.018867924528,116.0377358490566,83.48662948679245,83.48662948679245,53,0.3622518451648529,-0.0666936816042431,0.3185794733189416,441.0
-73.97255,40.78908167,0.1061651491659177,99.79166666666669,2.946153846153846,171.07692307692307,111.0,100.02564102564102,48.35384615384616,0.2300445774294077,-0.0058118634612753,0.2628576656652706,0.0760192143316947,1039.8501070663813,27335.92126185957,1906.3416666666667,99.73553719008264,61.56809917355372,61.56809917355372,121,0.2721159265953966,-0.0195486050201699,0.3873461027377596,441.0
-73.96969667,40.78795333,0.0390591770656503,111.9047619047619,2.946153846153846,171.07692307692307,111.0,111.91666666666669,48.35384615384616,0.284150902400934,-0.0154394342441076,0.2536399769425876,0.0597066783309747,1207.5268932298636,33069.456660249794,1898.2892156862745,111.1372549019608,66.14460670014707,66.14460670014707,204,0.2482570435853656,0.0016558428581267,0.4685894810102307,441.0
-73.97021167,40.78418333,0.1292596165068832,106.33333333333331,2.946153846153846,171.07692307692307,138.0,103.05882352941175,48.35384615384616,0.3179074230447981,-0.0407147187394323,0.3640547294137941,0.0490494151507639,850.8383730264918,18073.87404495491,1900.775,98.425,74.94176070975,74.94176070975,80,0.3987274739625101,-0.0899416618526507,0.2561042156077525,441.0
-73.96975167,40.78470833,0.0765375411792242,106.83333333333331,2.946153846153846,171.07692307692307,111.0,104.0,48.35384615384616,0.3316917346737449,-0.063168187855853,0.360026994866311,0.0575102736205942,852.065293015788,16287.90669678249,1904.0579710144928,100.91304347826087,84.3391210915942,84.3391210915942,69,0.4011581964056775,-0.0935373414986587,0.2307973131882032,441.0
-73.96676667,40.78886333,0.1048793001090734,116.0,2.946153846153846,171.07692307692307,0.0162162162162162,116.42857142857144,48.35384615384616,0.3755089237881405,-0.072481033718412,0.3790031511148394,0.0394327928743274,771.5678284182305,18078.059614929847,1917.2727272727277,116.13636363636364,85.36322542909092,85.36322542909092,44,0.4232159333763707,-0.0977817840960799,0.2561635245368162,441.0
-73.97130333,40.788585,0.0717614321447317,106.8181818181818,2.946153846153846,171.07692307692307,111.0,106.47368421052632,48.35384615384616,0.323159157327132,-0.0232526987275305,0.2810947703491802,0.0685237713393074,1104.4731067701364,27286.031797041876,1903.2769230769231,103.96923076923076,58.9812191186923,58.9812191186923,130,0.2841973775107495,-0.0126651337949889,0.3866391761416874,441.0
-73.966635,40.78418333,-0.0218022817119727,114.0,2.946153846153846,171.07692307692307,135.9451966473243,114.0,48.35384615384616,0.7041149362016245,-0.2540083124970489,0.4873866503793548,-0.0402573458389987,408.3291376539904,1290.38679236058,1932.0,114.0,13.0,13.0,1,0.6054148503472454,-0.2185250466141894,0.0182845966762032,441.0
-73.98672167,40.78182667,0.0293040449905284,0.0,2.946153846153846,171.07692307692307,61.42857142857143,0.0,48.35384615384616,0.6047788080708152,-0.1847132725194602,0.3569653773552458,0.0250446591985631,560.0836461126005,533.0103390422893,1952.6666666666667,48.5,178.315,178.315,4,0.4615882708055042,-0.1762870197695464,0.0075526804298735,441.0
-73.95032333,40.81512333,0.0946238911449189,113.5,2.946153846153846,171.07692307692307,354.4107142857143,114.0,48.35384615384616,0.4819230096705683,-0.1271945867881085,0.4254507338540035,0.0757045382669065,820.2381589510302,17318.413956732496,1927.6,57.42307692307692,83.33893097807693,83.33893097807693,26,0.4813652275952577,-0.1191796996901926,0.2453994539816096,441.0
-73.98230833,40.76774167,0.0546642078652104,80.33333333333333,2.946153846153846,171.07692307692307,124.83333333333331,78.66666666666667,48.35384615384616,0.1490339162541808,-0.0010466387456591,0.1864599795164497,0.0646862723472015,1036.2666488365874,27043.97331724613,1952.3846153846157,78.14814814814815,296.80775587185184,296.80775587185184,27,0.1351905369197999,0.0474896776171833,0.3832092420311743,441.0
-73.96508333,40.78370667,0.0634293896996086,114.0,2.946153846153846,171.07692307692307,135.9451966473243,111.0,48.35384615384616,0.5307841813246926,-0.169362838675328,0.3658438611080706,-0.0788630001818945,457.5785522788204,2924.645210974996,1901.5,111.0,15.666666666666666,15.666666666666666,3,0.4712536223729609,-0.1826939343667622,0.0414418052170838,441.0
-73.97968333,40.77094667,0.0263442709602504,76.5,2.946153846153846,171.07692307692307,126.15656565656566,76.6,48.35384615384616,0.453517211430678,-0.1083320233153797,0.421138147156816,0.044580873129398,655.0745708154507,15491.331539386125,1937.5,77.08333333333333,160.74291666666667,160.74291666666667,24,0.447838312315696,-0.0911076847761963,0.219509956899583,441.0
-73.95570333,40.79593833,-0.0233322645981708,0.0,2.946153846153846,171.07692307692307,128.3,0.0,48.35384615384616,0.8153219203942429,-0.3051889162334964,0.6791660137863322,-0.0565412781790738,498.5922356091031,0.0,0.0,0.0,0.0,0.0,0,0.7838525123623324,-0.3044821814572905,0.0,441.0
-73.97289167,40.78512667,0.047390940859836,86.0909090909091,2.946153846153846,171.07692307692307,111.0,87.0625,48.35384615384616,0.1628301307643452,0.0620986921136339,0.2147279067598856,0.0761954612776716,1213.8576779026216,34517.718835870015,1897.9878048780488,89.1951219512195,65.06103211810975,65.06103211810975,164,0.1649016671203382,0.0502635869839278,0.4891111493326585,441.0
-73.95583833,40.78309833,0.08846516591848,103.125,2.946153846153846,171.07692307692307,228.0,104.0,48.35384615384616,0.2237588662166408,0.0283049093596291,0.2169289629265675,0.0815691101795592,991.6356817572996,29958.28741021368,1909.59595959596,103.1919191919192,93.1684382422222,93.1684382422222,99,0.1888937354345537,0.0281721611872082,0.4245046567810264,441.0
-73.96325,40.781915,-0.0663828126589009,0.0,2.946153846153846,171.07692307692307,135.9451966473243,117.0,48.35384615384616,0.7529714941339258,-0.2615984061570401,0.5159239437386418,-0.0519758513768606,426.9022234128047,2595.1310903279937,1871.0,109.66666666666669,46.59,46.59,3,0.6271152438349162,-0.2254736329470848,0.0367726371577054,441.0
-73.94459,40.777375,0.0481909757183815,16.666666666666668,2.946153846153846,171.07692307692307,85.28733766233766,17.757575757575758,48.35384615384616,0.2946512836355695,-0.0356433090074848,0.280822600214465,0.0658732542644529,1047.7353335119208,23626.4841173173,1920.571428571429,22.785714285714285,71.52488593571428,71.52488593571428,70,0.2911023702457448,-0.0191134407799856,0.334783907832494,441.0
-73.97195,40.78476,0.0558485682815581,91.27027027027027,2.946153846153846,171.07692307692307,111.0,90.54054054054056,48.35384615384616,0.215933306067109,0.0291976172169436,0.2241880884922553,0.0682829702559275,1182.0719828739632,34683.653410524115,1896.455,92.505,68.68801872375,68.68801872375,200,0.1861287685192997,0.0378914057232475,0.4914624185724557,441.0
-73.94579667,40.781725,0.0904204799683668,10.666666666666666,2.946153846153846,171.07692307692307,154.25744047619048,11.083333333333334,48.35384615384616,0.209554252671123,0.0183340147207432,0.2295107083930727,0.0758591750567087,1170.4682730923694,20934.580804579637,1932.6268656716416,12.514705882352942,81.47478178147058,81.47478178147058,68,0.2000906127239719,0.0241251202943476,0.2966400220944386,441.0
-73.98071167,40.78740333,0.0767729666244925,52.875,2.946153846153846,171.07692307692307,69.25,55.5,48.35384615384616,0.3167728552359238,-0.0463494161808444,0.3494861075270045,0.0541856447142709,894.9991970021413,21779.18340989249,1900.2038834951456,57.87378640776699,77.44495145631068,77.44495145631068,103,0.3884351269135219,-0.0873360627956259,0.3086079204657729,441.0
-73.96015833,40.758905,0.0964390478223561,41.8,2.946153846153846,171.07692307692307,58.890625,43.375,48.35384615384616,0.1281868993964808,0.0175931297939487,0.186470235639501,0.0866178810383239,948.6393662728248,24146.660276872688,1930.3333333333333,45.16666666666666,117.32160847469696,117.32160847469696,66,0.16468207009382,0.0193980375748482,0.3421547297700348,441.0
-73.98460333,40.78264333,0.0473662978910818,70.6923076923077,2.946153846153846,171.07692307692307,107.22222222222224,71.6923076923077,48.35384615384616,0.4011646620653468,-0.1058794018641874,0.3883911704625729,0.0475481621503652,761.3302088912694,17454.522323766523,1900.7444444444443,73.6,73.9787704878889,73.9787704878889,90,0.4500631303390719,-0.1221274314475868,0.247328090115799,441.0
-73.97688333,40.79036333,0.0989659388080491,77.2,2.946153846153846,171.07692307692307,61.0,77.22222222222223,48.35384615384616,0.1492726513614097,0.0176456222499439,0.203048407832871,0.0779016937286042,1049.2069705093834,32226.6534821081,1902.6766917293232,76.38345864661655,78.45901071691729,78.45901071691729,133,0.1730685245353942,0.0309824073313713,0.4566470802647481,441.0
-73.94998833,40.81563833,0.0873784723492295,114.0,2.946153846153846,171.07692307692307,133.2,114.66666666666669,48.35384615384616,0.4770567225782778,-0.1208830646812256,0.4678400440463141,0.0771610766226484,733.2538832351365,14182.744752085944,1928.136363636364,51.458333333333336,70.12896773375,70.12896773375,24,0.5453177875025303,-0.1566122332849271,0.2009674688927183,441.0
-73.94784,40.77889,0.0735503579143713,34.333333333333336,2.946153846153846,171.07692307692307,154.25744047619048,35.458333333333336,48.35384615384616,0.1384040002315147,0.0776244445409429,0.2073511009320533,0.0667933771294615,1289.092513368984,35976.85385362757,1927.4055944055945,34.241379310344826,71.59341100213794,71.59341100213794,145,0.1604634401463247,0.0485121361766471,0.5097868842781705,441.0
-73.973275,40.78934667,0.0622581487370209,98.84615384615384,2.946153846153846,171.07692307692307,111.0,98.375,48.35384615384616,0.1697186954887261,0.0411009451799324,0.2163169143229355,0.0787159077571996,1094.1127739176911,27611.36269547941,1910.104761904762,97.01886792452832,70.3804716981132,70.3804716981132,106,0.2113522625159474,-0.0008112265374895,0.3912490685391572,441.0
-73.95970667,40.79867333,0.072613940492789,67.8,2.946153846153846,171.07692307692307,47.30357142857143,66.77272727272727,48.35384615384616,0.3413480847496686,-0.0472194782493866,0.3983473882923487,0.0294444187742941,1020.8737942122186,16151.120185038197,1913.857142857143,69.53846153846153,66.0278367103077,66.0278367103077,65,0.4152880857047554,-0.0911227500717921,0.2288590678396228,441.0
-73.94704833,40.78009,0.0926061338178887,22.25,2.946153846153846,171.07692307692307,154.25744047619048,23.23076923076923,48.35384615384616,0.0978278541933347,0.0922547920768343,0.2326606823187096,0.0685527719790408,1260.6797963558413,35980.68918363306,1929.8879310344828,24.203389830508478,74.15439520584746,74.15439520584746,118,0.1779894878994816,0.0534349005941311,0.5098412303578805,441.0
-73.982415,40.76795333,0.0626497288694892,84.0,2.946153846153846,171.07692307692307,32.0,79.0,48.35384615384616,0.1764099242669176,-0.0090679775835822,0.1910879689380406,0.0619193485557176,1015.8121990369182,27480.86291050688,1954.2272727272727,78.82608695652173,199.50910471913045,199.50910471913045,23,0.1422526845326656,0.0453076982384957,0.3893999052120256,441.0
-73.97984667,40.78694667,0.090596733055677,55.1,2.946153846153846,171.07692307692307,69.25,54.5,48.35384615384616,0.1902540728243176,0.0195675886272192,0.226192463135297,0.0862111266962386,1034.834808259587,30761.985749903022,1902.5346534653463,57.277227722772274,84.49,84.49,101,0.2099681196718313,0.0094292454140004,0.4358929475457419,441.0
-73.98738167,40.78111,0.1229414781686576,0.0,2.946153846153846,171.07692307692307,61.42857142857143,62.0,48.35384615384616,0.2870504049651884,-0.0360719580694365,0.2006333071212872,0.0426035786398813,682.3764737406217,4529.444443799479,1925.636363636364,51.583333333333336,145.94083333333336,145.94083333333336,12,0.2633956582925928,-0.0973120586411159,0.0641815812998294,441.0
-73.97607667,40.789975,0.0770450304165325,79.86666666666666,2.946153846153846,171.07692307692307,84.0,78.94736842105263,48.35384615384616,0.1451649293999262,0.0351940143820917,0.1864744005290093,0.078747906686237,1046.667825621824,30415.52729670453,1914.5857142857144,79.08571428571429,102.565187834,102.565187834,70,0.1550779705280164,0.0317082930056938,0.430983680711652,441.0
-73.96195667,40.79138333,0.036892026882907,0.0,2.946153846153846,171.07692307692307,100.161657189277,0.0,48.35384615384616,0.769217624866942,-0.272015299670303,0.6124673453589189,0.0248921961453578,428.0074946466809,0.0,0.0,0.0,0.0,0.0,0,0.7236808587678019,-0.2367138416105874,0.0,441.0
-73.97963,40.78667,0.1250441220892035,56.66666666666666,2.946153846153846,171.07692307692307,3.037037037037037,55.12903225806452,48.35384615384616,0.1711633837534149,0.0394853244287603,0.2023305687530436,0.0898068695712558,1043.2039667649424,30333.236505656736,1903.6236559139784,56.29032258064516,87.86366553301076,87.86366553301076,93,0.175868334655482,0.0254319330839211,0.4298176319477986,441.0
-73.95438833,40.78251333,0.080529035484523,91.9090909090909,2.946153846153846,171.07692307692307,162.39409722222223,92.25,48.35384615384616,0.1705805376212488,0.0528013561568968,0.2237876069455518,0.0818200180859892,1127.96603369885,30705.902973081065,1910.2773109243697,92.5126050420168,77.47007465983194,77.47007465983194,119,0.172039477105869,0.0529760452246345,0.4350982626023132,441.0
-73.96295833,40.79177333,0.0566431220502292,0.0,2.946153846153846,171.07692307692307,100.161657189277,0.0,48.35384615384616,0.7496707512949239,-0.2585009227644196,0.6016869376602323,0.006041038614356,422.0264776678257,558.8142827364669,1927.3333333333333,96.33333333333331,138.77804066666667,138.77804066666667,3,0.7209564959444837,-0.2460536935784376,0.0079183186291263,441.0
-73.941705,40.790355,0.104083267058362,10.461538461538462,2.946153846153846,171.07692307692307,14.61223678982916,9.708333333333334,48.35384615384616,0.2205459840018899,-0.0178793537182515,0.2429622870495101,0.0660417618464419,1300.8423025435077,19623.373840011245,1926.6477272727277,9.444444444444445,67.032743473,67.032743473,90,0.2650726667123222,-0.039062229113762,0.2780604065497599,441.0
-73.98581667,40.78309667,0.0059890363498239,0.0,2.946153846153846,171.07692307692307,61.42857142857143,0.0,48.35384615384616,0.7134773759175188,-0.2779973275145945,0.3965507538630978,0.0100550359659723,508.8744310575636,2632.1508841683426,1903.875,62.27777777777778,64.50166666666667,64.50166666666667,18,0.5246567743957558,-0.2191623239572417,0.03729720235263,441.0
-73.96991,40.79022,0.0635825936336392,119.75,2.946153846153846,171.07692307692307,16.0,118.14285714285714,48.35384615384616,0.2289784328969119,0.032498803299112,0.2581864836895181,0.0724211249726152,1004.0969469737548,27100.446135884045,1930.5072463768115,116.28985507246377,82.93252032449276,82.93252032449276,69,0.2613073677639759,-0.0081586075320107,0.3840094538113189,441.0
-73.95996333,40.79833667,0.0856405888919866,74.8,2.946153846153846,171.07692307692307,47.30357142857143,72.15384615384616,48.35384615384616,0.3374834564967582,-0.0587149411891666,0.4024107525713436,0.0288922418633373,969.4329235702832,15940.85624006682,1913.619718309859,77.90277777777777,61.87872579347223,61.87872579347223,72,0.4277622981270011,-0.0987220633816389,0.2258796577493205,441.0
-73.98242,40.76804,0.0569800791970194,84.0,2.946153846153846,171.07692307692307,32.0,79.5,48.35384615384616,0.1785996880671461,-0.0091813203043723,0.1948098890201611,0.0599933268912551,1004.9381360471344,27593.138823962046,1954.2272727272727,78.82608695652173,199.50910471913045,199.50910471913045,23,0.1464253457501595,0.0441315952341671,0.39099083888151,441.0
-73.97728333,40.77158667,0.0754590072789259,83.0,2.946153846153846,171.07692307692307,57.3421052631579,83.0,48.35384615384616,0.6503201930721348,-0.2218947514485017,0.5668743330339495,0.0274429977902907,442.0814794961136,1217.3267758846985,1870.0,83.0,34.86,34.86,1,0.6837318398172755,-0.2349296853398964,0.0172493466702794,441.0
-73.94637333,40.77291833,0.097767635745964,43.66666666666666,2.946153846153846,171.07692307692307,85.28733766233766,45.523809523809526,48.35384615384616,0.1497594500568391,0.0713632278358026,0.2042725898143205,0.0730598648660616,1128.2774349342635,29949.9762348593,1923.021978021978,44.73626373626374,87.94285714285715,87.94285714285715,91,0.158239346939886,0.0436868370242041,0.4243868886124214,441.0
-73.96973667,40.79016,0.0788700986676292,119.6,2.946153846153846,171.07692307692307,16.0,119.4,48.35384615384616,0.2290360384707168,0.0256993993517995,0.2583404670078527,0.0715308698222878,998.9946452476572,27760.54356092675,1927.6714285714288,116.75714285714284,81.11688507299999,81.11688507299999,70,0.2611790495328373,-0.0074782900697871,0.3933629401106758,441.0
-73.95559167,40.796185,-0.0264423876833407,0.0,2.946153846153846,171.07692307692307,128.3,0.0,48.35384615384616,0.7710666669091412,-0.283619281779205,0.6600271466630039,-0.0498345724947064,531.7086677367577,0.0,0.0,0.0,0.0,0.0,0,0.7644773875573024,-0.2936409705132519,0.0,441.0
-73.96010333,40.75887667,0.0967468013488029,41.8,2.946153846153846,171.07692307692307,58.890625,43.11111111111112,48.35384615384616,0.1218726087458058,0.018640232442149,0.18627275742837,0.0877573119551324,946.483109919571,23562.30269761573,1930.6507936507935,45.07575757575758,117.4128205959091,117.4128205959091,66,0.1667498962926777,0.0169112660847637,0.3338744662756433,441.0
-73.97565,40.78978167,0.0933156279804927,81.0,2.946153846153846,171.07692307692307,84.0,80.8,48.35384615384616,0.184203981485286,0.032776089037192,0.1762019319701136,0.0773925406241528,1085.1390675241155,31132.302914247583,1919.6984126984128,83.38095238095238,107.09239240777778,107.09239240777778,63,0.1469423275341471,0.0285309742737269,0.4411402889099547,441.0
-73.95958667,40.79883167,0.0569348150069196,66.0,2.946153846153846,171.07692307692307,47.30357142857143,65.80952380952381,48.35384615384616,0.3573124367809367,-0.0522558096599307,0.3954629615559359,0.0294330195372712,1045.0765729585007,16403.200506200155,1915.3508771929824,66.72881355932203,69.34532770372881,69.34532770372881,59,0.4097038511604699,-0.0883093870827596,0.2324310100120863,441.0
-73.95093167,40.81433333,0.0637339224477427,98.66666666666669,2.946153846153846,171.07692307692307,354.4107142857143,96.375,48.35384615384616,0.3395440606848087,-0.0493242040609764,0.3792321310203226,0.073264166664013,978.7275160599572,17848.13352632706,1932.2413793103449,72.33333333333333,84.60921807166666,84.60921807166666,30,0.3965258207555888,-0.0703575444880598,0.2529055046782893,441.0
-73.98085833,40.76942167,0.0976693972101272,76.0,2.946153846153846,171.07692307692307,126.15656565656566,76.8,48.35384615384616,0.3934095699941022,-0.0634562918600246,0.3927010322456656,0.03705535476714,688.6307898259705,10609.08130199932,1965.7,77.16666666666667,271.77500000000003,271.77500000000003,12,0.4063895426776955,-0.0714456044611316,0.1503291678590507,441.0
-73.96359333,40.78273833,0.026930252975133,112.0,2.946153846153846,171.07692307692307,135.9451966473243,112.0,48.35384615384616,0.6494975488366929,-0.2223611268247852,0.3869319707737119,-0.0789046287640082,411.4155739898314,1925.649620361604,1871.0,112.0,23.33333333333333,23.33333333333333,3,0.4919681006631098,-0.1988702325123398,0.0272861802805448,441.0
-73.96236,40.78117,0.0453739734190088,0.0,2.946153846153846,171.07692307692307,151.6851400730816,94.5,48.35384615384616,0.6898011524471162,-0.2461437765100007,0.4439450961782738,-0.0091284606542753,642.1878009630818,13277.191068853232,1917.2,96.14285714285714,109.80571428571427,109.80571428571427,7,0.5250885588013804,-0.1672629340278984,0.1881359024471397,441.0
-73.98243167,40.76812833,0.0574836963039391,84.0,2.946153846153846,171.07692307692307,32.0,84.0,48.35384615384616,0.1761522234233349,-0.0077283932774146,0.198575217188127,0.0581214470672236,993.583444950442,27569.471143560317,1953.7083333333333,79.2,183.5279763416,183.5279763416,25,0.1492999788452196,0.0446745302193465,0.3906554712280313,441.0
-73.98065667,40.78737833,0.0742031558654897,52.875,2.946153846153846,171.07692307692307,69.25,55.5,48.35384615384616,0.2962868230533094,-0.0380417769921182,0.3412074538745585,0.056133097932838,907.4182499331014,22261.220771450247,1900.2038834951456,57.87378640776699,77.44495145631068,77.44495145631068,103,0.3762897893098843,-0.0804989311722906,0.3154383210800035,441.0
-73.96223833,40.79151333,0.0300287416820175,0.0,2.946153846153846,171.07692307692307,100.161657189277,0.0,48.35384615384616,0.7509316164060958,-0.2610326883503597,0.6156046127441502,0.023053601382618,412.62098501070665,0.0,0.0,0.0,0.0,0.0,0,0.733290957260283,-0.2458395969102931,0.0,441.0
-73.97228167,40.784905,0.072863156114347,88.78048780487805,2.946153846153846,171.07692307692307,111.0,89.01449275362319,48.35384615384616,0.1995966201799393,0.0392633786376867,0.2274360203993211,0.0687559619552473,1193.295046854083,34480.944296346206,1897.367021276596,91.5691489361702,67.78956513920213,67.78956513920213,188,0.1846352466616226,0.0428654015816355,0.4885900593560378,441.0
-73.984475,40.78302333,0.0362103177091173,70.07142857142857,2.946153846153846,171.07692307692307,107.22222222222224,71.22222222222223,48.35384615384616,0.4121576712949154,-0.1174068622957084,0.3984966932751543,0.0453543183184443,752.0901551631889,16536.646999481556,1899.408163265306,73.29591836734694,72.89357142857145,72.89357142857145,98,0.4684214671720135,-0.1378449157700717,0.2343219277757956,441.0
-73.97515667,40.78964,0.0651233887511924,85.875,2.946153846153846,171.07692307692307,84.0,86.41176470588235,48.35384615384616,0.170742401871668,0.0251203008583641,0.1796401391827304,0.0753380149157046,1093.4867469879518,29298.910853904694,1923.71186440678,85.91525423728814,107.20907359457628,107.20907359457628,59,0.1473296745387008,0.0316207566973438,0.4151613850881525,441.0
-73.96217833,40.78093667,0.0593231538559803,89.0,2.946153846153846,171.07692307692307,151.6851400730816,94.5,48.35384615384616,0.5880679880749466,-0.2087576695709284,0.4107778005238481,0.0138617117814534,726.367221030043,18059.834438295133,1922.0,93.15384615384616,112.92153846153847,112.92153846153847,13,0.4771373989084327,-0.1407708792988845,0.2559052763850638,441.0
-73.95764833,40.7896,0.0487701936873565,0.0,2.946153846153846,171.07692307692307,132.69166666666666,0.0,48.35384615384616,0.7177978013208847,-0.2706895976205219,0.5919830485464164,-0.0208788824282222,392.2947481243301,0.0,0.0,0.0,0.0,0.0,0,0.7149163086672086,-0.2528473311301118,0.0,441.0
-73.89286,40.84138833,0.1707789053687955,95.6,3.1,135.07692307692307,46.397260273972606,97.6923076923077,44.61538461538461,0.3651330876314627,-0.0311109593768435,0.3711545914137661,0.1062889140415217,911.0963597430408,10579.049757085131,1938.659574468085,101.16666666666669,41.54233678020408,41.54233678020408,49,0.3966566077389168,-0.063839680439942,0.1499036251539934,445.6923076923077
-73.95836333,40.78989667,0.0249958201160586,0.0,2.946153846153846,171.07692307692307,132.69166666666666,0.0,48.35384615384616,0.7855162271626207,-0.2998257907090857,0.6187067724159676,-0.0116024943963237,394.07213730222577,176.79842217178486,1932.0,92.0,19.0,19.0,1,0.7479012873411203,-0.2724053496579599,0.0025052084084674,441.0
-73.93310667,40.79522,0.1003555975678823,12.36842105263158,2.946153846153846,171.07692307692307,46.54398148148148,12.18918918918919,48.35384615384616,0.1506209644586491,0.0445189029517778,0.2006887747619313,0.0764292542357038,1421.2913322632423,30763.33460047557,1919.3719008264463,11.887096774193548,53.521602486612906,53.521602486612906,124,0.1672614521843718,0.0318749051707933,0.4359120605653815,441.0
-73.898815,40.80721667,0.0643705297761511,20.33333333333333,2.946153846153846,171.07692307692307,44.79861111111112,20.33333333333333,48.35384615384616,0.1615172218526634,0.1443187389957725,0.2798193851095263,0.0801877901808439,1308.9652034261242,31326.021479295123,1989.8,16.4,24.33,24.33,5,0.1343591559406863,0.1466462839307402,0.4438852533286758,441.0
-73.975995,40.78651667,0.0547536893570361,83.75,2.946153846153846,171.07692307692307,5.876404494382022,82.6923076923077,48.35384615384616,0.1192597484023361,0.0608222866065781,0.1888396333664177,0.0800858329792891,1275.6235609103078,31671.77067549427,1907.9285714285716,82.87610619469027,72.48495575221239,72.48495575221239,113,0.1332840236587197,0.0558725545862275,0.4487844700913523,441.0
-73.98061167,40.78789333,0.108379925983851,57.52941176470589,2.946153846153846,171.07692307692307,32.0,58.906976744186046,48.35384615384616,0.3272101082839826,-0.051779386404363,0.3540348088343469,0.0479178032723865,908.9338156484458,23258.89137891405,1899.3545454545451,59.554545454545455,73.50699999999999,73.50699999999999,110,0.3896807217379661,-0.0874036958991014,0.3295751711938443,441.0
-73.96706333,40.807085,0.0564914734645606,100.0,2.946153846153846,171.07692307692307,17.53684210526316,103.35714285714286,48.35384615384616,0.4246904483054444,-0.1074677845116721,0.4285291034508547,0.0244186260526951,726.8868075996788,16482.166665493874,1909.255319148936,110.7872340425532,84.69929740446807,84.69929740446807,47,0.4804149251944529,-0.1335233732590444,0.2335499492185997,441.0
-73.96702333,40.79345333,0.0610976675584144,93.5,2.946153846153846,171.07692307692307,79.5,93.75,48.35384615384616,0.2498429040291039,-0.0088957837320308,0.2643853680508322,0.0765452156043111,949.5143316367532,24741.882921764656,1943.78125,98.5625,116.5605684340625,116.5605684340625,32,0.2462335708051424,0.0127640137450931,0.3505889496949082,441.0
-73.98249667,40.77439333,0.1043636859141871,73.5,2.946153846153846,171.07692307692307,0.1111111111111111,74.9090909090909,48.35384615384616,0.1664959275065897,0.025747462883536,0.1985530514933766,0.0841728429973333,1328.013647310677,33423.27527116869,1954.8108108108108,74.47222222222223,171.61378378378382,171.61378378378382,37,0.1590648066086982,0.0388929324106014,0.473603040226292,441.0
-73.95459,40.79726333,-0.0016819587794726,0.0,2.946153846153846,171.07692307692307,128.3,0.0,48.35384615384616,0.6596373574676979,-0.243623188850131,0.5404535122208656,-0.0189654487112083,575.6091738197425,0.0,0.0,0.0,0.0,0.0,0,0.6465274067376725,-0.2441055682495397,0.0,441.0
-73.93384167,40.79543,0.0819452914711887,11.571428571428571,2.946153846153846,171.07692307692307,46.54398148148148,11.204545454545457,48.35384615384616,0.137148247486171,0.0462140586452216,0.2036347884961253,0.0701018018912655,1453.3673360107096,27845.746013158416,1915.509090909091,11.458333333333334,50.97371069375,50.97371069375,168,0.1656331427940577,0.0380942277288608,0.3945702466986794,441.0
-73.97887167,40.78633833,0.1252994160089864,60.16666666666666,2.946153846153846,171.07692307692307,3.037037037037037,60.44444444444444,48.35384615384616,0.1467930960345305,0.0590461690130259,0.198179147263837,0.0916581106877648,1025.4362613818962,30497.23837606075,1911.780821917808,60.68493150684932,97.81410958904108,97.81410958904108,73,0.1604773337689298,0.0382232678024317,0.4321415150440937,441.0
-73.98053,40.78922667,0.0576032906499844,69.55555555555556,2.946153846153846,171.07692307692307,32.0,67.11764705882354,48.35384615384616,0.3742047574024786,-0.0822470588913644,0.395223303451843,0.0316044521056766,797.2049290115189,18816.10778742679,1901.567901234568,64.72839506172839,81.31592592592592,81.31592592592592,81,0.4442464201933205,-0.1189349767317521,0.2666215618028486,441.0
-73.9723,40.79635667,0.0737495941922728,71.66666666666667,2.946153846153846,171.07692307692307,70.80547550432277,69.26923076923077,48.35384615384616,0.189112945410916,0.0326743192776423,0.207069172830168,0.0824961509884607,1145.313536650615,30616.24129536152,1911.7428571428568,68.3943661971831,101.35784857253522,101.35784857253522,71,0.161648303580584,0.0445067617047023,0.4338277694255559,441.0
-73.98471,40.785675,0.0686743991189533,24.0,2.946153846153846,171.07692307692307,80.58716075156576,24.0,48.35384615384616,0.3684013991949117,-0.1056944742686189,0.3187085327306959,0.0262265831938366,579.7645799892991,5913.72361569211,1928.0,24.0,4.333333333333333,4.333333333333333,3,0.3710344656980978,-0.1159523449007169,0.0837966195931259,441.0
-73.98227833,40.77546,0.0832248437845292,76.5,2.946153846153846,171.07692307692307,0.1111111111111111,76.83333333333333,48.35384615384616,0.2068445916162262,0.0150666195735617,0.2131579755131575,0.0749388567614215,1107.6855766657748,32057.43280883196,1916.9855072463768,77.54285714285714,104.7102710387143,104.7102710387143,70,0.1857743891690361,0.0257859284762049,0.4542492474761034,441.0
-73.94239,40.78637333,0.077225173532658,10.25,2.946153846153846,171.07692307692307,14.61223678982916,10.25,48.35384615384616,0.1918425912590991,0.0056005558217786,0.2258985896561908,0.0857980289692755,1187.5255279337075,24424.58844971805,1956.1,9.45,82.02896145150001,82.02896145150001,20,0.2442474147349138,-0.028913944685595,0.3460929323126498,441.0
-73.97824333,40.78618,0.060912355676994,67.0,2.946153846153846,171.07692307692307,3.037037037037037,67.52941176470588,48.35384615384616,0.1778362356611164,0.0381446485742341,0.1886904851425568,0.0915338594724472,1031.7605143316368,30413.31762173369,1908.8148148148148,69.51851851851852,88.96753086419753,88.96753086419753,81,0.1490074924456534,0.0401184576133189,0.4309523699333459,441.0
-73.97923667,40.78652667,0.1191351432055075,57.85714285714285,2.946153846153846,171.07692307692307,3.037037037037037,57.8,48.35384615384616,0.1366346969468815,0.066310492269959,0.1960992592387059,0.0917877375209295,1041.1265382557517,29734.45273959156,1909.9625,58.025,101.981625,101.981625,80,0.1617971413569093,0.0353202260139419,0.421332951445005,441.0
-73.977965,40.79070667,0.0606235889974347,76.775,2.946153846153846,171.07692307692307,61.0,75.97297297297297,48.35384615384616,0.2000355526298808,0.0152170818236216,0.2266751555199656,0.0687364615656988,1107.2387580299785,31052.332447812765,1901.0205479452052,75.44520547945206,78.41385647767123,78.41385647767123,146,0.2229828322154728,-0.0013901183476558,0.4400071188143262,441.0
-73.973785,40.78925667,0.0709782541376347,95.0,2.946153846153846,171.07692307692307,210.54166666666663,94.25,48.35384615384616,0.1675449985335172,0.0413360186719458,0.2019529355065976,0.0790279747234365,1127.759561380048,29479.641046262423,1910.7578947368424,95.83333333333331,74.44297231333333,74.44297231333333,96,0.1786605692534895,0.0220520935808919,0.4177223061188211,441.0
-73.95881833,40.79981333,0.0491151005069283,56.333333333333336,2.946153846153846,171.07692307692307,47.30357142857143,56.6,48.35384615384616,0.3893455465034927,-0.0864944030370065,0.3516548904490427,0.0506606183356975,1076.6274772362078,13465.643747619326,1920.2105263157891,58.21951219512195,88.0524595192683,88.0524595192683,41,0.3706549333928713,-0.0792742172995219,0.1908062500083214,441.0
-73.98191,40.76774,0.0281198184624819,80.66666666666667,2.946153846153846,171.07692307692307,124.83333333333331,79.4,48.35384615384616,0.1436963801539637,0.002324616188636,0.2135428388351001,0.0572182296408455,1002.548154093098,23798.48363528458,1954.2631578947369,77.9,346.1165,346.1165,20,0.1764291055108206,0.0230730551753868,0.3372211164529649,441.0
-73.98061833,40.78785167,0.1142789145159043,57.388888888888886,2.946153846153846,171.07692307692307,32.0,58.74418604651163,48.35384615384616,0.3236230274205371,-0.052879187944808,0.3534748225158572,0.0485634498530584,909.4415619149504,23115.410383714352,1899.3063063063064,59.48648648648648,73.40765765765765,73.40765765765765,111,0.3888334632149194,-0.0862444610942231,0.3275420659706434,441.0
-73.92448833,40.84360667,0.0826173931222916,136.42857142857142,3.1,135.07692307692307,78.66515837104072,134.1818181818182,44.61538461538461,0.2677727968856591,-0.0094709668670918,0.2650099328139107,0.0815977203786061,1064.9901043059642,14546.834050530088,1937.6129032258063,131.48387096774192,52.202287103870965,52.202287103870965,31,0.2660989195195215,-0.0179995890877739,0.206126562286805,445.6923076923077
-73.89894667,40.80784333,0.0705954659273015,20.0,2.946153846153846,171.07692307692307,44.79861111111112,20.0,48.35384615384616,0.1090464321756537,0.2132011713504065,0.268860695297757,0.0762566414123176,1369.2164478971338,34118.24390779454,1989.8,16.4,24.33,24.33,5,0.0995621035592094,0.1720800959544092,0.4834506466178275,441.0
-73.95300667,40.768135,0.0920942108249819,22.2,2.946153846153846,171.07692307692307,71.9337822671156,23.46875,48.35384615384616,0.146927168375024,0.0526068950624491,0.1914261026537945,0.0708340024207491,1350.9676037483266,36902.79518894448,1925.6306306306303,25.232142857142858,76.72533641571428,76.72533641571428,112,0.1338387235737373,0.0573631874600727,0.5229073408442126,441.0
-73.956465,40.79106833,0.0350986680462851,0.0,2.946153846153846,171.07692307692307,18.743614001892148,0.0,48.35384615384616,0.7877161619658342,-0.2567724160197702,0.6273918975948939,0.0522803623299736,408.0552130796033,0.0,0.0,0.0,0.0,0.0,0,0.7330380256742959,-0.2326902675168975,0.0,441.0
-73.94668333,40.78053667,0.0670096684484157,18.066666666666663,2.946153846153846,171.07692307692307,154.25744047619048,18.130434782608692,48.35384615384616,0.1961171985903193,0.0427006443214142,0.2379744268317144,0.0708742001750172,1203.631296891747,32236.983953930907,1930.6019417475727,20.64761904761905,73.17681517980951,73.17681517980951,105,0.2029289925544209,0.0307328206756195,0.4567934615763641,441.0
-73.955205,40.795475,-0.0504172034593641,0.0,2.946153846153846,171.07692307692307,128.3,0.0,48.35384615384616,0.8082024206841618,-0.3064545880243189,0.6394450928996737,-0.0286813059809159,517.6260380391107,0.0,0.0,0.0,0.0,0.0,0,0.7483365040919027,-0.2812822344725548,0.0,441.0
-73.97388833,40.79209333,0.0794833444404199,90.375,2.946153846153846,171.07692307692307,67.0,87.52631578947368,48.35384615384616,0.1683551128673145,0.0566609177940143,0.2299293980854178,0.0816105811010667,1027.853743315508,31551.501101067533,1910.5777777777776,88.14285714285714,82.52282052956042,82.52282052956042,91,0.1652383504433922,0.065413583266749,0.447080267386521,441.0
-73.95322833,40.78605333,0.1086360278485557,94.5,2.946153846153846,171.07692307692307,135.0,96.29411764705884,48.35384615384616,0.1535917726492635,0.0274754939101305,0.1971212984081677,0.0803563970152277,1215.4366800535474,27504.790776977625,1910.2888888888888,90.05376344086021,78.31377088795698,78.31377088795698,93,0.1746219070454767,0.0222569953213808,0.3897389596643194,441.0
-73.97746833,40.78691833,0.0481079588317628,71.71428571428571,2.946153846153846,171.07692307692307,3.037037037037037,71.8,48.35384615384616,0.1713670650796677,0.0051982078687048,0.1829992745905206,0.0843861285968254,1175.9520749665328,29730.901985376466,1908.949367088608,74.32911392405063,86.38430379746836,86.38430379746836,79,0.1488667908823075,0.0347921262544016,0.421282637764421,441.0
-73.93201,40.79670167,0.0758983475199659,13.0,2.946153846153846,171.07692307692307,46.54398148148148,12.953488372093023,48.35384615384616,0.2633032727402018,-0.02209902470703,0.2193602974587461,0.0679212044875545,1289.478865703585,25166.31634102237,1915.357142857143,11.76056338028169,48.0647677565493,48.0647677565493,142,0.225711529453936,-0.0119530884817692,0.3566031106680939,441.0
-73.982295,40.77552167,0.079283058631312,76.8,2.946153846153846,171.07692307692307,150.52090032154342,76.83333333333333,48.35384615384616,0.2062686915556404,0.0135963485854881,0.2111688748977593,0.0745126650996104,1098.7714132762312,32811.953764948026,1917.0882352941176,77.56521739130434,105.35186916971016,105.35186916971016,69,0.1842325196845283,0.0253529036081365,0.4649407017348936,441.0
-73.94437,40.77540667,0.0595770900449506,28.0,2.946153846153846,171.07692307692307,85.28733766233766,28.166666666666668,48.35384615384616,0.4220137010271965,-0.1052858354816338,0.3616807123740836,0.0501497346984692,876.2389499062416,15320.99367324632,1903.6760563380285,29.450704225352112,65.03468020929577,65.03468020929577,71,0.411329656828941,-0.0937899871455754,0.2170962936478544,441.0
-73.97374167,40.79201333,0.0721287218435976,92.14285714285714,2.946153846153846,171.07692307692307,67.0,89.73333333333333,48.35384615384616,0.1612288591978004,0.055764192861705,0.2345029733133619,0.0796386376836377,1047.4961136424552,30975.931167766837,1910.843373493976,89.17857142857143,81.01413493607143,81.01413493607143,84,0.1679418709063042,0.0671197129668969,0.4389245235803152,441.0
-73.94584167,40.78166,0.0945299741732093,10.666666666666666,2.946153846153846,171.07692307692307,154.25744047619048,11.6,48.35384615384616,0.2138264902362592,0.0153154508014298,0.234640894880564,0.075106686200829,1165.7657295850067,21169.689468076074,1934.4788732394368,12.816901408450704,83.12556564985915,83.12556564985915,71,0.2053416893167876,0.0236559735265116,0.2999714783007609,441.0
-73.97750833,40.78687833,0.0448154137607258,70.57142857142857,2.946153846153846,171.07692307692307,3.037037037037037,71.8,48.35384615384616,0.1714130302398324,0.0075748202543633,0.1824426725967203,0.0848315606305704,1167.7685928303906,29804.01661786477,1908.6666666666667,74.1923076923077,84.98474358974359,84.98474358974359,78,0.1485980577607894,0.0344949982902817,0.4223186616713115,441.0
-73.98251167,40.77422333,0.1089869722705376,73.5,2.946153846153846,171.07692307692307,0.1111111111111111,74.9090909090909,48.35384615384616,0.1406520168494723,0.0285902368159932,0.191937645559424,0.0858973912954249,1371.400053590568,34002.80619353234,1959.8064516129032,73.93333333333334,171.95548387096775,171.95548387096775,31,0.1508681780774583,0.0406270877000136,0.4818149106830149,441.0
-73.95585,40.80458667,0.0756759523837418,34.8,2.946153846153846,171.07692307692307,26.7945945945946,34.6,48.35384615384616,0.1801501774500651,0.0363269507979608,0.2255566755743571,0.0848827315267325,1255.9094319399785,28211.168971544183,1917.5384615384612,34.25694444444444,59.112373587291664,59.112373587291664,144,0.1763863523195861,0.049492486784549,0.3997482378635831,441.0
-73.89406167,40.84209167,0.1043444436768005,106.4,3.1,135.07692307692307,46.397260273972606,104.9090909090909,44.61538461538461,0.4475200628013491,-0.106664059682765,0.4003688457617746,0.0932534429101441,842.3831325301205,7718.3348745735075,1940.586206896552,101.8,53.31940426419355,53.31940426419355,31,0.4536008638206258,-0.1041399312290421,0.1093677035666641,445.6923076923077
-73.94356667,40.776545,0.1016220471530238,23.5,2.946153846153846,171.07692307692307,85.28733766233766,22.142857142857142,48.35384615384616,0.3986754897044663,-0.0766782429604618,0.3269094307331971,0.0444985760568299,892.311462238886,15295.754502665175,1907.490566037736,24.69811320754717,59.48081822792452,59.48081822792452,53,0.389388098949112,-0.099965476290673,0.2167386582031511,441.0
-73.97264167,40.79146333,0.0713217613998896,102.83333333333331,2.946153846153846,171.07692307692307,16.0,102.6086956521739,48.35384615384616,0.0959078073217285,0.1024223652695703,0.2107398376401176,0.0689758426974447,1182.4331994645247,27384.972260865317,1920.8030303030305,103.23880597014926,83.24162399149255,83.24162399149255,67,0.175408961566705,0.0332087070777655,0.3880411483931472,441.0
-73.980605,40.78903,0.0650336145769932,66.8,2.946153846153846,171.07692307692307,32.0,66.27272727272727,48.35384615384616,0.3701769566843911,-0.0745893685621558,0.3966117378884665,0.0312545759455824,800.4839314408141,18899.94694547519,1900.9146341463413,63.8780487804878,80.21134146341464,80.21134146341464,82,0.4452442007947398,-0.1190467025161688,0.2678095507065567,441.0
-73.95382833,40.78774167,0.0623855859055105,71.66666666666667,2.946153846153846,171.07692307692307,18.743614001892148,69.3913043478261,48.35384615384616,0.1211659831217895,0.0741831661176352,0.1804614970247697,0.0747387433958199,1139.2473839549236,32722.96304845808,1925.918918918919,72.54054054054055,106.1162585704054,106.1162585704054,74,0.1351577356256494,0.0455199929005799,0.4636797159834162,441.0
-73.96049833,40.75905833,0.1239870517039606,44.0,2.946153846153846,171.07692307692307,58.890625,46.0,48.35384615384616,0.1495220957060194,-0.0049221696789134,0.1876648629777765,0.0818282354215216,962.7824805786232,26582.575187968447,1929.0,46.03125,121.39156201968748,121.39156201968748,64,0.149851893646711,0.0366036385983381,0.3766712963924781,441.0
-73.94182667,40.79043,0.1037327689597524,10.636363636363637,2.946153846153846,171.07692307692307,14.61223678982916,9.708333333333334,48.35384615384616,0.2117567548083096,-0.0106398160274554,0.244836547500782,0.0661875211806776,1314.0623828647924,19733.96361856365,1926.6966292134832,9.483516483516484,65.18547848395605,65.18547848395605,91,0.2665014007081025,-0.0390931437833871,0.2796274479275464,441.0
-73.95644,40.78324167,0.0823267143287269,105.04761904761904,2.946153846153846,171.07692307692307,228.0,104.75757575757576,48.35384615384616,0.17169204505141,0.0594653297511219,0.2222462648329547,0.0814227631819903,986.7136351459952,31367.63515299656,1914.8,106.43333333333334,101.61973064644444,101.61973064644444,90,0.1793776184712685,0.0436236178588889,0.4444749131452198,441.0
-73.95949,40.75906667,0.1327674124076,25.666666666666668,2.946153846153846,171.07692307692307,0.2154696132596685,32.875,48.35384615384616,0.1036334618759273,0.0049588057861612,0.1566616381456066,0.0898717616666075,943.3783494105038,19460.54440634298,1934.837837837838,39.0,123.28249191170733,123.28249191170733,41,0.1383911493951777,0.0154713776030061,0.2757531367146998,441.0
-73.97020667,40.79417333,0.0628131521966135,88.125,2.946153846153846,171.07692307692307,17.333333333333332,86.52380952380952,48.35384615384616,0.1037615017640734,0.0800990838064101,0.2063983062384479,0.0811025181422834,1115.5698982324584,29000.87483035485,1922.558823529412,89.51428571428572,77.18913307857143,77.18913307857143,70,0.1495675106676208,0.0576007348532782,0.4109382571709129,441.0
-73.89813167,40.81011333,0.0829482237406456,30.0,3.1,135.07692307692307,44.79861111111112,30.0,44.61538461538461,0.0778697741639767,0.1411816590890279,0.2006777440495815,0.0966353278195073,1235.250601765178,16564.032703446566,1970.2,14.4,29.400513288000003,29.400513288000003,5,0.0688386237989931,0.1333178796891737,0.2347099792918173,445.6923076923077
-73.94727833,40.77857833,0.0809649673506159,31.73333333333333,2.946153846153846,171.07692307692307,154.25744047619048,31.166666666666668,48.35384615384616,0.1351486594690547,0.0741178933303216,0.2080076742674373,0.067715801811911,1264.34092126406,35796.35591338316,1927.8861788617887,32.64,77.57522623927998,77.57522623927998,125,0.1670556773604024,0.0406455814352067,0.5072292542268739,441.0
-73.97653167,40.78666,0.0749908079698174,80.52173913043478,2.946153846153846,171.07692307692307,5.876404494382022,79.87878787878788,48.35384615384616,0.1062999835273697,0.05531043577384,0.1815680718291085,0.0800594138890879,1247.892427080546,29173.06650910753,1908.32,81.08,75.6461,75.6461,100,0.1345005606424603,0.047218837246137,0.4133781886832585,441.0
-73.98390167,40.78367667,0.0715732859685694,67.8,2.946153846153846,171.07692307692307,80.58716075156576,68.20689655172414,48.35384615384616,0.4556509300953114,-0.1436931194621782,0.3755288612114691,0.0533048097363051,788.5936329588015,17260.991080116688,1898.686274509804,72.27450980392157,71.89127450980394,71.89127450980394,102,0.4470747632519741,-0.130956649887314,0.2445857800156256,441.0
-73.899475,40.80542167,0.0311691655184453,11.0,2.946153846153846,171.07692307692307,44.79861111111112,12.0,48.35384615384616,0.0585084550426895,0.0644310338717063,0.0883395174443186,0.016053838661145,856.8377944325482,15559.89075342972,1972.3333333333333,11.333333333333334,29.616666666666664,29.616666666666664,3,0.0337677802939004,0.0518577950545558,0.220481431177027,441.0
-73.95653167,40.79101833,0.0155385580547723,0.0,2.946153846153846,171.07692307692307,18.743614001892148,0.0,48.35384615384616,0.7894867846921793,-0.2580453664162966,0.6272641016093624,0.0517803729565918,408.59346545259774,0.0,0.0,0.0,0.0,0.0,0,0.733772398110372,-0.2342951339576985,0.0,441.0
-73.94396667,40.77597333,0.0850556692385531,25.33333333333333,2.946153846153846,171.07692307692307,85.28733766233766,28.33333333333333,48.35384615384616,0.3944467573573219,-0.0780618114651602,0.3624713159151919,0.0463395062008824,902.5892427080546,15897.908255875256,1903.5584415584412,27.48051948051948,57.99345547311689,57.99345547311689,77,0.4157789048252395,-0.0983365687402711,0.2252710909433402,441.0
-73.98472333,40.78499833,0.0069350380729939,35.0,2.946153846153846,171.07692307692307,80.58716075156576,35.0,48.35384615384616,0.607458939574677,-0.2223772610934574,0.3932125583368077,0.034455948204309,598.2947481243301,5913.72361569211,1928.0,24.0,4.333333333333333,4.333333333333333,3,0.4677245197298514,-0.1508747968258322,0.0837966195929828,441.0
-73.94893667,40.77330833,0.0801159014074315,43.642857142857146,2.946153846153846,171.07692307692307,294.7708333333333,42.47826086956522,48.35384615384616,0.1170259959393913,0.0861546887060403,0.2118260892881989,0.0675043977563928,1361.3133369041243,33954.71930709812,1919.60625,46.375,69.75209816175,69.75209816175,160,0.1379343326660785,0.0769549278322573,0.4811335263645275,441.0
-73.98470667,40.78573,0.0715279522741597,24.0,2.946153846153846,171.07692307692307,80.58716075156576,24.0,48.35384615384616,0.3609217813668218,-0.0997532212916568,0.308526411795503,0.0237514008332579,577.0278670953912,5913.72361569211,1928.0,24.0,4.333333333333333,4.333333333333333,3,0.3625523916789694,-0.1170862249845455,0.0837966195931542,441.0
-73.96068667,40.75916167,0.1270713556873572,44.0,2.946153846153846,171.07692307692307,58.890625,46.44444444444444,48.35384615384616,0.156178204911345,-0.0053590133630255,0.1865615085533128,0.0799020135828344,972.675234270415,26837.28651170855,1929.267857142857,47.54237288135593,127.68305032644064,127.68305032644064,59,0.1438969220866072,0.0416022928245032,0.3802805194960689,441.0
-73.951185,40.79774,0.0477675471201092,18.0,2.946153846153846,171.07692307692307,32.38764880952381,18.09090909090909,48.35384615384616,0.3959496171963589,-0.1070288318795816,0.2633999364460468,0.0376242741784876,1006.1652826145192,14186.173572236265,1928.04,19.24,67.97378582159999,67.97378582159999,25,0.3132849466185258,-0.0827969928317245,0.2010160547848764,441.0
-73.95443833,40.797615,-0.0023842880802265,0.0,2.946153846153846,171.07692307692307,128.3,0.0,48.35384615384616,0.728997667025882,-0.2778275454117182,0.5413368745712205,-0.012088075218274,541.9432851792402,0.0,0.0,0.0,0.0,0.0,0,0.6533656996149475,-0.2494156558680088,0.0,441.0
-73.97065667,40.76783,-0.0601167951630554,49.4,2.946153846153846,171.07692307692307,117.4,51.5,48.35384615384616,0.5102204342702035,-0.1503707577914052,0.405012092728164,0.030972038382621,728.5430942184154,21773.746316326786,1911.0892857142856,52.76119402985075,80.20374858104476,80.20374858104476,67,0.4619215475957888,-0.1197026085963152,0.3085308776255174,441.0
-73.95697833,40.783335,0.0539913553770518,105.66666666666669,2.946153846153846,171.07692307692307,228.0,106.91304347826087,48.35384615384616,0.138311801739877,0.0598065168743879,0.22142277900401,0.0798484659263331,974.271436227224,33522.913917906466,1917.5054945054944,107.10989010989012,99.6968548997802,99.6968548997802,91,0.1713813815680423,0.0497104675633347,0.4750149056301982,441.0
-73.95362833,40.78617833,0.0924972271956286,93.125,2.946153846153846,171.07692307692307,155.83333333333334,92.36363636363636,48.35384615384616,0.1255454459807678,0.0253978876208277,0.1915634387779955,0.0822789048597707,1195.6922046611303,28401.93558803379,1913.2592592592596,93.20238095238096,83.7487991477381,83.7487991477381,84,0.1638225110904107,0.0279746297435301,0.4024513735912727,441.0
-73.93213833,40.79653667,0.0740544954454657,13.153846153846152,2.946153846153846,171.07692307692307,46.54398148148148,12.9,48.35384615384616,0.2546349805448247,-0.0105199364377207,0.205470202939964,0.0685112076677606,1328.5859667916443,26789.433404660653,1915.6241610738252,11.85430463576159,48.536474909271526,48.536474909271526,151,0.2036039379625139,-0.0009792640286599,0.3796024477991279,441.0
-73.95492333,40.79676667,0.0012805811686614,0.0,2.946153846153846,171.07692307692307,128.3,0.0,48.35384615384616,0.5894140077196697,-0.214858554953943,0.5853520281993291,-0.0306912181780927,592.7101953438587,0.0,0.0,0.0,0.0,0.0,0,0.6927363850003176,-0.2614525557951493,0.0,441.0
-73.887255,40.82287167,0.0902343405862566,45.0,3.1,135.07692307692307,90.66666666666669,46.6,44.61538461538461,0.1910833783085604,0.0126875888555434,0.187633858630862,0.0948204013838873,1275.3673360107096,10724.193533933194,1931.425,47.42857142857143,32.98975968047619,32.98975968047619,42,0.1458583620121744,0.0404059337512957,0.1519602917564182,445.6923076923077
-73.95680833,40.79073667,-0.013280844943231,0.0,2.946153846153846,171.07692307692307,132.69166666666666,0.0,48.35384615384616,0.7863420650897046,-0.2629144192415792,0.6312828132236958,0.0413826758682162,408.1841541755888,0.0,0.0,0.0,0.0,0.0,0,0.7423443238143412,-0.2438414936961236,0.0,441.0
-73.92461167,40.84343167,0.0834426833761522,136.77777777777777,3.1,135.07692307692307,78.66515837104072,135.85714285714286,44.61538461538461,0.2647252508095958,-0.0006171708394254,0.2777457036098337,0.0797725510173167,1075.9834313201495,16945.617886870772,1935.0833333333333,131.5,52.22572123138889,52.22572123138889,36,0.2775000312080405,-0.0188608008725682,0.2401169868787722,445.6923076923077
-73.902365,40.80613167,0.0995114077023869,13.0,2.946153846153846,171.07692307692307,7.139136904761905,13.0,48.35384615384616,0.0311627316653995,0.0944013567646245,0.1288317270822635,0.1040597432850811,1154.1104868913858,16315.794848339818,1952.6,9.8,30.288,30.288,5,0.0329938690632397,0.0964062508148776,0.2311924843149672,441.0
-73.89948167,40.81362667,0.1089356112217508,31.625,3.1,135.07692307692307,44.79861111111112,31.61111111111111,44.61538461538461,0.1062505662930416,0.0672738515227093,0.1596170188259973,0.0976154404484075,1346.895905806797,24794.440425482186,1943.566037735849,36.63636363636363,41.75880885618184,41.75880885618184,55,0.0923037564772701,0.0675308278151644,0.3513336820213923,445.6923076923077
-73.9465,40.78071167,0.0776800367037144,17.22222222222222,2.946153846153846,171.07692307692307,154.25744047619048,17.238095238095237,48.35384615384616,0.2207902747085471,0.0345749774819714,0.2433993628842858,0.0705714908611674,1178.317354043921,31299.64293105182,1930.64,19.647058823529413,74.77937740382353,74.77937740382353,102,0.2108549497403425,0.0277824729255405,0.4435114730646767,441.0
-73.947145,40.805955,0.0737003015133713,23.48,2.946153846153846,171.07692307692307,76.0,23.5,48.35384615384616,0.1568712067486458,0.0364930824987386,0.2165618250734957,0.0755300886450784,1364.213215623328,28681.34424609677,1893.2323232323236,24.02,54.3644413968,54.3644413968,200,0.1903167762987336,0.0264635806928823,0.4064105543978674,441.0
-73.95983667,40.80953,0.1125279684365312,110.0,2.946153846153846,171.07692307692307,95.70833333333331,109.33333333333331,48.35384615384616,0.0875406861330333,0.0534702592856047,0.1588884881686694,0.0840485520249623,1145.033449290875,32120.957090203065,1917.088888888889,110.17391304347828,108.84968479586956,108.84968479586956,46,0.0958386045595066,0.0641206700384603,0.4551493774768114,441.0
-73.95479667,40.79690667,-0.0068818396988888,0.0,2.946153846153846,171.07692307692307,128.3,0.0,48.35384615384616,0.5950874350440275,-0.2153660645874566,0.5663158841075329,-0.0259494675227757,595.6324946466809,0.0,0.0,0.0,0.0,0.0,0,0.6730615511730388,-0.2542159285061188,0.0,441.0
-73.945695,40.78186167,0.0945391109692655,10.666666666666666,2.946153846153846,171.07692307692307,154.25744047619048,10.0,48.35384615384616,0.191381502811625,0.0306315679084061,0.2148197224726373,0.0777123383889141,1179.046355841372,21021.26423120528,1934.532258064516,11.761904761904765,79.60884256460318,79.60884256460318,63,0.1866894383406548,0.0240147102855097,0.2978683138785334,441.0
-73.971625,40.791,0.0552884482635087,109.84615384615384,2.946153846153846,171.07692307692307,16.0,110.23333333333332,48.35384615384616,0.2078777704584813,-0.0069215129759448,0.2235182415784693,0.0656800103032017,1206.040941932031,29131.362041942157,1923.712643678161,109.54022988505749,72.48080059632184,72.48080059632184,87,0.2175097137298849,0.0006171056849704,0.4127872423353086,441.0
-73.97831833,40.7908,0.0649327877611669,76.52380952380952,2.946153846153846,171.07692307692307,61.0,76.28571428571429,48.35384615384616,0.1899983710844284,0.0177243870645861,0.2688373337598818,0.0614668871706296,1065.8635754489412,28573.94676621728,1900.303703703704,75.25735294117646,74.30211889485294,74.30211889485294,136,0.2804136076383669,-0.0324594584406901,0.4048887474357907,441.0
-73.97892167,40.79080333,0.084282400274489,75.63636363636364,2.946153846153846,171.07692307692307,32.0,75.8125,48.35384615384616,0.2125277296490487,0.0064573858769339,0.3413628023068519,0.0473142261627663,965.9898096004292,23373.307877948588,1899.75,75.02564102564102,73.31457900008546,73.31457900008546,117,0.3751628517154723,-0.0807694261761223,0.331196436654928,441.0
-73.88750833,40.8226,0.0932644981283074,45.0,3.1,135.07692307692307,90.66666666666669,48.0,44.61538461538461,0.2085447441860574,-0.0045957716443003,0.1748109706431538,0.0942831371553151,1313.1694779116465,13315.778819958314,1931.111111111111,46.91891891891892,34.70378125891892,34.70378125891892,37,0.1286767899170103,0.0452641115758941,0.1886826853728214,445.6923076923077
-73.983185,40.78434667,0.0177830210882932,52.833333333333336,2.946153846153846,171.07692307692307,80.58716075156576,58.61538461538461,48.35384615384616,0.4122751712824169,-0.1148968801702065,0.3498032351354685,0.0598881002879686,846.2677376171353,16909.588105136045,1899.345238095238,67.03571428571429,72.64577477380952,72.64577477380952,84,0.4136072190840963,-0.1151354964787536,0.2396064500140854,441.0
-73.97217667,40.7966,0.0872080255809719,75.66666666666667,2.946153846153846,171.07692307692307,28.00558659217877,73.10714285714286,48.35384615384616,0.1868209094845899,0.0312444474203139,0.2116947180080822,0.0823287449238674,1161.8127511384946,31103.192513772432,1910.763888888889,70.38356164383562,101.81133217328768,101.81133217328768,73,0.1636961981559258,0.046966368616044,0.4407277986905244,441.0
-73.94266,40.78591667,0.0994483671419195,9.666666666666666,2.946153846153846,171.07692307692307,14.61223678982916,9.0,48.35384615384616,0.1726655915635077,0.0194391066811156,0.1990674977607931,0.0822333001379554,1288.7758435993574,22295.444005233298,1958.6315789473683,9.263157894736842,93.58025524684211,93.58025524684211,19,0.204161702554843,-0.0123039077621434,0.3159232594174304,441.0
-73.94932167,40.77342667,0.066535032780353,43.5,2.946153846153846,171.07692307692307,294.7708333333333,45.3448275862069,48.35384615384616,0.1202875343933131,0.0869834703889943,0.2158391120851939,0.0685955938829378,1363.4725127379995,33816.208343808554,1921.145569620253,46.33544303797469,67.80769434101266,67.80769434101266,158,0.14724971807537,0.0711329761804957,0.4791708457846675,441.0
-73.98251167,40.77396333,0.1055041733329437,73.5,2.946153846153846,171.07692307692307,0.1111111111111111,74.33333333333333,48.35384615384616,0.1226472719967725,0.0331286692698964,0.1819401050246891,0.0889101330450676,1433.701768488746,34170.66458942261,1963.2758620689656,74.10714285714286,181.57379310344828,181.57379310344828,29,0.1414276157280582,0.0400994846718193,0.4841934401951254,441.0
-73.94351667,40.77660833,0.0993178179680073,19.666666666666668,2.946153846153846,171.07692307692307,85.28733766233766,22.142857142857142,48.35384615384616,0.406544816471892,-0.0815873454291752,0.3198808312818778,0.0438929352624074,886.1392608462775,14792.456018644463,1907.9,24.06,60.089164183,60.089164183,50,0.3807606581007994,-0.0972198754725828,0.2096069905181859,441.0
-73.95702833,40.79038833,0.0076178923718661,0.0,2.946153846153846,171.07692307692307,132.69166666666666,0.0,48.35384615384616,0.7752384751406918,-0.2652009123136696,0.6345424187299394,0.0265769157001403,401.1593582887701,0.0,0.0,0.0,0.0,0.0,0,0.7534127687434684,-0.2573432557772073,0.0,441.0
-73.96737333,40.806175,0.0150331953841045,106.6,2.946153846153846,171.07692307692307,17.53684210526316,110.55555555555556,48.35384615384616,0.4302798929676498,-0.1152360140281288,0.4055183329461019,0.0393663351783475,763.5585320117867,18122.785936227698,1908.1162790697676,112.16279069767442,83.77723953790696,83.77723953790696,43,0.4521920823038895,-0.1193864179414271,0.2567972901259476,441.0
-73.95818167,40.78188,0.0854543277147989,109.625,2.946153846153846,171.07692307692307,228.0,107.29411764705884,48.35384615384616,0.1654156235982861,0.0379511885135881,0.1977545560392917,0.0861697579946221,955.2972103004292,32163.33171264533,1934.3620689655168,103.51724137931036,144.821869745,144.821869745,58,0.156099351173322,0.0421297410324488,0.4557498198289493,441.0
-73.94980333,40.816245,0.0920852427973001,114.0,2.946153846153846,171.07692307692307,133.2,114.0,48.35384615384616,0.6021447503088827,-0.1795205875165186,0.5028017424142642,0.0758425176411422,675.0259635974304,11430.63910640054,1925.3636363636365,70.33333333333333,71.13493317583332,71.13493317583332,12,0.5860064990823628,-0.1740518602413303,0.1619705246900276,441.0
-73.91806833,40.83678667,0.0745121054577838,72.5,3.1,135.07692307692307,57.41028708133971,68.04545454545455,44.61538461538461,0.0857541566407501,0.0991308300815458,0.1890265794178809,0.0867491242532261,1589.1836680053548,29933.62661664317,1933.6538461538464,70.94736842105263,53.86254660245614,53.86254660245614,57,0.0910070510563781,0.1005742188478838,0.4241552168547369,445.6923076923077
-73.95192833,40.77375833,0.0846516351175628,45.888888888888886,2.946153846153846,171.07692307692307,294.7708333333333,46.55,48.35384615384616,0.1235960329699073,0.0835679020034109,0.2164789198304476,0.0798774124594231,1228.878779769869,33554.61918010832,1925.992424242424,47.31060606060606,68.84532501568182,68.84532501568182,132,0.1604471972083767,0.0576760339956136,0.4754641646698408,441.0
-73.95868167,40.79000333,0.0036247684735047,0.0,2.946153846153846,171.07692307692307,132.69166666666666,0.0,48.35384615384616,0.787271373372132,-0.302921749806629,0.6179779657838673,0.0005287341942303,398.0305384409322,551.7854391060789,1932.0,92.0,19.0,19.0,1,0.7469277843470743,-0.2732254116862243,0.0078187209180808,441.0
-73.96004167,40.773365,0.1064891020204673,56.15384615384615,2.946153846153846,171.07692307692307,106.0,56.11111111111112,48.35384615384616,0.0971529932171457,0.1008442889664952,0.2076060801664639,0.0968478591322592,992.01873160289,37437.77197775844,1914.8521739130435,55.92372881355932,84.67451861144069,84.67451861144069,118,0.1364437691402236,0.0727964039828054,0.530487885586931,441.0
-73.89871333,40.806685,0.0747003890605232,15.5,2.946153846153846,171.07692307692307,44.79861111111112,15.5,48.35384615384616,0.2186557192189091,0.0734591249710462,0.2706547641399618,0.0755722637354033,1189.2534759358289,23856.87819812367,1986.6666666666667,15.833333333333334,25.336666666666662,25.336666666666662,6,0.1583563221677384,0.1112762835455714,0.3380485590741157,441.0
-73.92465667,40.843095,0.0692919716741584,138.5,3.1,135.07692307692307,78.66515837104072,137.6153846153846,44.61538461538461,0.2463508326343583,0.0251028684233532,0.2903237364717599,0.0763139515197957,1112.9186295503212,21608.150651713604,1930.914893617021,129.59574468085106,50.43943668382979,50.43943668382979,47,0.2807547666330879,-0.0105183311967196,0.3061844106926453,445.6923076923077
-73.98121,40.76888333,0.0777509031470815,73.33333333333333,2.946153846153846,171.07692307692307,126.15656565656566,74.5,48.35384615384616,0.3241599013430538,-0.0539528690389543,0.3531962547049819,0.0436943630182076,737.1815987124463,10952.128843728306,1967.111111111111,77.27272727272727,283.60818181818183,283.60818181818183,11,0.3658039354723727,-0.0612903558108109,0.1551901025636308,441.0
-73.954495,40.78656667,0.0629810601036997,91.53846153846152,2.946153846153846,171.07692307692307,155.83333333333334,92.6896551724138,48.35384615384616,0.1459862917191893,0.0268376845116485,0.1914431192078367,0.0845475869951539,1128.3669700214132,31673.258604113547,1911.828282828283,90.92156862745098,86.16310352558824,86.16310352558824,102,0.1637861228115644,0.0281037273616918,0.4488055538272716,441.0
-73.95993833,40.77355667,0.1111778508678261,56.5625,2.946153846153846,171.07692307692307,106.0,56.66666666666666,48.35384615384616,0.0830394766235527,0.0983114963783476,0.210738589073914,0.0965598655963709,993.5076387027608,37593.26370944518,1916.486956521739,56.66101694915254,85.1472086759322,85.1472086759322,118,0.1492699421025904,0.0623819623092746,0.5326911812313747,441.0
-73.97859167,40.790915,0.0801769759387031,76.94285714285714,2.946153846153846,171.07692307692307,32.0,76.35087719298245,48.35384615384616,0.1928099201883776,0.0085502807422464,0.3178886335331722,0.0514346249819952,1015.1319240032112,26530.38144110316,1900.112,75.16666666666667,73.02196960079364,73.02196960079364,126,0.3426088245457271,-0.0637132026647696,0.3759317184492777,441.0
-73.95254167,40.76849333,0.0803200259031319,21.5,2.946153846153846,171.07692307692307,71.9337822671156,22.5,48.35384615384616,0.1033106951375341,0.0481977006408636,0.1737321568383751,0.0723017808588374,1394.968147751606,37563.64374313156,1926.571428571429,24.043478260869566,73.46015372660871,73.46015372660871,115,0.1199466583429458,0.0541187850475004,0.5322714705369097,441.0
-73.97175333,40.79723333,0.0939654183917371,88.0,2.946153846153846,171.07692307692307,28.00558659217877,85.125,48.35384615384616,0.1357666065518775,0.0531556551377937,0.1978964567762872,0.0859831247138902,1171.3300294669166,31814.47913435231,1906.8080808080808,83.60606060606061,86.68141844858584,86.68141844858584,99,0.1516983406506689,0.0473280332096114,0.450806628585686,441.0
-73.96372167,40.79215333,-0.0288319362848983,0.0,2.946153846153846,171.07692307692307,100.161657189277,96.33333333333331,48.35384615384616,0.6538800858170634,-0.2126009945906379,0.5014904089887736,0.0261584835961962,516.838735601393,6235.555130218609,1937.5,98.0909090909091,141.6040110909091,141.6040110909091,11,0.5932211117393137,-0.1837871401879381,0.0883569262202118,441.0
-73.95286,40.78659167,0.1004543582089791,86.83333333333333,2.946153846153846,171.07692307692307,135.0,83.0625,48.35384615384616,0.14474960725749,0.042147163854823,0.1804378764489196,0.0809281466822346,1224.9729585006694,28387.249030544423,1918.404255319149,80.21052631578948,78.69776534936841,78.69776534936841,95,0.1374718131864193,0.0435170890305122,0.4022432671683649,441.0
-73.961075,40.75933833,0.0730393457141382,46.0,2.946153846153846,171.07692307692307,58.890625,48.66666666666666,48.35384615384616,0.1489073244500547,0.0148505987131488,0.1837750509473816,0.0767252465714078,1009.3436830835118,27502.42092199219,1926.3181818181815,49.25,114.29409741029411,114.29409741029411,68,0.13216684044506,0.0509079787245819,0.3897053791581071,441.0
-73.97226167,40.79645333,0.0724373109518081,74.0,2.946153846153846,171.07692307692307,70.80547550432277,71.76,48.35384615384616,0.1888660033881616,0.0294012159409092,0.2097932707073419,0.081612140143422,1152.5228915662651,31162.800850083004,1911.7083333333333,68.94520547945206,101.17831847465752,101.17831847465752,73,0.1632614599017784,0.0454299099541134,0.4415724403083829,441.0
-73.96766833,40.80002167,0.0791650329340092,103.4,2.946153846153846,171.07692307692307,42.22911963882618,102.85714285714286,48.35384615384616,0.1245760982095701,0.0595496290564951,0.1953015507630049,0.0849296412043179,1245.1225582017662,28832.17978894538,1922.0333333333333,103.78260869565216,74.25010772478262,74.25010772478262,92,0.1389171285221704,0.0564356405795795,0.408547872511814,441.0
-73.949095,40.79414667,0.0677944679598563,12.5,2.946153846153846,171.07692307692307,32.38764880952381,12.4,48.35384615384616,0.215340832102991,0.0148735394068649,0.2604328607450457,0.0758344476506857,1079.247392350896,24842.83184325409,1940.074074074074,13.962962962962964,104.88407407407406,104.88407407407406,27,0.2492510487801526,0.0018781307591106,0.3520193815043358,441.0
-73.96059167,40.797535,0.0782995897392217,88.25,2.946153846153846,171.07692307692307,47.30357142857143,90.33333333333331,48.35384615384616,0.3899819897390778,-0.0884449653311658,0.4127768383391824,0.026788349700908,897.2406316916488,15650.991492487408,1918.4024390243903,90.89024390243902,55.00670731707317,55.00670731707317,82,0.4521928060466496,-0.1196422166593804,0.221772315647707,441.0
-73.93322,40.795155,0.1090119081279012,12.25,2.946153846153846,171.07692307692307,46.54398148148148,12.1,48.35384615384616,0.1531710899492546,0.0438773498663402,0.2073268141983605,0.0763821265389356,1413.3234270414994,30096.652767652475,1918.8225806451608,11.9140625,53.26465895359375,53.26465895359375,128,0.1736835769269202,0.0319449762696653,0.4264652741474137,441.0
-73.94806167,40.78681,0.0640199862764969,29.33333333333333,2.946153846153846,171.07692307692307,172.34027777777777,29.5,48.35384615384616,0.3631279607996111,-0.0605225669995223,0.3268299836586528,0.0692924879681575,847.4189659791052,18055.33278341479,1932.4444444444443,36.48484848484848,77.42008776924243,77.42008776924243,66,0.3444494313907736,-0.0413957789492069,0.255841488577888,441.0
-73.899135,40.81350667,0.097999097099388,29.857142857142858,3.1,135.07692307692307,44.79861111111112,31.11764705882353,44.61538461538461,0.0773987281528722,0.0902370762283662,0.1501230053854858,0.0976489394955899,1277.757689221717,21634.557563721195,1943.642857142857,34.81818181818182,39.28609843590909,39.28609843590909,44,0.0788945709620689,0.0713591652906442,0.3065585928669266,445.6923076923077
-73.90962667,40.84315667,0.0773816626761127,65.42857142857143,3.1,135.07692307692307,37.09031556039173,66.45454545454545,44.61538461538461,0.2565153344453317,-0.009370112036825,0.2941700467162366,0.0816175304937719,1052.4746125066808,19138.02072886621,1925.6666666666667,67.64516129032258,47.79040583661291,47.79040583661291,62,0.2875366683443718,-0.01890551220983,0.2711830222377619,445.6923076923077
-73.95757833,40.76121,0.0854446052395769,21.0,2.946153846153846,171.07692307692307,665.2426805465192,23.1,48.35384615384616,0.1554305494259522,0.0622863813514893,0.1937410135668865,0.0921065142920272,906.4040214477212,27304.74368407719,1942.8333333333333,26.09375,119.74202298468752,119.74202298468752,32,0.1839727138265527,0.0048541176499964,0.3869043209100838,441.0
-73.91770833,40.83735333,0.0686687306858051,61.75,3.1,135.07692307692307,57.41028708133971,61.52173913043478,44.61538461538461,0.0780712644323039,0.0960387156990726,0.1901080990972999,0.0773762011780959,1674.9510040160642,29891.982361606213,1936.4666666666667,70.25,54.6688305678125,54.6688305678125,64,0.0915150297114536,0.1016950372843419,0.423565123705146,445.6923076923077
-73.98724667,40.77075833,0.0945232260016677,76.66666666666667,2.946153846153846,171.07692307692307,134.4179775280899,76.83333333333333,48.35384615384616,0.1356560648064888,0.0698122457291382,0.2130070380125844,0.077871850039696,1079.2695815450645,30740.006230799525,1957.1666666666667,71.45833333333333,173.10924429958334,173.10924429958334,24,0.1612684320604751,0.051072162250474,0.4355815008964688,441.0
-73.87953667,40.80615167,0.0988452431004807,16.0,3.1,135.07692307692307,26.96312684365781,16.0,44.61538461538461,0.1729962822648008,0.029720111140671,0.2236639897333837,0.0994112599094911,1062.3587131367292,2408.9006208013016,1994.5,15.22222222222222,16.123333333333335,16.123333333333335,9,0.2043126207784565,0.0134661499606636,0.0341337779843831,445.6923076923077
-73.97206,40.765805,-0.0974458891963204,51.66666666666666,2.946153846153846,171.07692307692307,208.9472049689441,51.6,48.35384615384616,0.5785924551756754,-0.1863671399365808,0.4046574751664358,0.0313706778820203,737.056821227553,17572.6136935144,1904.575,50.54761904761905,108.02092688928572,108.02092688928572,42,0.4704033360812719,-0.1314889586709948,0.2490014279706922,441.0
-73.9024,40.83370667,0.097991885365227,76.66666666666667,3.1,135.07692307692307,57.4375,76.06666666666666,44.61538461538461,0.3268470475682011,-0.0836213684147914,0.2704009652515765,0.0810649203847383,1238.3049759229534,24218.82742584424,1952.0701754385964,79.19298245614036,40.620538447719305,40.620538447719305,57,0.2695205957947661,-0.0205063897360392,0.3431773279708422,445.6923076923077
-73.95461833,40.79562833,-0.0086317446479332,0.0,2.946153846153846,171.07692307692307,128.3,0.0,48.35384615384616,0.6925637228392306,-0.2420374806935907,0.5978861658488169,-0.0016154690801793,601.8539325842696,0.0,0.0,0.0,0.0,0.0,0,0.7075271766448358,-0.2550459015214669,0.0,441.0
-73.90329667,40.811215,0.0696191639614464,30.571428571428573,3.1,135.07692307692307,51.140625,31.94117647058824,44.61538461538461,0.0730861841775871,0.0897039842542199,0.1705738127409345,0.0764070736757377,1620.4366800535474,26057.57572931122,1940.9642857142856,32.21818181818182,34.40889527910714,34.40889527910714,56,0.0537712474573191,0.1183567336488463,0.3692321289942473,445.6923076923077
-73.93413833,40.79555833,0.0847557542533695,11.08695652173913,2.946153846153846,171.07692307692307,46.54398148148148,10.9375,48.35384615384616,0.1627452557575502,0.0441967604603908,0.1945924107326069,0.0697439196139542,1452.614251272435,25722.37858777469,1914.774011299435,11.206703910614523,50.84177794804469,50.84177794804469,179,0.1569239132525181,0.0378616500206688,0.364482433340457,441.0
-73.90040833,40.81547667,0.0863988351942756,50.21428571428572,3.1,135.07692307692307,44.79861111111112,50.64102564102564,44.61538461538461,0.2163611803658598,-0.0020652991142117,0.201056853658102,0.0904079533352827,1375.699732620321,22484.769180271287,1909.9888888888888,49.9010989010989,42.04424824582418,42.04424824582418,91,0.1995970133727294,-0.0027395873440142,0.3186059701266818,445.6923076923077
-73.95488,40.80417,0.0781934166560382,36.294117647058826,2.946153846153846,171.07692307692307,90.66666666666669,35.833333333333336,48.35384615384616,0.1717031923234361,0.0510318148171106,0.2227117247856527,0.0848455761525588,1207.6385767790262,31062.684550537862,1924.68992248062,34.3984375,64.83664554284616,64.83664554284616,130,0.1803715425366411,0.0417388024911277,0.4401538066330905,441.0
-73.92372,40.84413333,0.0936128925103808,138.33333333333334,3.1,135.07692307692307,78.66515837104072,136.5,44.61538461538461,0.1923221287006724,-0.0019932028250404,0.2415094669926011,0.0896616805484106,1015.8502673796792,9220.882456275593,1939.1818181818185,129.9090909090909,46.67059331,46.67059331,22,0.2550301969994794,-0.0256997851115635,0.1306585883469378,445.6923076923077
-73.895605,40.80892667,0.1167619702634875,13.0,3.1,135.07692307692307,44.79861111111112,12.571428571428571,44.61538461538461,0.0666797025031275,0.0299481109819649,0.1306482691393719,0.1046244753071049,1527.9138576779026,20023.942179408765,1972.571428571429,12.7,30.193801467000004,30.193801467000004,10,0.0732083084875185,0.0576409228923193,0.2837364027479349,445.6923076923077
-73.95195833,40.7693,0.0832376627880151,24.8125,2.946153846153846,171.07692307692307,121.59508408796896,25.294117647058822,48.35384615384616,0.1096102441529316,0.0590015999828407,0.1714180085521372,0.0813977331638672,1344.826191751473,35325.31381882615,1933.6304347826087,25.042105263157893,74.68608082694736,74.68608082694736,95,0.1257626839899623,0.0470320066322233,0.5005546549773633,441.0
-73.92564667,40.84142667,0.0594750542900292,142.72727272727272,3.1,135.07692307692307,46.38151260504202,141.4,44.61538461538461,0.13112721726218,0.0832457965557169,0.3070525660517479,0.0730513389569585,1125.4600964113552,23591.198280606022,1939.430555555556,127.04054054054056,40.519614003783786,40.519614003783786,74,0.2956648494164412,-0.0182251759726666,0.3342839125625513,445.6923076923077
-73.942635,40.79075333,0.107754880050427,10.133333333333333,2.946153846153846,171.07692307692307,14.61223678982916,9.966666666666669,48.35384615384616,0.1412651389363502,0.00919154093441,0.2318644146442229,0.0702644665684128,1373.839978592454,22167.11379884374,1932.493670886076,9.725,66.31557659425,66.31557659425,80,0.2457301097526714,-0.0318417790121085,0.3141048387092315,441.0
-73.92131667,40.83194167,0.0655827797229807,56.1764705882353,3.1,135.07692307692307,68.48275862068965,59.869565217391305,44.61538461538461,0.1395595326635118,0.0880987482558912,0.2304901290878513,0.0774435317679564,1309.1731335295692,23601.343298773416,1936.8444444444444,57.73913043478261,54.14531935565217,54.14531935565217,46,0.1906451007535319,0.0334443445805063,0.3344276660221704,445.6923076923077
-73.98715333,40.77091833,0.0850895248256782,76.66666666666667,2.946153846153846,171.07692307692307,134.4179775280899,77.0,48.35384615384616,0.1461048007340068,0.0653902365732079,0.2129226961955757,0.0776147608974982,1077.7290045613097,29643.490341250537,1972.0,73.14285714285714,239.01871725142857,239.01871725142857,21,0.1677506791102152,0.0436195216132621,0.4200440272429566,441.0
-73.89874,40.81051333,0.0560161863752657,30.0,3.1,135.07692307692307,44.79861111111112,30.0,44.61538461538461,0.0938711396840065,0.1098345609162946,0.1859326255101946,0.1086767277487628,1135.4797966283115,10526.092204543136,1972.5,15.0,28.50314161,28.50314161,4,0.0573582866275499,0.1299358575075967,0.1491532241928244,445.6923076923077
-73.897585,40.81975,0.1005087688625052,32.5,3.1,135.07692307692307,70.15811965811966,46.25,44.61538461538461,0.3937482249333682,-0.0851122850077225,0.3271797051591468,0.094414445978456,1029.0428380187416,13549.241754245795,1939.1666666666667,34.333333333333336,53.93875,53.93875,24,0.3416643739259437,-0.0417035043184558,0.1919908218306382,445.6923076923077
-73.90627,40.843665,0.0865508415376516,82.3,3.1,135.07692307692307,37.09031556039173,83.125,44.61538461538461,0.136209353551337,0.0744354784294849,0.2461714365676925,0.0851472938756723,1248.0781584582442,19939.04930291021,1942.3431372549016,81.1574074074074,37.081243119259256,37.081243119259256,108,0.2044186429873429,0.0330711383420023,0.2825334828045737,445.6923076923077
-73.970495,40.767875,-0.0322715579079533,51.4,2.946153846153846,171.07692307692307,117.4,51.66666666666666,48.35384615384616,0.4754257001253372,-0.128684794116574,0.3905794607962138,0.0357916261442899,757.3193254817987,22778.84523980484,1909.5238095238096,53.41095890410959,80.22120373876712,80.22120373876712,73,0.4394592680214892,-0.1082922833728262,0.3227729859172349,441.0
-73.941085,40.79014833,0.1009900874022885,9.76923076923077,2.946153846153846,171.07692307692307,14.61223678982916,9.9,48.35384615384616,0.3289688982477257,-0.0596409967010021,0.2497009549226103,0.0656957809848863,1191.3605242043327,17121.887382435605,1930.2941176470588,9.521739130434783,69.05507246376813,69.05507246376813,69,0.2764727442304203,-0.0437291708212768,0.2426147004730896,441.0
-73.97013333,40.79409667,0.0650054042043124,88.125,2.946153846153846,171.07692307692307,13.524691358024691,88.05882352941177,48.35384615384616,0.1095815860721643,0.0737763703952814,0.2106005584192823,0.0797390010975584,1115.6169527896996,29352.378471128155,1921.5616438356165,90.13333333333334,75.70385754,75.70385754,75,0.1512410341488012,0.0600612224147467,0.415919013592651,441.0
-73.88117167,40.80541333,0.0828088090532727,16.0,3.1,135.07692307692307,26.96312684365781,16.0,44.61538461538461,0.1833165065630364,0.0255659592457735,0.1889731175692818,0.0873531203718949,1443.1350989834136,15959.341000871642,1988.7777777777776,15.214285714285714,13.312857142857142,13.312857142857142,14,0.1531318964339531,0.0314469102678679,0.2261415841718612,445.6923076923077
-73.91002833,40.84028333,0.1540070375452116,66.58333333333333,3.1,135.07692307692307,4.071428571428571,68.10526315789474,44.61538461538461,0.2044255974851988,0.0188207947209771,0.3096656279160632,0.0744244387719801,1060.344402785217,20166.027597221768,1939.4871794871797,70.28205128205128,44.296560676153845,44.296560676153845,39,0.2934982889009613,-0.0130122762997092,0.2857497328390908,445.6923076923077
-73.88944167,40.80749333,0.0866148179727808,12.4,3.1,135.07692307692307,24.479166666666668,13.714285714285714,44.61538461538461,0.0627431878736298,0.1412597346083267,0.1996033230747671,0.0839485774992375,970.6961991434688,33945.073911613115,1942.8333333333333,17.52,21.664186066,21.664186066,25,0.0728036551892305,0.1295691760003771,0.4809968524878721,445.6923076923077
-73.95901667,40.75951,0.0947036933679847,20.5,2.946153846153846,171.07692307692307,0.2154696132596685,17.0,48.35384615384616,0.1951064085008863,-0.0070497797970463,0.1475105044127109,0.0811630748153286,922.5998394004282,18868.7452667952,1954.0,28.84,157.00517080359998,157.00517080359998,25,0.1143640539212388,0.0310677929932766,0.2673674273726044,441.0
-73.90356167,40.817495,0.0737389807704342,51.391304347826086,3.1,135.07692307692307,11.044117647058824,50.73333333333333,44.61538461538461,0.166754321885006,0.0597467378330263,0.2598692712220279,0.0854146051944689,1274.5960353603,19174.313948197607,1920.090909090909,49.13725490196079,43.12709305009803,43.12709305009803,102,0.2400500121976215,0.0145503592974799,0.2716972919757028,445.6923076923077
-73.96688667,40.807605,0.0476118212994442,94.6,2.946153846153846,171.07692307692307,17.53684210526316,97.375,48.35384615384616,0.4787282562950405,-0.1314525271637892,0.4502148515632897,0.0159577591430994,707.1422459893048,15539.825860913015,1910.0,108.4255319148936,87.06312719170211,87.06312719170211,47,0.506680560876149,-0.1471909562379222,0.2201971145140414,441.0
-73.97541167,40.786255,0.0840182759043228,86.78571428571429,2.946153846153846,171.07692307692307,5.876404494382022,85.43333333333334,48.35384615384616,0.1541968384408152,0.048832841313765,0.1872499296646161,0.0819360712837714,1288.0912252541466,32495.82173607416,1908.0232558139533,83.96923076923076,69.39692307692307,69.39692307692307,130,0.1323553671845297,0.0553396219667085,0.4604611560061182,441.0
-73.912915,40.835245,0.0841615746975004,70.0,3.1,135.07692307692307,58.32291666666666,70.47222222222223,44.61538461538461,0.1728467567569514,0.0426709653257516,0.2539387754499093,0.0698101737492831,1158.1654175588865,23539.475754745625,1938.2617449664428,73.4342105263158,37.58517499625,37.58517499625,152,0.2352734242429612,0.0111168473319153,0.3335510117523892,445.6923076923077
-73.89614833,40.81892,0.0654665083443993,27.55555555555556,3.1,135.07692307692307,29.960176991150444,27.32,44.61538461538461,0.4239203848835414,-0.0985754160490168,0.3372300043492759,0.1038584027479095,1008.666041778254,13957.12683876565,1956.4024390243903,27.702380952380956,38.70482102857143,38.70482102857143,84,0.3586814618396851,-0.0468634664213323,0.1977704952625657,445.6923076923077
-73.95433333,40.78149167,0.0813764301793492,88.86363636363636,2.946153846153846,171.07692307692307,228.0,87.97142857142858,48.35384615384616,0.1190044061896765,0.0909423910997975,0.2155703466082797,0.0823465415627475,1121.733547351525,36450.51571206898,1917.8455284552845,86.64227642276423,77.14691160585365,77.14691160585365,123,0.1439964953726354,0.0738596232442301,0.5164986052088216,441.0
-73.92512667,40.84229167,0.0984166983375167,142.71428571428572,3.1,135.07692307692307,46.38151260504202,140.30769230769232,44.61538461538461,0.1626178300942781,0.0553660189907763,0.3120945259413085,0.0708592819123386,1129.3948566836325,23389.93376786813,1938.7586206896551,131.33333333333334,47.63574871100001,47.63574871100001,60,0.2919515256584691,-0.0073145232296534,0.3314320231418709,445.6923076923077
-73.90222167,40.80517667,0.0877596235722303,11.5,2.946153846153846,171.07692307692307,7.139136904761905,8.0,48.35384615384616,0.0458515964968035,0.0950790976721364,0.100051422945724,0.0626928230945873,928.6710385438972,21526.580788784333,1947.25,8.0,30.424214904,30.424214904,5,0.0135464654965221,0.0869033124550848,0.3050285773768054,441.0
-73.917745,40.83730333,0.0670884130672391,61.75,3.1,135.07692307692307,57.41028708133971,62.0,44.61538461538461,0.0785171073751006,0.0956888299767669,0.1903984285508258,0.079285062501418,1665.2872425782296,29848.443634338542,1936.377049180328,70.41538461538461,54.34807932830768,54.34807932830768,65,0.0908036482927984,0.1026827376742725,0.4229481861536668,445.6923076923077
-73.95701833,40.76218833,0.0901201706899113,30.142857142857142,2.946153846153846,171.07692307692307,665.2426805465192,29.07692307692308,48.35384615384616,0.3284437385946411,-0.1199914331326339,0.2400523934712281,0.0827147381786109,983.8137228625034,28980.23684539889,1930.2641509433963,33.09090909090909,82.76118037599998,82.76118037599998,55,0.2754807901369157,-0.0565234348509126,0.4106458198699608,441.0
-73.91789333,40.83208833,0.0571111969506383,92.75,3.1,135.07692307692307,35.830729166666664,94.6923076923077,44.61538461538461,0.1249900426680577,0.0805531304044744,0.1973521811644253,0.0762091872971801,1448.3416265382557,28532.01615873646,1933.3076923076924,74.92424242424242,51.8284308769697,51.8284308769697,66,0.1247416530574855,0.075105037099625,0.4042945967126375,445.6923076923077
-73.956985,40.76223,0.0901188853585528,30.142857142857142,2.946153846153846,171.07692307692307,665.2426805465192,29.5,48.35384615384616,0.3374524784756648,-0.1282247247692446,0.242624515244592,0.0822518002869314,982.3102062684168,29379.310043285637,1929.0,33.56603773584906,78.8087720883019,78.8087720883019,53,0.2807165076235096,-0.0601118842483152,0.4163006301257597,441.0
-73.96148333,40.75945667,0.0673257370627814,51.66666666666666,2.946153846153846,171.07692307692307,237.28571428571428,52.9,48.35384615384616,0.1250973477802567,0.0418365910389508,0.1822179025644903,0.0784657558907748,1032.30340391316,28035.884157400465,1922.258823529412,50.75862068965517,101.20953389356325,101.20953389356325,87,0.1267064204773082,0.0545349738852066,0.397264477064319,441.0
-73.90956,40.84112667,0.1282038317340639,67.0,3.1,135.07692307692307,28.42708333333333,66.71428571428571,44.61538461538461,0.3771445967208266,-0.0593632499001238,0.4135383699199383,0.0534461760790293,884.2662389735365,13870.617515607111,1931.5348837209303,69.5813953488372,40.71674418604652,40.71674418604652,43,0.424564687998725,-0.075885656110165,0.1965446705004046,445.6923076923077
-73.94763167,40.7854,0.0762816846398623,17.571428571428573,2.946153846153846,171.07692307692307,172.34027777777777,17.8125,48.35384615384616,0.3926300342058638,-0.0414407893863534,0.3234170546961782,0.0851850591194555,817.7123324396783,16599.569551699333,1952.96875,19.75,133.2017950603125,133.2017950603125,32,0.326020078938256,-0.0240560215445129,0.2352135313596267,441.0
-73.97201333,40.765855,-0.1024668342704475,52.5,2.946153846153846,171.07692307692307,208.9472049689441,51.66666666666666,48.35384615384616,0.5798131029662648,-0.1859493160277972,0.4067723860943084,0.0319980529760836,736.9168004280364,17753.318590357012,1902.7619047619048,50.51111111111111,101.92280134377776,101.92280134377776,45,0.4720666997638243,-0.1315139069695057,0.2515619905677141,441.0
-73.95799667,40.76086,0.0833489318394757,22.75,2.946153846153846,171.07692307692307,665.2426805465192,19.58333333333333,48.35384615384616,0.1664303909564012,0.0576738987116043,0.1899737163249689,0.0902571426419332,897.8502945902518,24425.75153688756,1948.0,24.82758620689655,136.94257708655175,136.94257708655175,29,0.1651626919071391,0.0226401908040195,0.3461094130912278,441.0
-73.96383333,40.76041333,0.1273625203009534,60.833333333333336,2.946153846153846,171.07692307692307,111.39488636363636,60.0,48.35384615384616,0.1478107620723709,0.0441983873764914,0.1779324463306698,0.0858468952605302,1052.4405781584585,26237.49849572649,1916.4818181818184,59.12612612612613,69.3788695990991,69.3788695990991,111,0.1199129190390791,0.0570792667769906,0.3717816089151672,441.0
-73.88087333,40.80545833,0.0846485165280013,16.0,3.1,135.07692307692307,26.96312684365781,15.5,44.61538461538461,0.1830983065946708,0.0219066401786662,0.1902979260135665,0.0888354423068798,1375.7975903614458,12825.845718390434,1988.7777777777776,15.153846153846152,13.336923076923076,13.336923076923076,13,0.1600755983078987,0.0253808191716504,0.181740403249513,445.6923076923077
-73.98283833,40.782095,0.0940130223017124,84.0,2.946153846153846,171.07692307692307,107.22222222222224,81.5609756097561,48.35384615384616,0.2004808584320302,0.0336093047071622,0.212243169201072,0.0892964933589505,1036.2418318157472,32728.11826953799,1901.8039215686276,77.15686274509804,76.12242662980393,76.12242662980393,153,0.1938047377163192,0.0179781866421582,0.4637527647316514,441.0
-73.94646,40.785155,0.0857303081749364,13.333333333333334,2.946153846153846,171.07692307692307,172.34027777777777,13.3,48.35384615384616,0.3209819306157043,-0.0495784926602491,0.2797264757741717,0.0830319664971786,951.3553231429338,20156.23213728093,1952.516129032258,13.78125,106.961234984375,106.961234984375,32,0.2739016327735147,-0.0113332109529214,0.285610932570057,441.0
-73.90953333,40.84341,0.0764294002990602,65.75,3.1,135.07692307692307,37.09031556039173,64.64285714285714,44.61538461538461,0.1905665551882886,0.0385962524309739,0.2682621904673475,0.0848917476368105,1080.2081883864062,21271.13327976262,1927.2727272727277,66.6140350877193,52.010792313508766,52.010792313508766,57,0.2483415720577554,0.0023249670304015,0.3014089226333576,445.6923076923077
-73.969145,40.793605,0.1026430112821683,91.71428571428572,2.946153846153846,171.07692307692307,13.524691358024691,97.0,48.35384615384616,0.1679847445650872,0.0760082559332464,0.2529742300638932,0.074015150782417,1071.1710455764076,26523.935517640613,1916.0795454545453,99.80898876404494,68.36059365146068,68.36059365146068,89,0.2140518122074217,0.0373613313279257,0.3758403806336159,441.0
-73.94900333,40.79004833,0.0828561763424542,37.13793103448276,2.946153846153846,171.07692307692307,172.34027777777777,38.47058823529412,48.35384615384616,0.1356574645210457,0.0739548822603704,0.265251473284692,0.0729041818709004,1150.972951258704,22497.98331210428,1916.008771929825,37.1551724137931,57.60956586905984,57.60956586905984,117,0.2311231151019963,0.0246930146989836,0.3187932124885274,441.0
-73.95807667,40.80547333,0.0612641300507005,32.0,2.946153846153846,171.07692307692307,26.7945945945946,31.944444444444443,48.35384615384616,0.4757619117488763,-0.1215730078646414,0.4291987597171382,0.061523463233617,847.2334047109208,13599.880111099275,1904.2820512820515,35.82051282051282,55.39159246397436,55.39159246397436,78,0.4806283890047636,-0.1212605092294922,0.192708360119602,441.0
-73.98504833,40.780215,0.0611400224849591,66.375,2.946153846153846,171.07692307692307,61.42857142857143,64.77777777777777,48.35384615384616,0.1718111355353946,0.0166338060644674,0.2567410679226911,0.0843060230682598,949.3005625502276,25444.35098751153,1903.83,64.63,87.68086159,87.68086159,100,0.2584368610908975,-0.015873710334245,0.3605428219262813,441.0
-73.89324667,40.84277667,0.0930913037936046,105.25,3.1,135.07692307692307,855.0225694444445,103.27272727272728,44.61538461538461,0.2396869552089088,-0.016259273441897,0.3046656624986631,0.0832864427140429,1053.5672201392608,9855.02950325425,1934.1136363636365,99.8,48.63285939543479,48.63285939543479,46,0.3347668536741198,-0.0549107808137448,0.139644361493615,445.6923076923077
-73.95255667,40.786845,0.0697724132615926,78.25,2.946153846153846,171.07692307692307,135.0,77.17647058823529,48.35384615384616,0.1296610683734087,0.0439612491491363,0.1778797277158625,0.0848242685926785,1212.4389394750938,28037.49666706319,1921.2659574468084,76.51063829787235,82.96872370180851,82.96872370180851,94,0.1228908808854567,0.056189190359371,0.3972873260969958,441.0
-73.95508,40.79237667,0.0641551300087239,0.0,2.946153846153846,171.07692307692307,18.743614001892148,0.0,48.35384615384616,0.6984125761523783,-0.2041477346353739,0.6063690515877657,0.0678539118677458,419.3212851405622,0.0,0.0,0.0,0.0,0.0,0,0.7143536848414404,-0.2195447448561829,0.0,441.0
-73.92208333,40.841025,0.1280298237773622,94.14285714285714,3.1,135.07692307692307,54.99479166666666,95.3076923076923,44.61538461538461,0.0954020523101416,0.0833618926549522,0.213388857797398,0.0934540464635668,1355.240825073667,23042.952675348824,1940.0,96.41573033707866,39.2884507994382,39.2884507994382,89,0.1602311548158649,0.0498217095911071,0.3265153505849756,445.6923076923077
-73.892235,40.842125,0.0738917101664677,96.05882352941175,3.1,135.07692307692307,855.0225694444445,97.36666666666666,44.61538461538461,0.2439138133192188,-0.0056428305302809,0.2523035484800439,0.0948404092235218,1164.7062282812085,15478.001255887835,1939.5873015873017,102.359375,41.71432429590909,41.71432429590909,66,0.2454438864981418,-0.0039665651520035,0.2193210686848923,445.6923076923077
-73.88972167,40.80855,0.1202374408856303,13.571428571428571,3.1,135.07692307692307,24.479166666666668,13.454545454545457,44.61538461538461,0.043496447402655,0.1155030462142004,0.1728840926251894,0.0875925500603569,1176.7896570203643,27894.50027010518,1938.8529411764705,16.11764705882353,22.591170806764705,22.591170806764705,34,0.0508286498497134,0.1235971057858764,0.3952610875608782,445.6923076923077
-73.958945,40.75958833,0.0956282103682609,20.5,2.946153846153846,171.07692307692307,0.2154696132596685,17.0,48.35384615384616,0.1957937788343634,-0.0050631342401138,0.1496813343931943,0.0804359231928684,913.5029490616622,19053.67261183489,1952.95,27.875,143.33246958708332,143.33246958708332,24,0.1174038236266428,0.0301306896608493,0.2699878214576993,441.0
-73.96860667,40.76490833,0.126480949174392,49.22222222222222,2.946153846153846,171.07692307692307,272.4482758620689,49.08695652173913,48.35384615384616,0.158013234523959,0.0556271306984581,0.2041466979225963,0.0809700841345645,976.682913765399,34435.93188712284,1901.38,47.98026315789474,82.8497516956579,82.8497516956579,152,0.1582262790660288,0.0463128645434115,0.4879522399422977,441.0
-73.95697833,40.81226,0.0908139159059122,32.666666666666664,2.946153846153846,171.07692307692307,131.0,37.16666666666666,48.35384615384616,0.2764796488223939,-0.0544399860670579,0.3237616422451712,0.093935411358298,1064.7522100187516,11091.531659629578,1933.96,34.64,101.3611807872,101.3611807872,25,0.3902476288937915,-0.0981690087506647,0.1571654205686596,441.0
-73.971345,40.76693167,-0.0633678017008592,50.0,2.946153846153846,171.07692307692307,208.9472049689441,49.93333333333333,48.35384615384616,0.5407492813754647,-0.1552387238940161,0.4093747277696427,0.0268744765541759,708.2601016858442,22048.144531858816,1902.1714285714288,51.1375,78.168134282625,78.168134282625,80,0.4773077685464407,-0.1284395680893863,0.3124190611765156,441.0
-73.88797,40.82323333,0.0602221762345684,48.16666666666666,3.1,135.07692307692307,20.68298368298368,50.38095238095238,44.61538461538461,0.2215063648976932,0.023202360258401,0.2270075212211824,0.0867946636713663,1314.7074411134904,14980.524654556057,1941.75,54.28947368421053,34.476314560263155,34.476314560263155,76,0.2012054161356093,0.0232604132568239,0.2122718962465804,445.6923076923077
-73.97463167,40.79340167,0.120166106177812,70.55555555555556,2.946153846153846,171.07692307692307,95.0,73.57692307692308,48.35384615384616,0.1145744190183388,0.0981417694032583,0.2081233387455511,0.0876528376028969,1066.5981784087865,34589.57359562594,1912.7636363636364,72.57272727272728,78.01974688718181,78.01974688718181,110,0.1438541292711582,0.0660494826475678,0.4901293210229795,441.0
-73.946495,40.785135,0.0851792784107412,13.333333333333334,2.946153846153846,171.07692307692307,172.34027777777777,14.0,48.35384615384616,0.3217751490620797,-0.0506264440693407,0.278894511600994,0.0837256429650942,951.7333333333332,20113.396560278143,1953.5625,13.93939393939394,115.77904162848483,115.77904162848483,33,0.2720079668230949,-0.0098927986640571,0.2850039585572231,441.0
-73.95584,40.79158,0.0237600089206983,0.0,2.946153846153846,171.07692307692307,18.743614001892148,0.0,48.35384615384616,0.7151896376825062,-0.216653662564751,0.6364739166321324,0.0539347029520995,411.835609103079,0.0,0.0,0.0,0.0,0.0,0,0.7431303982681663,-0.2310281154979715,0.0,441.0
-73.91757833,40.84419667,0.1140259546526831,84.375,3.1,135.07692307692307,54.99479166666666,81.25,44.61538461538461,0.2566723923117309,0.0184354969039077,0.2490343338014494,0.0901053641770772,1071.3123493169032,21578.223979019356,1952.7954545454545,74.34693877551021,34.8739187374,34.8739187374,50,0.2318612650060737,0.0041401290051911,0.3057603540121522,445.6923076923077
-73.90011833,40.81484833,0.0764366225371531,45.92307692307692,3.1,135.07692307692307,44.79861111111112,47.67857142857143,44.61538461538461,0.1374471931808765,0.0326572288653581,0.2193550889534898,0.0957059487369906,1354.1537844343409,23009.28435700756,1931.6631578947367,46.53125,42.643190021354165,42.643190021354165,96,0.2113495993700674,0.0039281782691273,0.3260382753190844,445.6923076923077
-73.97195667,40.76595333,-0.0951423285099664,52.333333333333336,2.946153846153846,171.07692307692307,208.9472049689441,51.71428571428572,48.35384615384616,0.5846103619750187,-0.1861800539817068,0.4121370843074685,0.0318121650583975,729.7943850267379,17754.39124098086,1901.0,50.64,97.2419212094,97.2419212094,50,0.4772546600870312,-0.1322584633365974,0.2515771898737078,441.0
-73.97126833,40.767035,-0.0659258335600541,49.5,2.946153846153846,171.07692307692307,208.9472049689441,50.25,48.35384615384616,0.5316905897968685,-0.1504177852536084,0.4039876333010794,0.0275688541521351,709.8352972683449,22330.89973826905,1904.013888888889,51.23809523809524,76.54262788821428,76.54262788821428,84,0.4701168218608104,-0.1247108123582815,0.3164256620940976,441.0
-73.93475833,40.7991,0.0730785037592018,11.45,2.946153846153846,171.07692307692307,357.1666666666667,12.08108108108108,48.35384615384616,0.3423700392249044,0.0480831629611786,0.3196889445236222,0.0851855032182608,980.6993044408774,21546.7151270559,1929.766990291262,12.076923076923077,51.30031562586539,51.30031562586539,104,0.2832271748557297,0.0382913462560753,0.3053138780764842,441.0
-73.96877667,40.76495667,0.1145075251521466,49.125,2.946153846153846,171.07692307692307,272.4482758620689,49.130434782608695,48.35384615384616,0.1527111518278373,0.0565566477914292,0.1992400145467839,0.0818365541753567,979.2956614890198,34483.750923594605,1899.469696969697,48.09701492537314,87.43513488611939,87.43513488611939,134,0.1509616667644967,0.048817313976753,0.4886298288640217,441.0
-73.94826333,40.79514333,0.0813567338623907,12.6,2.946153846153846,171.07692307692307,32.38764880952381,12.5,48.35384615384616,0.1728259813624462,0.080275630143546,0.2677200459237555,0.0756660822936679,1136.9091883203855,22910.5879454396,1943.2619047619048,12.666666666666666,91.655,91.655,42,0.2537897758683479,0.004516021127489,0.324639761253421,441.0
-73.971365,40.79778667,0.0986579831508098,93.55555555555556,2.946153846153846,171.07692307692307,28.00558659217877,93.28,48.35384615384616,0.1279169579767687,0.0675383602817808,0.198036172815314,0.0898371702528128,1180.14064171123,32149.03505111244,1905.83185840708,92.70796460176992,81.24776792451327,81.24776792451327,113,0.1471632594013277,0.0526090624483616,0.4555472381761379,441.0
-73.95539167,40.79191833,0.04900280494688,0.0,2.946153846153846,171.07692307692307,18.743614001892148,0.0,48.35384615384616,0.7154273781669399,-0.2133547260917469,0.6120183396461967,0.0661581538904639,417.8808886509636,0.0,0.0,0.0,0.0,0.0,0,0.7179066742524309,-0.2189087825291231,0.0,441.0
-73.95947,40.7742,0.0789826469860996,57.5925925925926,2.946153846153846,171.07692307692307,147.25,58.03389830508475,48.35384615384616,0.1611285160267196,0.0317457189107428,0.2050163344225061,0.0983877475406667,1009.5763981803584,35700.44436662565,1919.6776859504128,58.66942148760331,90.07365413528926,90.07365413528926,121,0.1593825396621677,0.0464650744388995,0.5058702012986017,441.0
-73.96063833,40.772585,0.1360746669830572,52.5,2.946153846153846,171.07692307692307,125.55078125,52.82857142857143,48.35384615384616,0.1132016262717005,0.0943724060104973,0.2088332186331879,0.0962585362984474,967.1353303022198,36998.91275449756,1914.7241379310344,53.72268907563025,85.13799844268908,85.13799844268908,119,0.1410837162771387,0.0687219347841665,0.5242693130294371,441.0
-73.903525,40.80943333,0.0871518302555548,33.333333333333336,2.946153846153846,171.07692307692307,51.140625,31.714285714285715,48.35384615384616,0.0447591943400954,0.0873477889169122,0.1445235306619316,0.0949030249340317,1300.346287858483,15215.589018137249,1941.7307692307693,31.692307692307693,25.37997606730769,25.37997606730769,26,0.0572290917049965,0.0873169337132779,0.2156027247290089,441.0
-73.971035,40.76733,-0.0155269116382921,50.833333333333336,2.946153846153846,171.07692307692307,117.4,49.69230769230769,48.35384615384616,0.5234194562411292,-0.1545570871145894,0.4028758288000729,0.0280133651172719,718.7829581993569,23308.23250163863,1904.8059701492537,51.56410256410256,76.58108181051281,76.58108181051281,78,0.4624496532425936,-0.1177528141866297,0.3302743278602181,441.0
-73.90302833,40.80945167,0.0842906327760222,34.0,2.946153846153846,171.07692307692307,51.140625,33.25,48.35384615384616,0.0354460318408681,0.0838905420729957,0.1400832480809661,0.0950048770505184,1268.6780840246188,10585.164257139932,1947.809523809524,31.857142857142858,24.04127104428571,24.04127104428571,21,0.0478274053827375,0.0921216686989693,0.1499902667468994,441.0
-73.957995,40.78214667,0.1076694431111143,108.77777777777776,2.946153846153846,171.07692307692307,228.0,108.23529411764706,48.35384615384616,0.1462819864217708,0.0599407228077247,0.1975054935528771,0.0857795228094007,947.5593356549692,34344.523686898734,1932.5833333333333,104.43333333333334,139.35947408683333,139.35947408683333,60,0.1495531975640297,0.048828196364861,0.4866569987915498,441.0
-73.949355,40.79019833,0.0729507061999003,31.235294117647054,2.946153846153846,171.07692307692307,135.0,36.388888888888886,48.35384615384616,0.1942860290689901,0.0445663486463405,0.2990466425242604,0.0675080868420172,1045.1095046854084,19248.270975135405,1916.357142857143,37.4,59.42703787435645,59.42703787435645,101,0.2877638433467185,-0.0075835348705059,0.2727452524919876,441.0
-73.95730833,40.81173833,0.1173503509609828,45.66666666666666,2.946153846153846,171.07692307692307,131.0,42.5,48.35384615384616,0.291927524902095,-0.0625855076308894,0.297734471263881,0.0929267572206858,1115.9582329317268,14913.588722826542,1927.4166666666667,64.375,99.14581332,99.14581332,24,0.3558340598351048,-0.0860681067510736,0.2113234236476438,441.0
-73.95949333,40.77413167,0.0778594343534711,57.19230769230769,2.946153846153846,171.07692307692307,147.25,57.72881355932204,48.35384615384616,0.1489740895444641,0.0406777831413781,0.2038712791159887,0.0991695987291806,1007.447361371551,35693.00647505985,1919.6206896551723,58.241379310344826,89.34950362836206,89.34950362836206,116,0.1573348436872145,0.0473870680493988,0.5057648074358444,441.0
-73.97253333,40.79134,0.0631797683010297,104.0,2.946153846153846,171.07692307692307,16.0,103.48148148148148,48.35384615384616,0.1078615755920587,0.0879606616702158,0.2100153786331042,0.0671232671670785,1194.5998394004282,27324.62471486816,1920.6515151515152,104.19402985074628,81.1593851855224,81.1593851855224,67,0.1805359587003214,0.0270637417193002,0.3871860322785952,441.0
-73.970795,40.76757167,-0.039535579798496,51.333333333333336,2.946153846153846,171.07692307692307,117.4,50.5,48.35384615384616,0.49244640856535,-0.135818171453411,0.3886264072020012,0.0314619208150494,736.8603157613059,23307.75000920325,1907.9516129032256,52.17808219178082,78.02608477,78.02608477,73,0.4434567689507943,-0.1100924626728386,0.3302674910122012,441.0
-73.964165,40.80805833,0.0987935334006398,124.16666666666669,2.946153846153846,171.07692307692307,17.53684210526316,125.6,48.35384615384616,0.1656917030310398,0.0179230743534066,0.2357518762506355,0.0679876324976053,1110.948340471092,23619.8564833282,1916.8297872340424,115.61702127659576,109.3887046348936,109.3887046348936,47,0.2453968086722613,-0.0223220614253392,0.3346899952046503,441.0
-73.952775,40.774125,0.0700311292496025,48.125,2.946153846153846,171.07692307692307,106.33333333333331,48.44897959183673,48.35384615384616,0.1716242965695446,0.0743707825230715,0.2121428013335975,0.0814591635061242,1157.8878479657387,34241.52861073415,1928.014705882353,50.05882352941177,73.97739358419118,73.97739358419118,136,0.1438675082801082,0.0700213323388812,0.4851975732630776,441.0
-73.96780333,40.800805,0.0591270825460801,104.64285714285714,2.946153846153846,171.07692307692307,19.33333333333333,104.84210526315788,48.35384615384616,0.1599413620220361,0.0167603302793929,0.2027084676185036,0.0852334896852555,1208.6834493840386,27427.919683490312,1922.8395061728395,105.5925925925926,82.40419642814814,82.40419642814814,81,0.1621995727663744,0.0361661498721639,0.3886497072421308,441.0
-73.94580833,40.77790333,0.0542813060620836,19.0,2.946153846153846,171.07692307692307,85.28733766233766,19.789473684210527,48.35384615384616,0.2546968249440748,-0.0147826115085879,0.247338375477938,0.0660859935635813,1128.247323340471,30741.19644028989,1923.9411764705883,25.65686274509804,68.37029626980392,68.37029626980392,102,0.2420582643012388,-0.0010930917686955,0.4355983659953023,441.0
-73.960155,40.77318667,0.0821727097145707,55.63636363636363,2.946153846153846,171.07692307692307,106.0,55.31818181818182,48.35384615384616,0.1025023145907836,0.1044794602964445,0.2044780630576818,0.0985449559286093,988.021436227224,37595.05994784991,1919.636363636364,55.04424778761062,86.95910622699114,86.95910622699114,113,0.1304989568946445,0.0756097012252068,0.5327166336743161,441.0
-73.95950833,40.77407667,0.0844440792027912,56.80769230769231,2.946153846153846,171.07692307692307,147.25,57.58181818181818,48.35384615384616,0.1368769617198456,0.0481199903972727,0.203849792540048,0.0997473184430887,1005.7799785867238,35465.867214806305,1919.8461538461536,58.0940170940171,90.25307911871796,90.25307911871796,117,0.1572640033482112,0.0473472128701378,0.5025462765372029,441.0
-73.90968333,40.842745,0.0752087003815308,65.75,3.1,135.07692307692307,37.09031556039173,66.6923076923077,44.61538461538461,0.3461125307153104,-0.0619046185830964,0.3375551264250024,0.0723990137647515,992.2544822049772,16307.002206981406,1925.745098039216,70.34615384615384,51.68362110865384,51.68362110865384,52,0.3451582967458073,-0.0469778300827664,0.2310678938417743,445.6923076923077
-73.89594667,40.80889833,0.1045718243980033,12.5,3.1,135.07692307692307,44.79861111111112,12.5,44.61538461538461,0.0523962680335558,0.0253556664257784,0.1335553706132476,0.104406605911269,1489.4562248995985,19430.166314698512,1973.8333333333333,12.22222222222222,30.062001630000005,30.062001630000005,9,0.0803455855307843,0.0534687166140091,0.2753226834921159,445.6923076923077
-73.93151,40.79741333,0.0878253591229099,12.0,2.946153846153846,171.07692307692307,9.522648083623691,12.117647058823527,48.35384615384616,0.2797358333258931,-0.0547460887885004,0.2973361731636269,0.0751748639157333,1027.8781467595072,18761.10922521413,1916.3232323232323,11.77,49.8827267647,49.8827267647,100,0.3367875691117948,-0.061680607970648,0.2658422400255777,441.0
-73.96144,40.797755,0.0629010747110621,93.0,2.946153846153846,171.07692307692307,47.30357142857143,93.55555555555556,48.35384615384616,0.2166448656165484,0.0079508000778711,0.2669000511606532,0.0597902639055612,1283.5513918629551,24519.58350395508,1915.7890625,93.34375,57.109921875,57.109921875,128,0.2549631172916774,-0.0073504506486013,0.3474389986720781,441.0
-73.95109333,40.79770167,0.0434235812779465,18.0,2.946153846153846,171.07692307692307,32.38764880952381,18.0,48.35384615384616,0.4004887795814543,-0.1107156037891714,0.2583041421236497,0.0356280221864917,1010.7099277495316,14337.15228267684,1930.192307692308,19.0,68.15248636692307,68.15248636692307,26,0.3085345966885002,-0.0828052014831837,0.2031554015629758,441.0
-73.95569667,40.79168167,0.0331577815741329,0.0,2.946153846153846,171.07692307692307,18.743614001892148,0.0,48.35384615384616,0.7150808490691827,-0.2140458493108501,0.6289630919261237,0.058235817958535,413.9433155080214,0.0,0.0,0.0,0.0,0.0,0,0.7358702445449791,-0.2278398893929692,0.0,441.0
-73.96358167,40.80831,0.0811855951297055,138.8,2.946153846153846,171.07692307692307,17.53684210526316,135.88888888888889,48.35384615384616,0.2935445576043616,-0.0522068493954534,0.2688221210956182,0.0728132110549051,1076.6783516189455,18295.24785001294,1914.6857142857143,122.74285714285716,115.18085714285714,115.18085714285714,35,0.2924779467960721,-0.0430766283497362,0.2592410508297607,441.0
-73.91739333,40.84411,0.1161412345083483,49.4,3.1,135.07692307692307,54.99479166666666,74.53333333333333,44.61538461538461,0.2725727789508755,-0.0006988566172994,0.2375313701744414,0.0907318181241046,1127.350454788657,23409.16634628921,1954.857142857143,67.68085106382979,33.64362753877551,33.64362753877551,49,0.214617292774569,0.0114635542214939,0.3317045460335465,445.6923076923077
-73.96988833,40.79453667,0.0823473912602631,89.0,2.946153846153846,171.07692307692307,13.524691358024691,88.93333333333334,48.35384615384616,0.1353915672303206,0.0677083424179129,0.2225359303987888,0.0812152349824204,1074.1211471455374,27548.57354082148,1922.754098360656,87.7936507936508,77.61427484920637,77.61427484920637,63,0.1769537858793141,0.0421460119357126,0.3903593551800899,441.0
-73.879635,40.80643333,0.079759993012792,15.5,3.1,135.07692307692307,26.96312684365781,15.25,44.61538461538461,0.1671075349826399,0.044703400823464,0.220389930153446,0.098613675600942,1131.394271948608,3581.1864478549264,1992.8333333333333,15.22222222222222,13.87,13.87,9,0.1907323754839485,0.0241115072912547,0.0507449008381477,445.6923076923077
-73.96904,40.79355167,0.1105205299968773,93.0,2.946153846153846,171.07692307692307,13.524691358024691,98.03225806451611,48.35384615384616,0.1654263843656808,0.0773260060915764,0.2531212068580881,0.0743333684971077,1063.4361930294906,25785.044191934765,1918.0449438202247,100.5111111111111,72.23545583188888,72.23545583188888,90,0.2165937213838119,0.0348952542278354,0.3653703960070525,441.0
-73.983515,40.775965,0.0346021898793864,71.6,2.946153846153846,171.07692307692307,182.74938875305625,73.72727272727273,48.35384615384616,0.2078406477330697,0.0248223080800068,0.2603272289221867,0.0639495750126644,922.4638650963598,23454.07589701445,1961.892857142857,73.51724137931035,195.64808963586205,195.64808963586205,29,0.2489168955866503,0.0016275248721642,0.3323409079574951,441.0
-73.91753833,40.84416833,0.1178248316354415,67.4,3.1,135.07692307692307,54.99479166666666,81.25,44.61538461538461,0.2604593642538134,0.0128709328321056,0.2458699857869999,0.0899658665569732,1083.439539860888,22116.05044727717,1953.2093023255811,71.61224489795919,34.263027604600005,34.263027604600005,50,0.2273850096344224,0.0057819546600411,0.3133812783058145,445.6923076923077
-73.95755667,40.76125333,0.0790897114280471,24.2,2.946153846153846,171.07692307692307,665.2426805465192,24.272727272727277,48.35384615384616,0.1567428152949585,0.0605076473334373,0.196412450030905,0.0918654772399073,910.5743768426696,27496.408503977156,1941.935483870968,26.12121212121212,117.99711319727272,117.99711319727272,33,0.1882789420461597,0.0026798338288486,0.3896201840530719,441.0
-73.98553167,40.78030667,0.0773773609685333,63.25,2.946153846153846,171.07692307692307,61.42857142857143,62.02702702702703,48.35384615384616,0.2496860685358437,-0.0133815519928418,0.2673543979845548,0.0811223035173874,935.228563772776,23518.69833752579,1909.9,60.4875,93.904625,93.904625,80,0.2760354760536831,-0.0281663075176734,0.3332565987162624,441.0
-73.94354333,40.78470667,0.096123424568459,8.5,2.946153846153846,171.07692307692307,14.61223678982916,8.5,48.35384615384616,0.1111562644800454,0.0214184900018523,0.1402511742308439,0.0848603865050294,1275.7542918454935,15602.425687996356,1951.0625,8.588235294117647,96.70982467588234,96.70982467588234,17,0.1156946790817654,0.0246459781687466,0.2210841451293767,441.0
-73.92570833,40.84131333,0.0521631218069979,142.41666666666666,3.1,135.07692307692307,46.38151260504202,140.69230769230768,44.61538461538461,0.1492280956374109,0.0734181104412886,0.3087037609621965,0.0721829704305158,1122.61025093433,22511.217847538224,1938.907894736842,126.55128205128206,40.46847660064103,40.46847660064103,78,0.2986040383519744,-0.0195983394778716,0.318980743966595,445.6923076923077
-73.97783167,40.78652,0.0514226244546038,68.125,2.946153846153846,171.07692307692307,3.037037037037037,68.75,48.35384615384616,0.1696650449169887,0.0429144477387301,0.180526749345067,0.0898477656489119,1095.6046013911182,29926.81341482067,1906.9770114942528,71.40229885057471,82.03988505747125,82.03988505747125,87,0.1439031422956279,0.0368788757423877,0.4240586747574113,441.0
-73.95793167,40.80602167,0.022763475080266,31.8,2.946153846153846,171.07692307692307,26.7945945945946,31.88888888888889,48.35384615384616,0.5392897262309787,-0.1492427261438,0.4109860320393148,0.0698019071626106,817.337255950789,14712.504649717372,1905.2592592592596,37.03703703703704,58.55871973234567,58.55871973234567,81,0.4617457459861029,-0.110124270164378,0.208474091031846,441.0
-73.972215,40.765515,-0.0338664246893353,51.333333333333336,2.946153846153846,171.07692307692307,208.9472049689441,51.5,48.35384615384616,0.5150927478199225,-0.1540218382849515,0.3847191850622359,0.0308206636315812,764.8759045832217,18764.480025437275,1913.2058823529408,50.64705882352941,149.79425412264703,149.79425412264703,34,0.4381935791465671,-0.1144014091845225,0.2658900037836162,441.0
-73.97948333,40.79043667,0.1099992252797166,73.53333333333333,2.946153846153846,171.07692307692307,32.0,73.60714285714286,48.35384615384616,0.3250435170932422,-0.047235840326857,0.3754091929540649,0.0374936412834921,890.1314239828694,21313.325497869148,1900.36,74.05940594059406,77.96268451495048,77.96268451495048,101,0.4159622309995933,-0.1011739915896706,0.3020067803421784,441.0
-73.90565167,40.84361667,0.0837463702403474,76.1,3.1,135.07692307692307,37.09031556039173,78.97560975609755,44.61538461538461,0.1501717324299252,0.0538609092114172,0.241505396329758,0.0830121991278092,1225.0682000534905,21316.221943838536,1944.8425925925928,75.07894736842105,37.80591084692983,37.80591084692983,114,0.1960967387847494,0.0352200588935148,0.302047822567937,445.6923076923077
-73.89642,40.81940667,0.1206078271489578,27.5,3.1,135.07692307692307,29.960176991150444,27.2,44.61538461538461,0.4169439977585301,-0.0919163904889616,0.328500508182842,0.1023965111729404,1023.1309236947792,13070.61740243073,1957.970588235294,29.44927536231884,40.14211131753623,40.14211131753623,69,0.3480275176331054,-0.0438186593771603,0.1852087830774204,445.6923076923077
-73.972105,40.76878333,0.0128773086878467,63.66666666666666,2.946153846153846,171.07692307692307,208.9472049689441,58.5,48.35384615384616,0.7242084451502069,-0.2577617012468952,0.5827837439876289,0.0027317478295849,418.21608579088473,5848.048344895095,1861.0,53.285714285714285,23.100730367857143,23.100730367857143,14,0.7114215029284741,-0.2500783964504848,0.0828660103794393,441.0
-73.92396833,40.84403833,0.0888117772788327,136.5,3.1,135.07692307692307,78.66515837104072,137.0,44.61538461538461,0.2207164250382914,-0.0049746722769586,0.2412491519526891,0.0873294392410655,1027.6501605995718,10313.63833838509,1937.5263157894735,134.21052631578948,50.67464188052632,50.67464188052632,19,0.2494199869022357,-0.0195355328873105,0.1461427832318246,445.6923076923077
-73.97109,40.76729167,-0.020105414728962,50.833333333333336,2.946153846153846,171.07692307692307,117.4,49.07142857142857,48.35384615384616,0.5298884974233213,-0.1579951215721145,0.4052981606708759,0.0277252425951825,713.887312633833,22732.90446195733,1905.0298507462687,51.55696202531646,75.93532585582278,75.93532585582278,79,0.4674397972902249,-0.1213213530893218,0.3221220116529941,441.0
-73.90371167,40.80930667,0.0845175292448742,33.0,2.946153846153846,171.07692307692307,51.140625,30.666666666666668,48.35384615384616,0.0400454203078114,0.0908857522792546,0.1500938668535435,0.095397341826295,1278.9700053561864,14709.345248807604,1941.92,31.52,26.21077511,26.21077511,25,0.0635558620114845,0.0864151581925485,0.2084293227718469,441.0
-73.95429833,40.81096833,0.0994320561737597,27.25,2.946153846153846,171.07692307692307,86.40942028985508,26.2,48.35384615384616,0.3174688586060056,-0.0452438824726354,0.2750290560576472,0.0810228044664624,1106.334047682829,19712.23179249776,1919.145161290323,26.793650793650794,59.9296650473016,59.9296650473016,63,0.2717469370168867,-0.0184816112756281,0.279319511054404,441.0
-73.90236333,40.83376333,0.0970349681253208,76.14285714285714,3.1,135.07692307692307,57.4375,75.66666666666667,44.61538461538461,0.3170575343012363,-0.0800143130044935,0.2709428132008729,0.0808759181233733,1243.55,24428.22994037776,1952.1754385964912,78.94736842105263,41.34088932491228,41.34088932491228,57,0.2677699778574541,-0.0181664622342553,0.3461445317147233,445.6923076923077
-73.89312667,40.84268,0.0901952822973915,103.13333333333334,3.1,135.07692307692307,855.0225694444445,102.82608695652172,44.61538461538461,0.2041756305505272,-0.0107017507203264,0.3054157467067722,0.0846225611292967,1060.6923901393354,9794.895929452889,1932.2,100.15217391304348,49.43875600404255,49.43875600404255,47,0.3318945296426031,-0.0504203939477901,0.1387922773353997,445.6923076923077
-73.95801667,40.81085833,0.0871446900726002,72.22222222222223,2.946153846153846,171.07692307692307,95.70833333333331,74.3529411764706,48.35384615384616,0.178191354373278,0.0117219208424133,0.2530855008900916,0.0887207779011789,1202.0390478737631,22073.792129497037,1923.0,82.06818181818181,88.6433308375,88.6433308375,44,0.2572358724610907,-0.0220544936186481,0.3127824839737846,441.0
-73.94812,40.806325,0.0713465629501731,25.15,2.946153846153846,171.07692307692307,84.8124191461837,25.32608695652174,48.35384615384616,0.2097164515227261,-0.0148899823294622,0.2149809108588004,0.0786211331723351,1396.905372894948,30143.34472515653,1897.3413461538464,24.507109004739338,54.96287790559242,54.96287790559242,211,0.187563581766205,0.0266489856662189,0.4271268925206681,441.0
-73.90793333,40.80256,0.0905945499846135,10.0,2.946153846153846,171.07692307692307,19.65550595238096,9.6,48.35384615384616,0.0152248502355958,0.0941134539129682,0.1323058545323939,0.0832764812508296,1755.5109743040684,27878.489831896088,1961.1666666666667,9.333333333333334,30.694121671666664,30.694121671666664,12,0.0578517215868641,0.074645777672617,0.395034221936362,441.0
-73.94937833,40.77346333,0.0536295935337881,44.72727272727273,2.946153846153846,171.07692307692307,294.7708333333333,45.483870967741936,48.35384615384616,0.1233529631959696,0.0856593032425885,0.2142048095063748,0.0689811142536977,1362.761254019293,33824.07078065995,1921.4267515923568,46.81528662420382,67.5875522667516,67.5875522667516,157,0.1456767272842895,0.0711034516188241,0.4792822553920876,441.0
-73.98492333,40.78015333,0.0676961939042615,66.46666666666667,2.946153846153846,171.07692307692307,62.65263157894737,65.51612903225806,48.35384615384616,0.1539092526847565,0.0248330399407626,0.2497358087093338,0.0847684186937479,959.5760986066452,26544.223750040917,1903.601851851852,65.19444444444444,85.78700147222223,85.78700147222223,108,0.2472637470725104,-0.0093653699009636,0.3761278619907708,441.0
-73.970135,40.794275,0.0629732944698738,89.28571428571429,2.946153846153846,171.07692307692307,13.524691358024691,86.44444444444444,48.35384615384616,0.1135204160025729,0.0764246694596013,0.2067020762706477,0.0827512152305279,1108.526273458445,28469.011380655804,1923.34375,89.07575757575758,78.35135326515153,78.35135326515153,66,0.1547304822303797,0.0519387276977176,0.4034018279995898,441.0
-73.89464833,40.809025,0.1187117498920772,13.333333333333334,3.1,135.07692307692307,44.79861111111112,12.857142857142858,44.61538461538461,0.1220162517213636,0.0565112551360893,0.1491120131441503,0.1003021102015873,1547.3437583533814,20192.20512721968,1966.1,13.833333333333334,28.86259864666667,28.86259864666667,12,0.0831038931046754,0.0662940229825122,0.2861206647025668,445.6923076923077
-73.899735,40.81426333,0.0944005008675923,39.44444444444444,3.1,135.07692307692307,44.79861111111112,38.142857142857146,44.61538461538461,0.1521745045608634,0.018547845569015,0.1949789448739889,0.096877659279934,1340.7949746057204,26469.62600446582,1934.1153846153843,41.975,41.830278578625,41.830278578625,80,0.1534440441189043,0.0401139778401891,0.3750708225832596,445.6923076923077
-73.90311167,40.809555,0.0863135679829182,34.0,2.946153846153846,171.07692307692307,51.140625,32.5,48.35384615384616,0.0426433526205432,0.0853760517257751,0.1403212134020108,0.0950268824962965,1303.746652383503,12683.863660907467,1946.125,32.291666666666664,23.783307406250003,23.783307406250003,24,0.0482095215359572,0.0922472009233897,0.1797285377598514,441.0
-73.96292,40.809115,0.0337539587974532,142.66666666666666,2.946153846153846,171.07692307692307,95.70833333333331,137.125,48.35384615384616,0.3659064442054787,-0.0727145725569704,0.2710228260611022,0.0742077955466559,1091.8484362469928,23214.61014859449,1907.103448275862,132.82758620689654,110.5034536751724,110.5034536751724,29,0.2784162494062036,-0.0217908756063882,0.3289477124801495,441.0
-73.95783,40.78233333,0.1186671390334406,107.88888888888889,2.946153846153846,171.07692307692307,228.0,108.0,48.35384615384616,0.1422792188491946,0.0588043589525494,0.1938292679717215,0.0880910784641855,941.6527443105756,34023.96976958701,1932.4827586206895,104.91379310344828,139.5579042277586,139.5579042277586,58,0.1465544067158256,0.0484978379303321,0.4821147955348197,441.0
-73.88759333,40.806415,0.0833728401506768,26.0,3.1,135.07692307692307,52.5,25.0,44.61538461538461,0.2915404099778791,-0.0198520862171375,0.3039119057140328,0.0825713383188418,1130.084292213005,16506.64537258516,1955.2083333333333,25.785714285714285,21.37170646035714,21.37170646035714,28,0.2841427835439341,-0.0083786558531124,0.2338968090043051,445.6923076923077
-73.96336167,40.80860333,0.0758239445164327,144.83333333333334,2.946153846153846,171.07692307692307,51.22,140.0,48.35384615384616,0.3332578137137136,-0.0710114793866753,0.2658218418114392,0.0711796957188614,1080.7228464419477,20820.17259948952,1908.8529411764705,126.52941176470588,116.87118107588236,116.87118107588236,34,0.2858208949782886,-0.0361274947320953,0.2950188741578929,441.0
-73.95013333,40.81740667,0.0926758175491368,135.0,2.946153846153846,171.07692307692307,133.2,135.0,48.35384615384616,0.4794101334295413,-0.1107511307538111,0.4551857304630767,0.0833521563356953,762.8048192771084,10580.360355967849,1938.0,111.375,61.93239976375,61.93239976375,8,0.5192978354262289,-0.1419599110101622,0.1499221961530448,441.0
-73.954585,40.79564833,-0.0088227838679397,0.0,2.946153846153846,171.07692307692307,128.3,0.0,48.35384615384616,0.6837098244954783,-0.2374953410149308,0.5967047271408024,-0.0011244715077365,604.865096359743,0.0,0.0,0.0,0.0,0.0,0,0.706263932536505,-0.254308971766382,0.0,441.0
-73.903075,40.817455,0.06636113237766,50.95,3.1,135.07692307692307,33.857142857142854,50.18604651162791,44.61538461538461,0.1675438463430458,0.0474481177940848,0.2304493697130169,0.0849142007925774,1380.111468381565,22075.985649299342,1922.0176991150445,49.30172413793103,40.5723687137931,40.5723687137931,116,0.1949528469229744,0.0352826264946929,0.3128135658368853,445.6923076923077
-73.95623667,40.79130833,0.0494769279914488,0.0,2.946153846153846,171.07692307692307,18.743614001892148,0.0,48.35384615384616,0.7569320327984561,-0.2379814620311265,0.6328315258168735,0.0536908945193448,410.1437751004016,0.0,0.0,0.0,0.0,0.0,0,0.7377649864112275,-0.2322223263671049,0.0,441.0
-73.91732667,40.84535833,0.0820675236408284,77.75,3.1,135.07692307692307,54.99479166666666,82.81818181818181,44.61538461538461,0.2312968042380353,-0.0125992776317756,0.241301531760163,0.0967038134642519,1094.8635268932298,14096.078427824748,1944.2702702702704,84.23809523809524,37.79485501785714,37.79485501785714,42,0.2195900793496117,0.0142081995033686,0.1997394194471206,445.6923076923077
-73.90507833,40.84362,0.0508460749511425,71.375,3.1,135.07692307692307,115.44444444444444,70.33333333333333,44.61538461538461,0.1404096632017362,0.05285125027483,0.2296899041237337,0.0832148034832542,1192.3547523427042,22346.73316799706,1942.76,69.27619047619048,36.396830195619046,36.396830195619046,105,0.1910872051559776,0.0297202445537966,0.3166500195340267,445.6923076923077
-73.951195,40.77346667,0.1140130625329835,44.3125,2.946153846153846,171.07692307692307,294.7708333333333,44.09375,48.35384615384616,0.163602895698504,0.0588904088399104,0.211486183965865,0.0773546958168795,1293.8573726541556,33236.467698984205,1926.2016806722688,45.54621848739496,72.0670176767227,72.0670176767227,119,0.1464888731845081,0.067093509812754,0.4709560035909635,441.0
-73.90236167,40.81729167,0.0755498299706874,49.4375,3.1,135.07692307692307,33.857142857142854,48.97560975609756,44.61538461538461,0.1742918488036077,0.0192554516059925,0.2090402146792057,0.0834689360528369,1434.5108375702434,22419.81573565367,1921.089552238806,50.0,39.0074599959854,39.0074599959854,137,0.1720673985769893,0.0375236466638006,0.3176855890870472,445.6923076923077
-73.96040833,40.80168167,0.0074360332420742,65.0,2.946153846153846,171.07692307692307,47.30357142857143,67.0,48.35384615384616,0.4655452453152459,-0.1190866073920298,0.3318709317574486,0.0775481404672269,1007.7512717536814,15559.395695642495,1921.204081632653,68.37254901960785,78.03099456392157,78.03099456392157,51,0.3454461297555943,-0.0529134733208679,0.220474416279161,441.0
-73.944875,40.78727667,0.0843582661520343,13.75,2.946153846153846,171.07692307692307,172.34027777777777,12.77777777777778,48.35384615384616,0.3547215661996297,-0.0347556366700536,0.3401399593378947,0.0797677105662915,902.2266523949692,15089.69952536212,1953.4074074074076,11.444444444444445,88.99973267703704,88.99973267703704,27,0.375913966495217,-0.0648285043805227,0.2138188885839704,441.0
-73.98692,40.77126667,0.0374648187639226,77.0,2.946153846153846,171.07692307692307,134.4179775280899,78.42857142857143,48.35384615384616,0.1899149117467007,0.0121246874018471,0.2329864970021493,0.0714282014594558,1080.630662020906,25365.745568071667,1969.0,74.0952380952381,234.33410987285717,234.33410987285717,21,0.1990643881514679,0.0289362832464096,0.3594289943516129,441.0
-73.94251333,40.78649167,0.0779091313038441,10.25,2.946153846153846,171.07692307692307,14.61223678982916,10.666666666666666,48.35384615384616,0.2120771446126667,0.0004554748802364,0.2352977088549877,0.0863244578112514,1153.4480171489818,24416.49096587857,1958.6666666666667,9.333333333333334,86.72341607476191,86.72341607476191,21,0.2527422600668587,-0.0285869350920876,0.3459781921221548,441.0
-73.95009667,40.79031333,0.0653307597606193,35.5,2.946153846153846,171.07692307692307,18.743614001892148,36.73333333333333,48.35384615384616,0.3823230269369395,-0.062747079590341,0.3495973853349836,0.0596472664388884,886.7465845164747,13716.638747154744,1916.986666666667,40.44736842105263,62.239655670000005,62.239655670000005,77,0.3774684007310728,-0.0635342894066357,0.1943628133279952,441.0
-73.884795,40.804875,0.0790603981396905,20.285714285714285,3.1,135.07692307692307,26.96312684365781,21.22222222222222,44.61538461538461,0.1134598186344336,0.0542749930570152,0.1814486474496221,0.0900292526782969,1577.4581769436998,32481.050111688677,1961.6666666666667,20.454545454545453,21.73790306681818,21.73790306681818,22,0.1249623194141556,0.0548957968103417,0.4602518441968034,445.6923076923077
-73.95473333,40.82247167,0.0524554766325419,68.12121212121212,2.946153846153846,171.07692307692307,154.0,69.58695652173913,48.35384615384616,0.1480666336344857,0.052657694064079,0.2329546210625439,0.0655976242692414,1444.7474558114625,24672.44096303415,1910.055555555556,72.1891891891892,59.69424845824324,59.69424845824324,74,0.207507727021719,0.0115848548963515,0.3496049670506544,441.0
-73.947025,40.78921333,0.0992298408605792,23.53846153846154,2.946153846153846,171.07692307692307,172.34027777777777,27.75,48.35384615384616,0.1602125467403643,0.0536434692409237,0.2702106090712588,0.0714156684219037,1201.800428036383,24076.54174500278,1920.25,26.84210526315789,59.40479552395832,59.40479552395832,96,0.2422671476268264,0.0144548330483456,0.3411611601811924,441.0
-73.94809667,40.78557667,0.0572932752366359,26.0,2.946153846153846,171.07692307692307,172.34027777777777,22.285714285714285,48.35384615384616,0.4046181456938909,-0.0565301956558398,0.3191606285620685,0.0800890331434848,801.5185978057265,19682.8315469421,1950.3428571428567,24.75,124.90802972444445,124.90802972444445,36,0.3160267869527951,-0.0171287351005558,0.2789029137711931,441.0
-73.95631167,40.80473,0.0854422314913306,33.578947368421055,2.946153846153846,171.07692307692307,26.7945945945946,33.25806451612903,48.35384615384616,0.19660168671562,0.040314735557544,0.2245924430630174,0.0827520898636338,1282.1098018211037,28191.404643046422,1912.2189781021896,33.76086956521739,59.57760037963768,59.57760037963768,138,0.1739624951559051,0.0511651348363225,0.3994681801489948,441.0
-73.906315,40.81544167,0.0862033950556358,38.333333333333336,3.1,135.07692307692307,20.86458333333333,38.13793103448276,44.61538461538461,0.2196083997877976,0.0213947764535459,0.2884974287532281,0.0844139320127739,974.51151580075,20735.59530509051,1961.7868852459017,38.903225806451616,49.71030152467743,49.71030152467743,62,0.2981212983659843,-0.0319488461927661,0.2938204259673078,445.6923076923077
-73.906095,40.84464833,0.086066863501166,87.0909090909091,3.1,135.07692307692307,37.09031556039173,87.57142857142857,44.61538461538461,0.1283690308420236,0.0725974402054159,0.2055060119790195,0.0854430764640032,1253.5073509756749,20743.061638667205,1934.108527131783,88.00751879699249,38.06787609481202,38.06787609481202,133,0.1468717240141201,0.0601124550053909,0.2939262228486947,445.6923076923077
-73.98854333,40.76914833,0.092417455840973,59.578947368421055,2.946153846153846,171.07692307692307,122.75,60.73684210526316,48.35384615384616,0.0876252245467091,0.1026818336276844,0.1998246296681438,0.0877786097561304,1208.0032154340836,38320.680454528585,1928.676923076923,59.53846153846154,86.84586176384614,86.84586176384614,65,0.1108713024534722,0.0908795744080083,0.5429985726887642,441.0
-73.95643167,40.82298167,0.095248307230646,25.5,2.946153846153846,171.07692307692307,95.22470238095238,32.666666666666664,48.35384615384616,0.4789823729119447,-0.1517702105710954,0.3261306227268999,0.0802308999821269,862.8695768612748,20662.756317605952,1911.448275862069,51.65714285714286,56.789589136,56.789589136,35,0.3628615540977124,-0.0751184827795867,0.2927883079107154,441.0
-73.96454833,40.799075,0.045539439339947,115.91666666666669,2.946153846153846,171.07692307692307,42.22911963882618,114.52173913043478,48.35384615384616,0.1897287956182078,0.0444831958371608,0.2489343059790581,0.0751322329730158,1235.3622722400858,26815.744530082,1927.2345679012344,108.01234567901234,64.6279778625926,64.6279778625926,81,0.2113048881160323,0.0348697230288808,0.3799752726912005,441.0
-73.95014667,40.77375167,0.0952319869961124,44.38461538461539,2.946153846153846,171.07692307692307,294.7708333333333,46.54166666666666,48.35384615384616,0.1832682376200198,0.0437898135813678,0.2075731199793957,0.072482588385,1347.5359249329758,32761.799046133456,1924.6808510638296,48.86524822695036,69.5760079035461,69.5760079035461,141,0.1376990726484874,0.0723581829819565,0.4642300165282466,441.0
-73.90134833,40.83540667,0.0851219398020967,70.66666666666667,3.1,135.07692307692307,57.4375,67.9,44.61538461538461,0.2838804991456626,-0.0166826282866016,0.2913510484315402,0.0818933465234071,1074.3711837171934,20071.525240472736,1964.2711864406776,66.40677966101696,38.20306350508475,38.20306350508475,59,0.2723627574233068,-0.0038315277371151,0.2844106479321432,445.6923076923077
-73.89738667,40.80789833,0.0864542132355238,19.5,3.1,135.07692307692307,44.79861111111112,20.0,44.61538461538461,0.1401859915312913,0.0973112847509086,0.2381255818049056,0.0809470846041826,1375.2693953986088,22656.24290418568,2003.8,15.833333333333334,28.632169111666663,28.632169111666663,6,0.1265075021458817,0.1130356382078575,0.3210357283211319,445.6923076923077
-73.91745,40.845115,0.1156665586604676,71.33333333333333,3.1,135.07692307692307,54.99479166666666,83.25,44.61538461538461,0.2417306616955112,-0.0073166312132804,0.2496443170589694,0.0953396533582826,1052.728731942215,13224.55977349621,1949.6857142857143,84.1,35.08542114857143,35.08542114857143,42,0.2307937543129049,0.0093032848532094,0.187390124503888,445.6923076923077
-73.904615,40.80801667,0.1002697985795177,18.0,2.946153846153846,171.07692307692307,7.139136904761905,21.5,48.35384615384616,0.0823410676842757,0.0708046679802753,0.1534019834592196,0.1188732615064711,1199.8789501874664,6699.220691390346,1945.8333333333333,24.625,31.92694163,31.92694163,8,0.0779887633655176,0.0738159489135474,0.0949270010449702,441.0
-73.91316,40.827285,0.0912046399609227,29.33333333333333,3.1,135.07692307692307,28.06508875739645,26.5,44.61538461538461,0.2065068691841595,0.0434787558481854,0.2334602164872752,0.0972802324882394,1168.9049276914836,16848.430295281254,1932.516129032258,25.41176470588235,40.41840162,40.41840162,34,0.1905324621587773,0.0404540602852137,0.2387398525777009,445.6923076923077
-73.914005,40.83562167,0.0832833118069676,78.81818181818181,3.1,135.07692307692307,56.53,76.47619047619048,44.61538461538461,0.2193449383679102,0.015874236016196,0.2400559546077957,0.0714814885125026,1191.7209737827716,24428.482269084205,1953.636363636364,78.975,48.658109505625,48.658109505625,80,0.2023043506044176,0.0305314239412017,0.346148107176746,445.6923076923077
-73.91233667,40.82942333,0.1099183690043573,20.4,3.1,135.07692307692307,64.3515325670498,20.73333333333333,44.61538461538461,0.1983853132601465,0.0349175584175172,0.2291092768002347,0.0862838358095785,1196.7645169922398,28149.08392109441,1923.92523364486,23.306306306306308,45.80879512666666,45.80879512666666,111,0.1706673404474591,0.0593956757632848,0.3988685015595936,445.6923076923077
-73.96472333,40.79915667,0.0420212627049628,115.72727272727272,2.946153846153846,171.07692307692307,42.22911963882618,114.76190476190476,48.35384615384616,0.2058548817956823,0.0401703801330103,0.2519002296254898,0.0765868665111864,1218.689627445725,25273.06939971622,1928.171052631579,108.69736842105264,65.08823956407896,65.08823956407896,76,0.2174395822847159,0.0309155964213269,0.3581157862740384,441.0
-73.91226833,40.82940167,0.1111280719222699,20.4,3.1,135.07692307692307,64.3515325670498,20.73333333333333,44.61538461538461,0.2022463702949021,0.0268680121674214,0.226543551967483,0.0867215532336447,1205.481144691094,27847.39371353359,1923.298076923077,23.05555555555556,45.804132500277774,45.804132500277774,108,0.1669513525232445,0.0606977024713917,0.3945935943772679,445.6923076923077
-73.91735333,40.83290167,0.0738336740811958,89.0,3.1,135.07692307692307,56.53,93.44444444444444,44.61538461538461,0.0673039134775349,0.1168475651737098,0.2042987933618522,0.072525908877786,1533.6300268096516,29436.89442533177,1945.4666666666667,78.46052631578948,46.14495313,46.14495313,76,0.1282491626506887,0.0785682817158385,0.4171165926009736,445.6923076923077
-73.953495,40.81755667,0.0805336144194599,94.0,2.946153846153846,171.07692307692307,114.0,92.1818181818182,48.35384615384616,0.2935993560159424,-0.0006903705978601,0.2814821155384341,0.0803881690897351,1061.505617977528,20700.572821452683,1919.967741935484,94.22222222222224,67.9051784115873,67.9051784115873,63,0.2685942242967354,-0.0061712798983331,0.2933241623727992,441.0
-73.90972167,40.82632333,0.0777754003915206,24.5,3.1,135.07692307692307,52.907738095238095,25.3125,44.61538461538461,0.0995582600426633,0.0828440528259225,0.1809171217314677,0.0864937733265283,1425.7954423592494,32018.46178385552,1951.842105263158,28.23728813559322,35.23010160118645,35.23010160118645,59,0.0970730007491306,0.0849787847073459,0.4536970336151478,445.6923076923077
-73.95696333,40.77681833,0.0551913740824862,78.76666666666667,2.946153846153846,171.07692307692307,147.25,78.39622641509433,48.35384615384616,0.1316343993302206,0.037786046424181,0.1997834218041474,0.0803854880237007,1134.6405036163944,35231.838185993,1920.4149659863945,78.30405405405405,76.42997777175674,76.42997777175674,148,0.1381199840368507,0.0621734802059452,0.4992301186006314,441.0
-73.91689667,40.80412167,0.0741953924053006,33.0,2.946153846153846,171.07692307692307,36.455357142857146,38.25,48.35384615384616,0.339250385690425,-0.1056811923135531,0.2818189617719314,0.081435907526276,874.6224899598394,4773.256414857221,1962.7777777777776,34.44444444444444,116.1239153188889,116.1239153188889,9,0.3428333752819236,-0.0844534797163715,0.0676363621313341,441.0
-73.894685,40.84391667,0.0808862291761467,89.0,3.1,135.07692307692307,855.0225694444445,93.2,44.61538461538461,0.4251455346830635,-0.1010815265639945,0.3821589172890666,0.0870725545101012,797.0671302487297,5392.074340297511,1968.25,102.95,58.901099788,58.901099788,20,0.4450821455024396,-0.1024596475252145,0.076404923813568,445.6923076923077
-73.91581333,40.83496167,0.0550747029529797,106.72727272727272,3.1,135.07692307692307,56.53,103.25,44.61538461538461,0.0868034445256777,0.1053599103348524,0.2005227791820012,0.0685840720598598,1612.6602357984996,25101.80781743536,1953.607142857143,89.26315789473684,53.29356326192983,53.29356326192983,57,0.1136570182151853,0.0891585211705696,0.3556890340963327,445.6923076923077
-73.89158833,40.82145833,0.0868540216430599,50.875,3.1,135.07692307692307,40.802083333333336,50.92307692307692,44.61538461538461,0.1276134765802428,0.0750767334231213,0.1759126662372102,0.0838728758052034,1685.207385603425,30064.19589467768,1940.5434782608693,51.57446808510638,47.3785118312766,47.3785118312766,47,0.1157049823649308,0.059615063438344,0.4260053648893772,445.6923076923077
-73.91717,40.83334167,0.0678508896136108,94.22222222222224,3.1,135.07692307692307,56.53,92.6842105263158,44.61538461538461,0.0541486275739405,0.1191360733415997,0.1996659677158339,0.0714917670924411,1603.8434991974318,27047.002514015807,1945.305555555556,83.29166666666667,48.419903303888894,48.419903303888894,72,0.1128505452012128,0.0891693241865506,0.3832521653175134,445.6923076923077
-73.93579667,40.79961667,0.0872804451844688,13.909090909090908,2.946153846153846,171.07692307692307,357.1666666666667,14.911764705882351,48.35384615384616,0.2260924601724981,0.0521810403037723,0.2865889953642729,0.0838051771146345,1120.157246182695,22021.780698544557,1933.1359223300967,14.38317757009346,48.53621723233644,48.53621723233644,107,0.2433276775387391,0.0461156409362349,0.3120454894209643,441.0
-73.909525,40.82669667,0.0929478736256567,26.571428571428573,3.1,135.07692307692307,52.907738095238095,26.65,44.61538461538461,0.1053412063137289,0.0830941490586777,0.1745290366508673,0.087733749524073,1467.7717041800645,33724.90923015449,1954.1129032258063,28.90625,39.18163555484375,39.18163555484375,64,0.0938285920643787,0.0821695387334674,0.4778771503746488,445.6923076923077
-73.925235,40.826975,0.0746276320023427,42.71428571428572,3.1,135.07692307692307,31.5,41.5,44.61538461538461,0.1283050954673549,0.0778918190646894,0.2133475100131024,0.0922289751174286,1222.6021936864634,24144.358806034583,1941.8823529411768,41.1764705882353,49.00028571428571,49.00028571428571,35,0.1617773368282424,0.0485242629639818,0.3421221182570871,445.6923076923077
-73.90352,40.81751,0.073172984551288,51.29166666666666,3.1,135.07692307692307,11.044117647058824,50.86363636363637,44.61538461538461,0.1657662926704551,0.0606955724802389,0.2566131187443511,0.0855145547855307,1285.941726811013,19583.270608912582,1920.555555555556,49.26470588235294,41.7504556090196,41.7504556090196,102,0.2357321032248815,0.0161325975739207,0.2774921494891519,445.6923076923077
-73.91058667,40.83936333,0.125154205807015,74.33333333333333,3.1,135.07692307692307,4.071428571428571,70.77777777777777,44.61538461538461,0.1679587496466582,0.034108193300194,0.2421849010993417,0.1016345678068688,1168.4127579737335,22151.167965471534,1946.891304347826,70.43478260869566,44.167094034782615,44.167094034782615,46,0.2143643668362324,0.0256069051586161,0.3138788885265058,445.6923076923077
-73.92255,40.82338833,0.1046665117131797,53.0,3.1,135.07692307692307,88.95833333333333,52.5,44.61538461538461,0.090599188739448,0.0710793275973574,0.1581052665494058,0.0999956380542187,1324.4943790149894,26258.514780487007,1956.055555555556,55.27777777777778,91.21172638388887,91.21172638388887,18,0.098458046745612,0.0612038254800806,0.3720794066712537,445.6923076923077
-73.95286,40.818075,0.0859509592685593,107.55555555555556,2.946153846153846,171.07692307692307,114.0,107.16666666666669,48.35384615384616,0.1579583343742479,0.073892314238968,0.225639281517712,0.0894541818032126,1195.9413340476829,22059.543236227568,1918.235294117647,104.46376811594205,66.02197449173913,66.02197449173913,69,0.1835586317709713,0.037842790621875,0.3125805791897291,441.0
-73.9122,40.84474833,0.0811591747168894,70.2,3.1,135.07692307692307,127.04166666666669,65.14285714285714,44.61538461538461,0.1452516567123686,0.0358957416490676,0.2076029220655127,0.0849511268984174,1268.0647058823529,17062.46853284142,1927.6,57.01923076923077,45.70895522403846,45.70895522403846,52,0.1668517756565114,0.0388082021262706,0.2417727438551412,445.6923076923077
-73.903805,40.81188,0.0761700521919758,28.0,3.1,135.07692307692307,51.140625,28.8,44.61538461538461,0.0566112420470476,0.1136764102619002,0.1613479114999643,0.07817779471378,1605.190361445783,26886.54513123867,1951.2432432432436,32.67123287671233,35.15824671013514,35.15824671013514,74,0.0739984768962435,0.0886413005441613,0.3809785071048307,445.6923076923077
-73.92686333,40.83529333,0.0974316013544305,103.7,3.1,135.07692307692307,21.926369863013697,103.58823529411764,44.61538461538461,0.3114367452289535,-0.0370986985320688,0.2570655027872996,0.0925088014425129,1175.0098956940358,22650.26345140954,1949.6891891891887,100.22666666666667,39.71127989306667,39.71127989306667,75,0.2524377573287993,-0.0042493189745524,0.3209510003282092,445.6923076923077
-73.90882667,40.843765,0.0887897356086893,65.3529411764706,3.1,135.07692307692307,37.09031556039173,64.875,44.61538461538461,0.1721962233628315,0.0484513895362954,0.2619345944631788,0.0870678627168012,1075.6046573875803,19259.32277753381,1934.828125,70.41538461538461,47.95098153261538,47.95098153261538,65,0.2318945596984273,0.0159994106425945,0.2729018549541355,445.6923076923077
-73.99138833,40.77586333,0.0746171615052194,0.0,2.946153846153846,171.07692307692307,79.1561403508772,0.0,48.35384615384616,0.3755308400842537,-0.0638512306773177,0.158182592129502,0.0171668708450045,683.5753278030505,4064.226115251408,2006.6666666666667,24.33333333333333,396.22074687,396.22074687,3,0.2054212091203038,-0.0651671867067164,0.0575895039830803,441.0
-73.962415,40.80243333,0.0592126662132405,101.0,2.946153846153846,171.07692307692307,118.07570422535213,100.44444444444444,48.35384615384616,0.3469019288883401,-0.0663305077951385,0.2917555660195756,0.0810680662986796,1011.1747858672376,21738.927416434275,1913.8444444444444,98.6086956521739,72.58021739130434,72.58021739130434,46,0.3013777919551622,-0.0352263501360824,0.3080374987840641,441.0
-73.893215,40.84425667,0.0866840813996299,106.46153846153848,3.1,135.07692307692307,855.0225694444445,104.3181818181818,44.61538461538461,0.3134113835780568,-0.0524814203329643,0.2921120671002495,0.0787071678507556,1091.3044176706828,13316.464205888553,1961.946428571429,104.35714285714286,49.70355013017858,49.70355013017858,56,0.3079175713612467,-0.0362629414777053,0.1886923971937626,445.6923076923077
-73.89811667,40.81923333,0.0670454924202143,41.0,3.1,135.07692307692307,70.15811965811966,36.75,44.61538461538461,0.4991807277452931,-0.1121208540559499,0.39649761071073,0.1041489424555142,880.3218020917136,9978.588535125982,1945.25,46.16666666666666,54.15916666666666,54.15916666666666,12,0.4390426135394712,-0.0786000427681447,0.1413951753400788,445.6923076923077
-73.89667833,40.84407833,0.075477940282599,0.0,3.1,135.07692307692307,20.34375,71.0,44.61538461538461,0.4117968520602735,-0.0908343080665566,0.3635097114434541,0.095222105608679,811.7927710843373,6652.194774525683,1941.0,62.23529411764706,41.01212253111111,41.01212253111111,18,0.4033058437762502,-0.079241277937104,0.0942606505149658,445.6923076923077
-73.92572833,40.84127,0.0491662062479332,142.46153846153845,3.1,135.07692307692307,46.38151260504202,139.7037037037037,44.61538461538461,0.1576468950397733,0.0687603474640363,0.3080031253661027,0.0717238705150006,1122.6132655790318,22385.171761755093,1939.921052631579,126.73076923076924,40.588180594358974,40.588180594358974,78,0.2978936508702599,-0.0196790435072429,0.3171946889211466,445.6923076923077
-73.89257667,40.84387167,0.0901902496517487,106.0,3.1,135.07692307692307,855.0225694444445,106.71428571428572,44.61538461538461,0.2907373634834718,-0.0287083319224771,0.2578305060942535,0.080328246455006,1202.2822364901017,14854.765954542218,1956.0704225352115,102.49295774647888,45.39006981888888,45.39006981888888,72,0.2542805118434148,-0.0083775531954833,0.2104899134168966,445.6923076923077
-73.95827667,40.774705,0.1225603223018472,58.42105263157895,2.946153846153846,171.07692307692307,147.25,57.81395348837209,48.35384615384616,0.1677213014230757,0.0380979309811193,0.2106050472938038,0.0860584337311077,1003.011238961734,30923.214517036293,1918.571428571429,60.93288590604027,82.77773058677853,82.77773058677853,149,0.1798565514335029,0.0306603117010126,0.4381775361637234,441.0
-73.93841,40.80229333,0.0673936773032424,16.57894736842105,2.946153846153846,171.07692307692307,38.0,16.166666666666668,48.35384615384616,0.2123258840991404,0.0309624917723191,0.2493385868312221,0.0938966661812323,1138.1678714859438,21687.875082910352,1927.392857142857,17.51764705882353,55.64646951352941,55.64646951352941,85,0.203860730512503,0.0432558189906682,0.307314094503883,441.0
-73.96528333,40.79930667,0.1165548360504494,112.75,2.946153846153846,171.07692307692307,42.22911963882618,112.36842105263158,48.35384615384616,0.2386246893602726,0.0168507696024452,0.2444848062175067,0.0822874651262751,1201.7243967828415,25960.86324860859,1929.756097560976,108.49397590361446,62.740436227349406,62.740436227349406,83,0.2107543609637838,0.0302049102350871,0.3678617269466252,441.0
-73.94929167,40.79698333,0.0350627511459271,18.0,2.946153846153846,171.07692307692307,32.38764880952381,17.25,48.35384615384616,0.3461563357062442,-0.0596991127308418,0.250514879114368,0.0462212519591015,1103.2550802139035,22301.16564607921,1943.1142857142856,15.114285714285714,92.01956130114286,92.01956130114286,35,0.2698752234771743,-0.0436678547596754,0.3160043342519933,441.0
-73.88392667,40.81553333,0.082203526281815,31.181818181818183,3.1,135.07692307692307,48.80059523809524,31.22222222222222,44.61538461538461,0.0411899221258217,0.0754231743399948,0.1796173002314847,0.0915216725325653,1633.533440342429,26359.136639395307,1952.909090909091,27.717391304347824,19.87276595744681,19.87276595744681,47,0.0938232575986709,0.0873562863766981,0.3735052040498012,445.6923076923077
-73.89794333,40.83639,0.0895818107489199,0.0,3.1,135.07692307692307,67.09821428571429,0.0,44.61538461538461,0.6360994386382905,-0.2035230439601889,0.6140530165894413,0.072640840405749,376.9989293361885,0.0,0.0,0.0,0.0,0.0,0,0.7334889715372553,-0.2428352605285134,0.0,445.6923076923077
-73.896715,40.80842,0.0821717241049553,11.0,3.1,135.07692307692307,44.79861111111112,11.333333333333334,44.61538461538461,0.1174403097219104,0.0262409663477909,0.1700976551134503,0.0883118197335729,1492.4087864987946,23575.506068123203,1994.3333333333333,15.0,29.084223852222223,29.084223852222223,9,0.0896560613166751,0.0810977123712952,0.334061556151061,445.6923076923077
-73.98891833,40.76938833,0.0935148927721133,56.142857142857146,2.946153846153846,171.07692307692307,122.75,57.26086956521739,48.35384615384616,0.0564606727853428,0.1267148888378368,0.2039448216934389,0.0903904584905923,1178.921489817792,38735.86797736444,1929.354838709677,58.14516129032258,90.16937120403226,90.16937120403226,62,0.1206922863971934,0.0841418422068226,0.5488817206296566,441.0
-73.90439333,40.808115,0.1060578079229144,18.0,2.946153846153846,171.07692307692307,7.139136904761905,18.0,48.35384615384616,0.0670159080680182,0.0781876298007599,0.1571424041763756,0.1178118459788633,1171.6077067166177,6476.595273172911,1942.125,25.9,28.875222497,28.875222497,10,0.0863020619061672,0.0686982984022547,0.0917724306430964,441.0
-73.91538833,40.83536667,0.077926666463406,105.33333333333331,3.1,135.07692307692307,56.53,103.5,44.61538461538461,0.0850745513850336,0.1024795563922436,0.2027548433149429,0.0699911312282641,1505.600642398287,26517.25895288432,1953.983606557377,89.2258064516129,54.66666299887096,54.66666299887096,62,0.1304801262889461,0.0738219727467908,0.3757457746645541,445.6923076923077
-73.97155833,40.766505,-0.0525689768951572,51.4,2.946153846153846,171.07692307692307,208.9472049689441,50.833333333333336,48.35384615384616,0.5833715809222305,-0.1875015657513415,0.408751355610123,0.0330966766277474,724.2848728246319,20045.138146663307,1896.7058823529408,50.693333333333335,85.34251271706667,85.34251271706667,75,0.4734979051252794,-0.126900189034394,0.2840367465783698,441.0
-73.95496167,40.77345667,0.11633188749759,44.71428571428572,2.946153846153846,171.07692307692307,106.33333333333331,44.90476190476191,48.35384615384616,0.151802339512219,0.0590885784529775,0.2181082259043632,0.0918601616618006,999.5997322623828,32808.81520878058,1925.4328358208957,45.80740740740741,76.32468113162963,76.32468113162963,135,0.1603297699656612,0.0595382555311838,0.4648962288422417,441.0
-73.94806667,40.79310667,0.0577192784621111,12.0,2.946153846153846,171.07692307692307,32.38764880952381,12.0,48.35384615384616,0.2562700587478433,0.0082739056383007,0.3024235297010545,0.0682406247961687,911.7911087305838,18021.025237984344,1936.1891891891887,12.486486486486486,83.99344381131579,83.99344381131579,38,0.3082006299274899,-0.0268685549781274,0.2553553555560298,441.0
-73.97364167,40.79474167,0.1024539971783792,54.333333333333336,2.946153846153846,171.07692307692307,95.0,60.095238095238095,48.35384615384616,0.1480735104611659,0.0815467771140454,0.2036842445392911,0.0983011816865195,1038.3341371918543,31749.77115435531,1924.6835443037971,59.98765432098765,86.62004376876543,86.62004376876543,81,0.1371738368548526,0.0691439793792631,0.4498897257437635,441.0
-73.95694833,40.80499,0.0823159203317801,32.07142857142857,2.946153846153846,171.07692307692307,26.7945945945946,31.925925925925927,48.35384615384616,0.1753692277469215,0.0481703264564653,0.2809714278680046,0.0778937755393071,1168.7100053504548,26522.9082545938,1909.1583333333333,32.81818181818182,59.22607146330577,59.22607146330577,121,0.26174199108333,0.0055641277654099,0.3758258244624864,441.0
-73.90419833,40.81585833,0.083376890921686,41.52941176470589,3.1,135.07692307692307,20.86458333333333,41.4,44.61538461538461,0.318112935442724,-0.0453165719609352,0.2640068780287762,0.0824641192476706,1111.394264272313,18940.27607560001,1924.6705882352944,42.38095238095238,49.1654508862353,49.1654508862353,85,0.2625928190319089,-0.0092265203629274,0.2683810087241368,445.6923076923077
-73.92742833,40.83408,0.0669264583560804,108.0,3.1,135.07692307692307,45.022922636103154,105.8181818181818,44.61538461538461,0.2069279868817174,0.0412293856933817,0.2521531049192879,0.0790000377941007,1344.608451457609,24202.46227139826,1936.475806451613,105.15322580645162,37.72736005443548,37.72736005443548,124,0.2202017641780106,0.0297862545718962,0.3429454360686173,445.6923076923077
-73.91715167,40.844005,0.1007230697532364,47.66666666666666,3.1,135.07692307692307,54.99479166666666,45.90909090909091,44.61538461538461,0.2611528562778021,0.0171197760375259,0.2272000904319179,0.0928517544798039,1190.2360331462176,25418.27034485518,1956.4146341463413,62.55813953488372,34.15673667195652,34.15673667195652,46,0.1922228741396383,0.0263017868917487,0.3601732629423746,445.6923076923077
-73.957195,40.82223833,0.0818551337745554,9.0,2.946153846153846,171.07692307692307,154.0,9.0,48.35384615384616,0.3867184281282511,-0.0996143697130883,0.2273357279928236,0.0702384219513172,1033.2278209595283,13153.039880584754,1915.75,52.61538461538461,59.79021614461538,59.79021614461538,26,0.2173580098823899,-0.013821096119393,0.1863766978289706,441.0
-73.90078,40.8415,0.0578171014154395,50.0,3.1,135.07692307692307,20.34375,48.083333333333336,44.61538461538461,0.1040778120013423,0.0174783250127486,0.1306281867674993,0.0676093406858579,1622.066381156317,35597.89633688858,1942.4814814814813,46.172413793103445,24.73844143413793,24.73844143413793,29,0.0904967802211683,0.0399429712684674,0.5044171103539026,445.6923076923077
-73.95710667,40.80716333,0.0874951026814462,31.75,2.946153846153846,171.07692307692307,26.7945945945946,32.25,48.35384615384616,0.4909677644138195,-0.1243120381679639,0.4099593958589747,0.0737405450575036,789.23598820059,16281.215848900214,1914.7021276595744,42.234042553191486,65.38798397680853,65.38798397680853,47,0.4495726647193296,-0.1001651030832741,0.2307025048282853,441.0
-73.95403167,40.77551333,0.0526513402214051,59.63636363636363,2.946153846153846,171.07692307692307,106.33333333333331,58.83018867924528,48.35384615384616,0.1063103480373543,0.1003599668596552,0.2131324871673441,0.08035603370148,1262.939994642379,35773.283014179455,1925.0260416666667,59.21243523316062,64.72003451787565,64.72003451787565,193,0.1242781158496145,0.0913801616723556,0.5069023145383602,441.0
-73.91676667,40.80406833,0.0760350849574949,36.0,2.946153846153846,171.07692307692307,36.455357142857146,38.333333333333336,48.35384615384616,0.325456452921805,-0.0946690232273465,0.2750291162707284,0.0817214989067965,883.8842443729903,4413.932756033792,1962.7777777777776,34.44444444444444,116.1239153188889,116.1239153188889,9,0.3351544296739147,-0.082814333422198,0.0625447971707304,441.0
-73.89541,40.81758333,0.1077742744480363,27.0,3.1,135.07692307692307,62.063657407407405,26.666666666666668,44.61538461538461,0.1273481517807404,0.0802227894031959,0.2234132815069435,0.0896822212908746,1282.7827134064758,23609.568370209272,1948.126126126126,29.258928571428573,37.883284828125,37.883284828125,112,0.1685126126119846,0.0520584685324962,0.3345442141098161,445.6923076923077
-73.894235,40.80907833,0.115364818910495,13.5,3.1,135.07692307692307,44.79861111111112,13.5,44.61538461538461,0.1141813904447234,0.0694511528286477,0.1628686623731553,0.1007782340342898,1482.7723010983125,16527.55882611079,1966.0,13.529411764705882,26.59654022117647,26.59654022117647,17,0.0931824948571078,0.0700456658913694,0.2341931496561548,445.6923076923077
-73.90390667,40.80835167,0.121303073998574,0.0,2.946153846153846,171.07692307692307,7.139136904761905,0.0,48.35384615384616,0.0611879308986614,0.0737495549294749,0.151817867108551,0.1129503747450096,1135.9021128644022,6027.350440724019,1940.1,26.0,28.176173795,28.176173795,12,0.0801694354169375,0.0697956429473372,0.0854066954861998,441.0
-73.89524667,40.81734,0.104895421629794,27.11111111111111,3.1,135.07692307692307,62.063657407407405,30.074074074074076,44.61538461538461,0.1173037602979422,0.0892189108072961,0.203656242688131,0.0911926886438904,1304.835653104925,22140.472790616852,1946.561224489796,29.255102040816325,38.86661852306122,38.86661852306122,98,0.141027015068446,0.061632478598678,0.313727339425304,445.6923076923077
-73.95109833,40.78876833,0.0817285589434498,53.0,2.946153846153846,171.07692307692307,135.0,53.75,48.35384615384616,0.2592834593599889,-0.0189896301424943,0.2880922858207141,0.0657412153999624,882.5025421461065,20070.572176949117,1918.375,54.208333333333336,76.83410757416667,76.83410757416667,48,0.2881429725626285,-0.0240922894898425,0.2843971431576489,441.0
-73.891595,40.82153167,0.0903924502631789,50.875,3.1,135.07692307692307,40.802083333333336,51.13333333333333,44.61538461538461,0.1300096960793266,0.077552843583563,0.1795879695820423,0.0831677916515112,1683.8113612004288,30197.4218944986,1939.3333333333333,52.18367346938776,47.87285828714285,47.87285828714285,49,0.1213072430759362,0.0575802976998248,0.4278931582921497,445.6923076923077
-73.95975,40.801385,0.0430602359494644,51.0,2.946153846153846,171.07692307692307,47.30357142857143,53.90909090909091,48.35384615384616,0.3606703738314978,-0.0679286689836238,0.3014297322636413,0.078381417423777,1082.6540829986614,17457.482380058107,1918.0,56.910714285714285,74.89451090578947,74.89451090578947,57,0.310818534238332,-0.0425223014612128,0.2473700336910471,441.0
-73.94890167,40.80167,0.0816356682645433,21.416666666666668,2.946153846153846,171.07692307692307,77.884375,21.357142857142858,48.35384615384616,0.1543618130702351,0.0345836961221486,0.2299437759320567,0.0814088392864716,1069.6328062181722,27969.86988238131,1953.3333333333333,21.466666666666665,67.81712059612903,67.81712059612903,31,0.2001787195428971,0.0275114446919441,0.396329064209978,441.0
-73.96678333,40.80389833,0.0762491737722427,105.4,2.946153846153846,171.07692307692307,17.53684210526316,106.0,48.35384615384616,0.1307007775479597,0.0409243828583458,0.1833437781773723,0.0905613965895545,1185.9277108433737,28909.71579293265,1917.7945205479448,106.67123287671232,83.41283234739726,83.41283234739726,73,0.1502656469830783,0.0324289356690361,0.4096465466212984,441.0
-73.93246333,40.79813333,0.0828353177006126,10.25,2.946153846153846,171.07692307692307,9.522648083623691,10.756756756756756,48.35384615384616,0.251487183173752,-0.0089465203281508,0.2876678028555682,0.0845268436961529,1052.9175147295125,19925.62365057731,1915.2058823529408,11.00952380952381,49.62623800980952,49.62623800980952,105,0.2929259426048352,-0.0200358511000417,0.2823432432268394,441.0
-73.964275,40.76059167,0.0663356935799549,61.5,2.946153846153846,171.07692307692307,111.39488636363636,61.8,48.35384615384616,0.1560726164038651,0.0436673099905764,0.1903265462700187,0.0843728515088513,1054.6362419700215,28842.81638741196,1917.488,59.3015873015873,68.79822949444446,68.79822949444446,126,0.135926692080538,0.0534844521528924,0.4086985915938735,441.0
-73.97178833,40.76615667,-0.0419952887889047,52.25,2.946153846153846,171.07692307692307,208.9472049689441,52.333333333333336,48.35384615384616,0.5775572924426854,-0.1827014294831941,0.4125161155549765,0.0334483427645523,726.4803001876172,19401.37489947645,1900.701754385965,50.507936507936506,91.43429270793648,91.43429270793648,63,0.4782988751781747,-0.1316208296706797,0.2749147132471106,441.0
-73.95899333,40.809555,0.0898389993790324,99.83333333333331,2.946153846153846,171.07692307692307,95.70833333333331,103.0,48.35384615384616,0.1058155060654923,0.0494974519434206,0.1507658399365523,0.0929632423096625,1206.4493179994652,30221.764764535827,1917.5813953488373,103.4090909090909,102.03080683204544,102.03080683204544,44,0.0950230417339099,0.0571376860009561,0.4282380932857373,441.0
-73.91556667,40.83522167,0.0508383984173794,106.8,3.1,135.07692307692307,56.53,104.27777777777776,44.61538461538461,0.0812201295614498,0.0989488598175278,0.1990076521380435,0.0694565151270825,1556.794275013376,26584.377708172837,1956.311475409836,88.48387096774194,52.82198557951613,52.82198557951613,62,0.1216988019158412,0.0793767077956669,0.3766968378462594,445.6923076923077
-73.961635,40.79784833,0.059177411378414,93.94117647058825,2.946153846153846,171.07692307692307,47.30357142857143,94.91176470588236,48.35384615384616,0.2114229944254022,0.0059843068955147,0.2428548103581645,0.0649081802035345,1355.7439742903052,26181.589110232904,1915.75,93.95588235294116,56.479191176470586,56.479191176470586,136,0.2203486391084416,0.0135570160863142,0.3709893809026861,441.0
-73.94739333,40.78528667,0.0548577048627773,16.333333333333332,2.946153846153846,171.07692307692307,172.34027777777777,15.22222222222222,48.35384615384616,0.3862605796092007,-0.0448299890112626,0.3196202168635609,0.0860958586357018,838.5050911039657,16366.772798824968,1950.78125,17.84375,126.5695735159375,126.5695735159375,32,0.3232757944546322,-0.0243487922922911,0.2319148345976406,441.0
-73.95279,40.77490333,0.0938105512154242,51.70967741935484,2.946153846153846,171.07692307692307,106.33333333333331,52.22950819672131,48.35384615384616,0.2181621931939523,0.0437692126171415,0.2168613008097532,0.0799042805033541,1229.772423025435,34806.37599239352,1923.9030303030304,53.29090909090909,66.1308519219394,66.1308519219394,165,0.146148802483759,0.0726268208717827,0.4932013800424231,441.0
-73.919065,40.84354333,0.0810502083430124,117.3076923076923,3.1,135.07692307692307,54.99479166666666,104.9047619047619,44.61538461538461,0.2563176873128331,-7.110785083370612e-05,0.2853014954561971,0.0859070189171042,1061.0567603748327,23618.34410112459,1948.1016949152545,101.41935483870968,40.77269505741936,40.77269505741936,62,0.2585141516236362,0.0118195633471188,0.3346685649641769,445.6923076923077
-73.92630833,40.834865,0.078492489311874,103.3076923076923,3.1,135.07692307692307,45.022922636103154,100.0,44.61538461538461,0.3276765023044509,-0.0443595671701045,0.2737697506098397,0.0920298771626466,1148.67881060809,24300.177723437915,1950.6506024096384,93.07228915662652,43.13043702626506,43.13043702626506,83,0.2545624442724817,0.0111121830126879,0.3443300500774074,445.6923076923077
-73.95199333,40.81882333,0.1108193163788537,130.57142857142858,2.946153846153846,171.07692307692307,154.0,129.57142857142858,48.35384615384616,0.1359989817743981,0.0601702883692095,0.222377547156314,0.0978928813185767,1162.4890198178896,21513.149084888333,1917.42,118.36,67.41436682599999,67.41436682599999,50,0.1739962155264161,0.0419422574106833,0.3048382520507192,441.0
-73.93536833,40.80039333,0.0810272924778622,13.77777777777778,2.946153846153846,171.07692307692307,222.4527027027027,13.6875,48.35384615384616,0.2773912825873883,0.0039907801885315,0.3011656307632835,0.0867960877264377,1022.7378978336452,18819.954522022566,1925.546875,14.227272727272728,64.87263766227275,64.87263766227275,66,0.277146876275016,0.0229396668339032,0.2666760694827867,441.0
-73.89158333,40.821185,0.0860461954364747,50.2,3.1,135.07692307692307,40.802083333333336,49.45454545454545,44.61538461538461,0.1042167240307316,0.07190733190663,0.1661315970676201,0.0864397699533257,1670.6110813704497,28848.9204599304,1944.439024390244,50.40476190476191,49.02561644333333,49.02561644333333,42,0.0986051772791605,0.0671162304727002,0.4087850854302553,445.6923076923077
-73.96228333,40.79816,0.0570834045940328,97.92682926829268,2.946153846153846,171.07692307692307,42.22911963882618,98.20289855072464,48.35384615384616,0.1682425697246701,0.0465821199287111,0.2198339758733256,0.0636623385679269,1499.673267326733,27075.894101035447,1917.456953642384,95.8476821192053,56.610529801324496,56.610529801324496,151,0.1775262807189262,0.0423932212710701,0.383661554980835,441.0
-73.947745,40.79293,0.0889115200996821,12.0,2.946153846153846,171.07692307692307,32.38764880952381,11.909090909090908,48.35384615384616,0.2224227461180495,0.0273519689531808,0.291791572656944,0.0683098094994619,943.8121990369182,20558.51023753248,1926.4772727272727,12.181818181818182,69.26868588511111,69.26868588511111,45,0.290301562537446,-0.016915949557076,0.2913111558344122,441.0
-73.89792833,40.81943,0.0833758968975504,36.0,3.1,135.07692307692307,70.15811965811966,36.75,44.61538461538461,0.470306803699329,-0.1068882476342475,0.3808635275540746,0.1012625934937766,911.7152034261242,10213.106892280268,1951.1052631578948,39.26315789473684,57.74588646789473,57.74588646789473,19,0.4189985820022983,-0.073203105500896,0.1447182669891588,445.6923076923077
-73.87980333,40.80564167,0.0965015954071076,15.0,3.1,135.07692307692307,26.96312684365781,15.0,44.61538461538461,0.213191494482679,0.0027688526350506,0.2091129966823421,0.0939398191565653,1085.033512064343,3667.1534198947256,1988.1818181818185,14.846153846153848,16.553846153846152,16.553846153846152,13,0.1912622869050679,0.0119413546844427,0.0519630405623442,445.6923076923077
-73.95477667,40.78076833,0.0876579943084047,88.0625,2.946153846153846,171.07692307692307,228.0,86.77777777777777,48.35384615384616,0.1289411984724137,0.0763625726402663,0.2084008067987234,0.0819780000213169,1081.2805139186296,39527.37497557439,1923.3921568627447,86.41176470588235,94.9000012501961,94.9000012501961,102,0.1308708333557565,0.080169911070661,0.5600972618252408,441.0
-73.956035,40.77378667,0.1062634609322506,47.76470588235294,2.946153846153846,171.07692307692307,106.0,46.4054054054054,48.35384615384616,0.2057644659681152,0.0533754164690826,0.2152781217176058,0.0923720139026621,960.9466630930044,31366.56554902508,1925.6101694915253,48.12605042016807,85.39854870865545,85.39854870865545,119,0.168732385313587,0.0477936651288332,0.444459757009313,441.0
-73.93538667,40.80095333,0.0676145294362198,12.875,2.946153846153846,171.07692307692307,222.4527027027027,13.642857142857142,48.35384615384616,0.235547729849282,-0.0170557366828312,0.2911141113531663,0.0813342371869452,1059.112540192926,19894.949330257838,1935.0285714285717,14.76388888888889,69.71750728583334,69.71750728583334,72,0.2746705332787507,0.0104684534585768,0.2819085924857926,441.0
-73.92721,40.834035,0.0744283103146031,105.0909090909091,3.1,135.07692307692307,45.022922636103154,103.3181818181818,44.61538461538461,0.2126739653936364,0.037513323713499,0.2512643623174803,0.0786279146935259,1335.514430785676,24231.874994795216,1937.4444444444443,104.25641025641026,38.33070389572649,38.33070389572649,117,0.2191743022444092,0.0294908013266504,0.3433622101615524,445.6923076923077
-73.95703667,40.7632,0.0737269508124714,33.416666666666664,2.946153846153846,171.07692307692307,6.338308457711443,34.95,48.35384615384616,0.2064334392051771,0.0122091784400702,0.2467427201493417,0.0782113383148295,1008.6839003482454,30235.665633446395,1928.981132075472,35.716981132075475,81.7547094635849,81.7547094635849,53,0.2796196284467057,-0.0591872938745925,0.4284350666144024,441.0
-73.95860333,40.76001667,0.0999876100569268,15.4,2.946153846153846,171.07692307692307,0.2154696132596685,17.333333333333332,48.35384615384616,0.1441684526608368,0.0436052564074791,0.1765053406079084,0.0805105595897729,861.5669164882227,20385.92695815015,1954.55,23.166666666666668,151.1264507025,151.1264507025,24,0.1437832608179465,0.030035913969404,0.2888656753984489,441.0
-73.962185,40.80231667,0.0888637962058409,96.4,2.946153846153846,171.07692307692307,118.07570422535213,96.0,48.35384615384616,0.32727190294551,-0.0473729043864979,0.2987080867372574,0.079037228551358,1006.2946380697052,21597.439624267263,1913.5434782608693,96.46808510638296,70.40425531914894,70.40425531914894,47,0.3121531410475955,-0.0413061246319077,0.3060326369628073,441.0
-73.95936,40.77446667,0.112255490735634,59.0,2.946153846153846,171.07692307692307,147.25,58.5686274509804,48.35384615384616,0.1770274428899899,0.0195685471649834,0.205088319212804,0.0943486963313729,1017.9041242635244,34475.96170256582,1918.8217054263569,59.81395348837209,90.6023393696124,90.6023393696124,129,0.1653885304390627,0.0401869847862862,0.488519456713283,441.0
-73.91331167,40.82978,0.0883852508384147,23.875,3.1,135.07692307692307,64.3515325670498,24.625,44.61538461538461,0.1810682027482425,0.0681543097292729,0.2615385244521562,0.0856864741775886,1150.3107420305384,28245.594915163914,1927.0078125,26.892307692307693,49.283977806,49.283977806,130,0.2108776879225663,0.0510050101757793,0.4002360485717361,445.6923076923077
-73.895245,40.84396167,0.0924084284043625,0.0,3.1,135.07692307692307,46.397260273972606,95.5,44.61538461538461,0.4895329461812965,-0.118101509236986,0.4202050602398362,0.0910645824768899,710.4340379983944,3336.8410405344084,1953.642857142857,98.5,54.847142857142856,54.847142857142856,14,0.4942691616007157,-0.1219043918823915,0.047282561290865,445.6923076923077
-73.90502167,40.84424,0.125245329089549,77.0,3.1,135.07692307692307,115.44444444444444,73.19444444444444,44.61538461538461,0.1179434513326192,0.0524584704500318,0.2072830694649254,0.0868846156543722,1182.498529804865,19627.954071045424,1936.75,72.3076923076923,38.29477813846154,38.29477813846154,104,0.1607373258967975,0.0462469560134484,0.2781253077702222,445.6923076923077
-73.96481667,40.799195,0.0595342607884569,115.5,2.946153846153846,171.07692307692307,42.22911963882618,114.77777777777776,48.35384615384616,0.213714447388969,0.0342649740955827,0.249217554052559,0.0778669456760098,1211.3174645627173,25208.205058863256,1928.8266666666664,108.97333333333331,65.28168275826668,65.28168275826668,75,0.2161792437465351,0.0291808549639409,0.3571966678208998,441.0
-73.92139333,40.83182,0.0716322264332988,56.5,3.1,135.07692307692307,68.48275862068965,56.42857142857143,44.61538461538461,0.1115997463320337,0.1048972409090623,0.2251903310990179,0.0786197651867859,1303.6565764800428,23577.8046787886,1936.34693877551,58.08,54.39469380719999,54.39469380719999,50,0.1796826802446278,0.0403514128656497,0.3340941271357627,445.6923076923077
-73.91755,40.84626833,0.096383725404979,91.125,3.1,135.07692307692307,54.99479166666666,96.3,44.61538461538461,0.1408141389860254,0.0450464024558542,0.220850923712817,0.0945473904968058,1285.4946524064171,17288.46099044062,1934.0277777777776,102.46052631578948,37.03799987631579,37.03799987631579,76,0.1848297866925849,0.0332506453041915,0.2449750247241282,445.6923076923077
-73.88854167,40.806315,0.0974260141179322,12.75,3.1,135.07692307692307,52.5,13.666666666666666,44.61538461538461,0.2530573174443423,0.0008052259943975,0.3031255124198899,0.0757977445487774,888.2486616702355,12945.821311379736,1956.8823529411768,20.73684210526316,22.093567415263152,22.093567415263152,19,0.2870234040755269,-0.01242072193776,0.1834404402787524,445.6923076923077
-73.95483667,40.794275,0.0592356590385817,0.0,2.946153846153846,171.07692307692307,128.3,0.0,48.35384615384616,0.7081455664950066,-0.2322957001420994,0.6427479108813811,0.0272087763355858,379.0476063118481,0.0,0.0,0.0,0.0,0.0,0,0.7530485916245379,-0.2552350677913293,0.0,441.0
-73.98883667,40.769325,0.0890266991608278,57.71428571428572,2.946153846153846,171.07692307692307,122.75,57.24,48.35384615384616,0.0589616236635896,0.124314013286266,0.2015405154170207,0.0894977933348448,1185.4523554603854,38537.16301396231,1929.904761904762,58.31746031746032,91.72890499444443,91.72890499444443,63,0.1169930587338298,0.0857765947900063,0.5460660996574753,441.0
-73.94841667,40.78615167,0.0566021277299028,32.5,2.946153846153846,171.07692307692307,172.34027777777777,32.75,48.35384615384616,0.3362592732518497,-0.0274835221764364,0.3284661575442889,0.0717439199363478,828.316929660337,19387.58713361209,1934.9777777777776,36.145833333333336,89.75119754125,89.75119754125,48,0.3412916298428924,-0.035336902334874,0.2747193425730238,441.0
-73.91302167,40.83857333,0.0890895311181035,95.42857142857144,3.1,135.07692307692307,58.32291666666666,94.25,44.61538461538461,0.1006355953092188,0.081050594295038,0.2444133408159152,0.0862981127337078,1224.8323962516731,18133.147620627347,1927.6764705882356,95.51515151515152,57.52723136382353,57.52723136382353,34,0.2021520282841518,0.0378302718585251,0.2569441137151131,445.6923076923077
-73.95843667,40.76429833,0.0594969183936096,45.09090909090909,2.946153846153846,171.07692307692307,21.0,44.0,48.35384615384616,0.1679894730832992,0.0568653503932186,0.2099769412568507,0.0829283190166208,1154.8400750066971,31392.85638919402,1927.974683544304,44.65,85.6465815425,85.6465815425,80,0.1730803802418151,0.0337515977325869,0.4448322944626355,441.0
-73.89597667,40.84400167,0.1006401545507526,0.0,3.1,135.07692307692307,20.34375,0.0,44.61538461538461,0.4784894889560599,-0.1097132191401213,0.4133652863331651,0.0926129852999255,691.8554990634199,2709.885542505547,1930.2727272727277,72.91666666666667,55.14833333333333,55.14833333333333,12,0.4799294315720975,-0.1152388577096222,0.0383986913666084,445.6923076923077
-73.90328,40.8087,0.1174121545458966,0.0,2.946153846153846,171.07692307692307,7.139136904761905,0.0,48.35384615384616,0.0863792230482585,0.0470989538961343,0.1408703627655306,0.1021586424225725,1139.9186730872125,5245.118613430404,1938.5833333333333,28.416666666666668,21.779046041666664,21.779046041666664,12,0.0667686325029877,0.0724032894682357,0.0743225821381873,441.0
-73.90519333,40.80768,0.1018636989700616,18.0,2.946153846153846,171.07692307692307,7.139136904761905,20.0,48.35384615384616,0.097866107797758,0.0528341600189895,0.1423119345489623,0.1154158807482132,1244.507226980728,7271.568880689382,1948.6666666666667,24.125,34.61069163,34.61069163,8,0.067769484924551,0.0743915058918349,0.1030370931984282,441.0
-73.93185,40.79783833,0.084074252879708,11.461538461538462,2.946153846153846,171.07692307692307,9.522648083623691,11.318181818181818,48.35384615384616,0.3037097377181437,-0.0498514591319301,0.3069834396302878,0.0814741114832177,994.4459893048128,18052.326105043237,1919.2888888888888,11.397849462365592,50.4985509216129,50.4985509216129,93,0.3357758915404108,-0.0508449388590551,0.2557988843744055,441.0
-73.88334667,40.81329,0.0767185543650169,22.9,3.1,135.07692307692307,52.5,24.642857142857142,44.61538461538461,0.0522618820812957,0.1086841689433212,0.1708376658838512,0.0886334487196203,1437.99437751004,22450.87372752888,1950.441860465116,25.68888888888889,19.33473364755556,19.33473364755556,45,0.0764478459471006,0.0951715066241038,0.3181256763989843,445.6923076923077
-73.98191333,40.78349667,0.12532550334351,74.0,2.946153846153846,171.07692307692307,53.38718929254302,72.95,48.35384615384616,0.1793547107604427,0.0145479051700566,0.1999699121318344,0.0915765214965143,1129.2145532370253,29024.58186503547,1898.9166666666667,73.01666666666667,77.22320900833333,77.22320900833333,120,0.1788980764045094,0.0209852853967466,0.4112741824693702,441.0
-73.95489333,40.773545,0.1138223937769736,45.16666666666666,2.946153846153846,171.07692307692307,106.33333333333331,45.85,48.35384615384616,0.1502976972024474,0.0589158844703438,0.2159246807047685,0.0917861389447344,1005.50842471249,32381.854233248,1925.404580152672,46.17424242424242,76.8580536,76.8580536,132,0.1583522901051897,0.0593057272011162,0.4588462527578116,441.0
-73.96964,40.76536333,0.0886621025957477,49.333333333333336,2.946153846153846,171.07692307692307,272.4482758620689,49.43589743589744,48.35384615384616,0.1108731665063077,0.0582865732686974,0.1937275693876239,0.0833252811562051,1015.095263580412,36293.32718160647,1901.1127819548872,49.45925925925926,95.92791816607404,95.92791816607404,135,0.1389259161564039,0.0555197554388045,0.5142712661670096,441.0
-73.959795,40.80140333,0.040705343064307,52.75,2.946153846153846,171.07692307692307,47.30357142857143,53.90909090909091,48.35384615384616,0.3736785412276297,-0.0724856006261407,0.3038841125975506,0.0779260515423603,1079.5881564844588,17270.86227564417,1918.3333333333333,57.49090909090909,74.95551938589286,74.95551938589286,56,0.31375013363438,-0.0435521594607594,0.2447256534472909,441.0
-73.91729,40.84560167,0.0706417049471584,82.33333333333333,3.1,135.07692307692307,54.99479166666666,88.5,44.61538461538461,0.233351974125231,-0.0180066256460849,0.2324154821947084,0.0974118009867445,1137.5318863879957,14688.026984507227,1936.8222222222223,90.28571428571428,40.05664272489796,40.05664272489796,49,0.2084650624501632,0.0176820020104408,0.2081272460094503,445.6923076923077
-73.92724333,40.83541667,0.1471382417453322,103.1818181818182,3.1,135.07692307692307,21.926369863013697,104.5,44.61538461538461,0.2324559870183032,0.0093581776047014,0.2485965589856879,0.0879773588438141,1201.021954484605,23808.21399575088,1942.1571428571428,101.92957746478874,41.32433842619719,41.32433842619719,71,0.2367627962948948,0.0048090271529393,0.3373589942721374,445.6923076923077
-73.89827833,40.81907833,0.06297964041454,41.0,3.1,135.07692307692307,70.15811965811966,42.0,44.61538461538461,0.5086704514864085,-0.1130344010163569,0.3892903351719292,0.1056569843080581,883.4608184006419,10362.899361202217,1948.4166666666667,44.583333333333336,50.5675,50.5675,12,0.4285784199311848,-0.0728652412076134,0.1468408048945998,445.6923076923077
-73.91718167,40.83325167,0.0585183547878351,91.0,3.1,135.07692307692307,56.53,93.0,44.61538461538461,0.0552486922244849,0.1192751854790022,0.2011694307518433,0.0711384179874289,1589.7896708589778,27127.586035537457,1945.8309859154929,82.36619718309859,47.740747012394365,47.740747012394365,71,0.1165684153792723,0.0869480403249398,0.3843940223154993,445.6923076923077
-73.91836667,40.844505,0.0855500777119334,106.53846153846152,3.1,135.07692307692307,54.99479166666666,106.53846153846152,44.61538461538461,0.3070248684069095,-0.0226722186264726,0.2916332864913873,0.0883279905266901,950.0969551282052,15587.774469985434,1955.5405405405409,92.88636363636364,39.6596916475,39.6596916475,44,0.2769409542308562,-0.0015767162350404,0.2208765394611093,445.6923076923077
-73.88595,40.80504,0.1132405580628803,25.75,3.1,135.07692307692307,26.96312684365781,24.428571428571427,44.61538461538461,0.313864464719606,-0.0087582632567566,0.3166637904289305,0.0855534227082867,1240.1384945084385,20195.52782369892,1958.0833333333333,22.38888888888889,22.392886991666664,22.392886991666664,18,0.3125657289555433,-0.02235839346907,0.286167746838006,445.6923076923077
-73.91238,40.83506167,0.070411973144313,71.80952380952381,3.1,135.07692307692307,22.629464285714285,71.92592592592592,44.61538461538461,0.1957010410924892,0.0213262329014456,0.2455149069581125,0.0676725634542477,1184.4442065828205,25407.535749300383,1931.1803278688524,75.14594594594594,34.806835197405405,34.806835197405405,185,0.2216585331947743,0.0186530650960088,0.3600211552552658,445.6923076923077
-73.91654667,40.84372,0.0862240483231243,38.66666666666666,3.1,135.07692307692307,54.99479166666666,39.53846153846154,44.61538461538461,0.1858456514330512,0.0237280916003515,0.2026104124561212,0.0997956841633461,1336.975127039315,27405.479160193157,1944.2380952380952,49.90909090909091,29.63423349680852,29.63423349680852,47,0.1509334477110767,0.0462107449668735,0.3883317282292894,445.6923076923077
-73.953765,40.79819333,0.0685836998393973,0.0,2.946153846153846,171.07692307692307,128.3,25.0,48.35384615384616,0.6481979112354349,-0.240228530325787,0.4318223629951218,0.0271409901900018,682.6845062884667,6673.889818958902,1908.571428571429,25.314285714285717,69.753685872,69.753685872,35,0.509454333850308,-0.1628937424013321,0.0945680661980063,441.0
-73.96897,40.76510667,0.0857771251794209,49.47058823529412,2.946153846153846,171.07692307692307,272.4482758620689,49.19230769230769,48.35384615384616,0.150742133046583,0.042883003630909,0.1997804730666749,0.0805835681743421,987.793676312969,34396.09359287503,1899.4471544715448,48.6,91.07460821071996,91.07460821071996,125,0.145648599001875,0.0548860357808738,0.4873877369993248,441.0
-73.98839833,40.76930833,0.0633721251675176,63.1764705882353,2.946153846153846,171.07692307692307,122.75,62.21212121212121,48.35384615384616,0.0937739032869117,0.1021597423438451,0.1974927246096631,0.0870615837645199,1207.4610650254217,37582.47654623471,1927.876923076923,60.83076923076923,83.67263099461537,83.67263099461537,65,0.1100018719910206,0.0892462089623516,0.5325383286689241,441.0
-73.9536,40.80364333,0.0707979922477393,29.928571428571427,2.946153846153846,171.07692307692307,100.66494845360825,31.17142857142857,48.35384615384616,0.1788528723052526,0.038785023598496,0.2184939379645454,0.0776189832983548,1196.3361029214689,28532.20346575509,1924.3846153846157,32.73529411764706,66.75061560701923,66.75061560701923,104,0.1704715388304751,0.0477511780684618,0.4042972508264998,441.0
-73.89359333,40.84446,0.0758261103236322,103.29411764705884,3.1,135.07692307692307,855.0225694444445,103.52380952380952,44.61538461538461,0.2910149655636362,-0.0336276326490303,0.3381283148851516,0.081183242932051,974.8166755745592,11160.314986650668,1965.225,104.95,53.341768043,53.341768043,40,0.3717454585878889,-0.0640120259355721,0.1581400704952652,445.6923076923077
-73.92751833,40.83859333,0.0693025409144647,71.9,3.1,135.07692307692307,21.926369863013697,72.30434782608695,44.61538461538461,0.3356315925426935,-0.0561580647308833,0.3602071698785778,0.0625573515870917,1052.0752745780874,17166.401907378964,1961.888888888889,76.25454545454545,42.26405154890909,42.26405154890909,55,0.3950101192483441,-0.0775213772991698,0.243245464937918,445.6923076923077
-73.88758833,40.82077167,0.0775756321201765,40.5,3.1,135.07692307692307,14.838709677419354,39.47368421052632,44.61538461538461,0.1300446247601891,0.0641539671401397,0.1847147745002753,0.0883627243200121,1301.9804499196573,18383.455883883387,1917.0,43.53846153846154,28.95532586092308,28.95532586092308,65,0.1360942090069924,0.0450054536353533,0.2604909460799356,445.6923076923077
-73.95790833,40.774565,0.0897725624546484,57.4,2.946153846153846,171.07692307692307,147.25,57.078947368421055,48.35384615384616,0.1816651237921879,0.0298929256063027,0.2064523120169071,0.0880737619628956,984.5956591639872,30957.49535757726,1920.829457364341,59.534351145038165,86.12856526290076,86.12856526290076,131,0.1657147075417499,0.0413568897627222,0.4386632907813081,441.0
-73.94574333,40.78616,0.0791808184985748,10.0,2.946153846153846,171.07692307692307,172.34027777777777,9.818181818181818,48.35384615384616,0.3336116590946457,-0.0422959080317736,0.3141205767958952,0.0751646343061738,919.4082887700534,19680.03738779137,1946.2272727272727,12.318181818181818,94.672206295,94.672206295,22,0.3306953342285498,-0.041729958090874,0.2788633209349144,441.0
-73.90973,40.840805,0.1855001048206546,66.25,3.1,135.07692307692307,28.42708333333333,66.83333333333333,44.61538461538461,0.2399176788885976,0.0059949567984659,0.383234062863972,0.0590185943569149,941.9708400214018,14784.732019540388,1934.2564102564104,69.92307692307692,43.97066324025642,43.97066324025642,39,0.3888278266908253,-0.0591962337368193,0.2094975425530254,445.6923076923077
-73.89895667,40.83655833,0.0838126247555842,0.0,3.1,135.07692307692307,67.09821428571429,0.0,44.61538461538461,0.7513509248849873,-0.2385088407855878,0.5960428906607291,0.0748495415599962,410.4977278802459,768.4770059791372,1947.25,69.25,53.515,53.515,4,0.7098798582856265,-0.2277919365060672,0.0108892094931893,445.6923076923077
-73.948925,40.79436,0.0526140134676464,12.4,2.946153846153846,171.07692307692307,32.38764880952381,12.0,48.35384615384616,0.2454361493774507,0.0127538452961102,0.2604313726663868,0.0777275410957313,1120.948031074203,24496.300662727623,1938.28125,13.84375,97.964375,97.964375,32,0.2440934912903236,0.0080625202381794,0.3471090841354372,441.0
-73.89852833,40.81886667,0.0778293376118272,42.0,3.1,135.07692307692307,70.15811965811966,42.0,44.61538461538461,0.496783809354808,-0.1052571162310141,0.367591740063747,0.1037232084880425,914.705220883534,11873.540839141628,1980.2558139534883,50.72727272727273,31.547579674318182,31.547579674318182,44,0.3915456919918147,-0.0522086994345864,0.1682463790295368,445.6923076923077
-73.89892167,40.81846333,0.1106087923856908,42.0,3.1,135.07692307692307,70.15811965811966,49.13333333333333,44.61538461538461,0.3460173618211753,-0.0375400986264397,0.3281919899520974,0.1023409221476607,1026.6597110754417,15088.456636091045,1949.031914893617,52.5,29.97007344125,29.97007344125,96,0.323230003760642,-0.0136797527655388,0.2138012770203176,445.6923076923077
-73.894965,40.80901833,0.1110651316546319,13.0,3.1,135.07692307692307,44.79861111111112,12.666666666666666,44.61538461538461,0.1121155443083213,0.0420935792481453,0.1395947845314912,0.1007485945504862,1563.1127779266003,21751.04128099076,1969.9,13.916666666666666,28.70426531333333,28.70426531333333,12,0.0740020179496286,0.0659808798561901,0.3082091505160916,445.6923076923077
-73.95905167,40.81632333,0.1191542614313024,38.0,2.946153846153846,171.07692307692307,131.0,38.5,48.35384615384616,0.0682262035591416,0.0321951521214949,0.1588451312616687,0.1011766568073489,1435.9058981233245,25841.01036064833,1929.6,35.69230769230769,87.05886134,87.05886134,26,0.1198577504782988,0.0305275364647827,0.366163428629558,441.0
-73.988065,40.76966,0.066704457252267,68.41666666666667,2.946153846153846,171.07692307692307,122.75,66.66666666666667,48.35384615384616,0.1158434152677235,0.0820524660484644,0.1933317742237944,0.0893936859432786,1176.6460508701473,38544.86710869351,1928.4615384615383,61.47692307692308,88.84616945615385,88.84616945615385,65,0.1132360677027191,0.0815043464550286,0.5461752655816283,441.0
-73.95814667,40.77465667,0.1144518014133782,58.125,2.946153846153846,171.07692307692307,147.25,57.34090909090909,48.35384615384616,0.17103187412147,0.0370094984763888,0.2108330847042716,0.0861455989121352,997.0428380187416,30922.0230121051,1918.812949640288,60.46808510638298,83.24419612560283,83.24419612560283,141,0.1763248499367193,0.0346395936699433,0.4381606527096528,441.0
-73.95968167,40.80942667,0.1109743425293227,108.83333333333331,2.946153846153846,171.07692307692307,95.70833333333331,110.23076923076924,48.35384615384616,0.0860566238327604,0.0514186309554707,0.1564199316991101,0.0848371297765083,1159.1510040160642,31856.914722140533,1917.0208333333333,111.08163265306122,106.23276531857142,106.23276531857142,49,0.0939704745553966,0.0636546513867099,0.4514079348068442,441.0
-73.95230333,40.774715,0.0827283453913007,50.12,2.946153846153846,171.07692307692307,106.33333333333331,50.84615384615385,48.35384615384616,0.2207941109899496,0.0433923852462152,0.2132465730545323,0.078709641276227,1237.7561041051783,34272.469631201886,1925.3481012658228,52.37341772151899,70.65703780158228,70.65703780158228,158,0.147706661194709,0.0673023760287663,0.4856360031064067,441.0
-73.87966833,40.80660333,0.0674844410346273,15.333333333333334,3.1,135.07692307692307,26.96312684365781,15.25,44.61538461538461,0.1754245294543052,0.0487912830773414,0.2129367703473727,0.0975547534667961,1177.3088471849867,4753.037483886963,1990.0,15.3,14.259,14.259,10,0.1748721963266926,0.0333628689478827,0.0673498627653526,445.6923076923077
-73.96921333,40.76518667,0.0861744359351744,49.285714285714285,2.946153846153846,171.07692307692307,272.4482758620689,49.10714285714285,48.35384615384616,0.1250143881804086,0.0550883870587512,0.1964846664699278,0.0797106901787234,997.2801712603692,35066.934722105376,1898.984126984127,48.921875,90.80696847554688,90.80696847554688,128,0.1387171253195905,0.0586194597977852,0.4968934600546206,441.0
-73.98791333,40.76985833,0.0712019072335035,70.25,2.946153846153846,171.07692307692307,122.75,66.92857142857143,48.35384615384616,0.1195861871020485,0.0807307604827653,0.1979966190651955,0.0880719286776497,1149.2459148138228,38964.74425421645,1931.6296296296296,64.03703703703704,102.62173863203704,102.62173863203704,54,0.1180204219798472,0.0812189976426042,0.5521248648057382,441.0
-73.887645,40.82072333,0.0708885505283702,42.16666666666666,3.1,135.07692307692307,14.838709677419354,41.11111111111112,44.61538461538461,0.1441591214122003,0.0596728981897602,0.186508015526935,0.0885621416385783,1298.36753281543,17816.435841677532,1915.6567164179105,45.01428571428571,28.607155274428568,28.607155274428568,70,0.1387637297214031,0.0441047469346401,0.252456353010528,445.6923076923077
-73.92759667,40.82512667,0.1043332778880075,24.0,3.1,135.07692307692307,318.5833333333333,32.333333333333336,44.61538461538461,0.1133296118887073,0.0278428243252343,0.2130901562296646,0.0997129957641674,1083.5366506153025,27915.49416432156,1938.1333333333332,35.6875,67.608182275625,67.608182275625,16,0.187381012287879,0.017363083680358,0.3955585680456378,445.6923076923077
-73.95475667,40.79444,0.0524308063543885,0.0,2.946153846153846,171.07692307692307,128.3,0.0,48.35384615384616,0.7092677896976205,-0.2339413780254139,0.6524041090120992,0.0189209383296556,376.2907725321888,0.0,0.0,0.0,0.0,0.0,0,0.7642432734433183,-0.2632086955360851,0.0,441.0
-73.90928667,40.8438,0.1063238974244685,63.42857142857143,3.1,135.07692307692307,37.09031556039173,63.5,44.61538461538461,0.124471560627462,0.0879336970886821,0.2385809518193833,0.0881001244083603,1107.214190093708,20939.6858005933,1931.6666666666667,66.51020408163265,55.67422171877551,55.67422171877551,49,0.2053921094853957,0.0228220666020282,0.296712359159775,445.6923076923077
-73.90280667,40.80849833,0.0721456596072677,0.0,2.946153846153846,171.07692307692307,7.139136904761905,0.0,48.35384615384616,0.1135285784231479,0.0490327759250116,0.1392138598809901,0.0981812898592053,1158.76138189609,2595.3387363126103,1959.25,22.5,20.132138125,20.132138125,4,0.0656689468964793,0.0718208744261133,0.0367755794715865,441.0
-73.896405,40.83876333,0.0979452886433163,0.0,3.1,135.07692307692307,46.397260273972606,99.0,44.61538461538461,0.7324513671764866,-0.2246828586770659,0.5950602400876602,0.0663411112802169,476.6732620320856,1081.3289562237517,1975.5,93.0,14.55835992,14.55835992,2,0.6949584987507178,-0.2063218610730873,0.0153222769760939,445.6923076923077
-73.943345,40.79105833,0.0934708077500993,10.8,2.946153846153846,171.07692307692307,14.61223678982916,10.185185185185183,48.35384615384616,0.2112217894705785,-0.0314813220509239,0.2178222858385133,0.0702848001074077,1382.1647940074906,23629.262107385388,1933.4794520547944,9.68918918918919,65.12041856932433,65.12041856932433,74,0.2279396034340883,-0.0239085077200434,0.3348232715546852,441.0
-73.89379667,40.809135,0.0926407577269873,14.0,3.1,135.07692307692307,44.79861111111112,13.5,44.61538461538461,0.134472359720827,0.0657484788712531,0.169159739395249,0.1064813464471135,1392.5509383378017,15225.027287446734,1956.2666666666669,13.705882352941176,26.056540221176476,26.056540221176476,17,0.0987906681623971,0.070883443421363,0.2157364636580442,445.6923076923077
-73.92758167,40.83860333,0.0653906615257717,71.9,3.1,135.07692307692307,21.926369863013697,72.22727272727273,44.61538461538461,0.3397856718765376,-0.0597872281614447,0.3634027049217561,0.0625288158682365,1040.235010706638,17031.563140132967,1960.735849056604,76.18518518518519,41.6578302812963,41.6578302812963,54,0.3996501234491353,-0.080532311982226,0.2413348188512926,445.6923076923077
-73.929355,40.82962667,0.1040348538839085,14.0,3.1,135.07692307692307,59.5,14.0,44.61538461538461,0.3933367224210301,-0.1070227578645102,0.295675865315321,0.0981712981666248,926.8511378848729,23559.075259355533,1962.1333333333332,38.86666666666667,54.64207928733333,54.64207928733333,15,0.3291430593148419,-0.0676305253314214,0.3338287339353152,445.6923076923077
-73.94887667,40.79442333,0.0484548229788792,12.4,2.946153846153846,171.07692307692307,32.38764880952381,12.25,48.35384615384616,0.2480993482701629,0.0136722837168581,0.2614327685337754,0.0776395443213792,1130.1833511777302,23994.79206582239,1938.3333333333333,13.4,93.49033333333334,93.49033333333334,30,0.2442024437919094,0.0092232962197403,0.3400027788953582,441.0
-73.95904833,40.78071333,0.094895304596221,99.66666666666669,2.946153846153846,171.07692307692307,170.93065693430657,99.0,48.35384615384616,0.0923082546771368,0.0574280227175228,0.1889446730285013,0.0842190724349938,963.437550147098,34666.1091515015,1932.5172413793105,97.8103448275862,132.4994827586207,132.4994827586207,58,0.1479451992917531,0.0415746022952638,0.4912138189258588,441.0
-73.95209833,40.77465167,0.0897639770298639,50.04347826086956,2.946153846153846,171.07692307692307,106.33333333333331,50.52173913043478,48.35384615384616,0.1919338111608939,0.0483310423785155,0.2183047719916902,0.07723747998952,1247.2708054589243,34744.71462101984,1924.683870967742,52.354838709677416,68.08026086548388,68.08026086548388,155,0.1550519625938285,0.0650109075594772,0.4923276472102295,441.0
-73.98273833,40.78222,0.0980462249920319,83.53333333333333,2.946153846153846,171.07692307692307,107.22222222222224,81.54545454545455,48.35384615384616,0.2038841266059669,0.0302101118542017,0.2079087787929679,0.0910915304483181,1044.5332439678284,32956.87050065564,1902.993333333333,77.22666666666667,77.24052398906666,77.24052398906666,150,0.1857608945390849,0.0220465838816053,0.4669941511959572,441.0
-73.98848167,40.769195,0.0856941009370812,61.61111111111112,2.946153846153846,171.07692307692307,122.75,61.19444444444444,48.35384615384616,0.0903077403715787,0.1030040252997842,0.1991534530829946,0.0873954597409205,1209.4090543798554,38213.43151748209,1929.3181818181815,59.833333333333336,87.44440931287878,87.44440931287878,66,0.1105433350080656,0.0905027016132351,0.5414788705579837,441.0
-73.95282333,40.81810833,0.0867623915682464,107.55555555555556,2.946153846153846,171.07692307692307,114.0,107.16666666666669,48.35384615384616,0.1531880264887847,0.0755137677835534,0.2235388907322006,0.0900879120791929,1201.1505894962486,22046.799057046068,1918.1159420289853,104.61428571428571,65.97508914185715,65.97508914185715,70,0.1800512264928596,0.0396757009704242,0.3123999959902978,441.0
-73.92761833,40.82505333,0.1028151005042689,24.0,3.1,135.07692307692307,318.5833333333333,32.333333333333336,44.61538461538461,0.1131610356830584,0.0306803805522205,0.2121730599350768,0.097685001480436,1096.0709884811145,27864.871904844167,1938.9375,35.0,65.53299508294118,65.53299508294118,17,0.1866882281159808,0.0172772996775686,0.3948412578542057,445.6923076923077
-73.90984333,40.826115,0.079899071216327,24.33333333333333,3.1,135.07692307692307,52.907738095238095,25.307692307692307,44.61538461538461,0.0969140550713814,0.091264106917337,0.1874174345182044,0.0855974560909549,1396.220198231985,29685.131021167897,1955.6938775510205,27.84313725490196,36.50227440137255,36.50227440137255,51,0.1072847209458132,0.0805052278008519,0.4206340697339326,445.6923076923077
-73.98481667,40.77417667,0.0926925087486882,65.4,2.946153846153846,171.07692307692307,39.8974358974359,65.85714285714286,48.35384615384616,0.0898372699537629,0.0593339023457532,0.1878944531138432,0.0959065104120489,1354.1580359538502,39354.24860411223,1964.625,67.5625,167.04091921941176,167.04091921941176,17,0.155426448194762,0.0282053725645011,0.5576440858524782,441.0
-73.88612167,40.805795,0.1020624638947351,26.25,3.1,135.07692307692307,2.4733796296296298,26.77777777777778,44.61538461538461,0.2407174767940093,0.0219630612502462,0.2884449137729167,0.0846272705440391,1321.3596467754885,20730.61430161836,1958.578947368421,26.714285714285715,21.678260516666665,21.678260516666665,21,0.2639668365338075,0.0017624508469925,0.2937498458587832,445.6923076923077
-73.89464333,40.81779333,0.1006759712736654,28.714285714285715,3.1,135.07692307692307,243.48,31.35897435897436,44.61538461538461,0.1950896850351616,0.0330021057763358,0.2045690408338378,0.0922011404519642,1222.5913719185423,19573.37780233285,1952.467391304348,29.397849462365592,36.935069209784935,36.935069209784935,93,0.1598180224276824,0.0427758652176376,0.2773519698319696,445.6923076923077
-73.954065,40.79587667,0.052276191099582,0.0,2.946153846153846,171.07692307692307,128.3,0.0,48.35384615384616,0.6235025343821192,-0.2147567102705503,0.5609956333652345,0.0067912037833111,620.8889484978541,0.0,0.0,0.0,0.0,0.0,0,0.6746157202232166,-0.2418913297153082,0.0,441.0
-73.94844833,40.79487333,0.0610628853875665,12.625,2.946153846153846,171.07692307692307,32.38764880952381,12.4375,48.35384615384616,0.1916985190431339,0.0690815903500946,0.2643216692900564,0.0770202219861175,1138.0379882289994,25008.120220251574,1941.7692307692307,12.435897435897436,92.32051282051285,92.32051282051285,39,0.250021556235615,0.0042395180612413,0.3543614942159128,441.0
-73.95912167,40.80943333,0.1006232880639692,101.83333333333331,2.946153846153846,171.07692307692307,95.70833333333331,105.42857142857144,48.35384615384616,0.1012269920232283,0.0524067170440777,0.1495565008834977,0.0905130870961812,1203.0704527189928,31341.888447312227,1918.0869565217392,107.12765957446808,103.49203192787232,103.49203192787232,47,0.0884703504286717,0.0626615961478202,0.444110086000186,441.0
-73.96473333,40.80831333,0.0777173657293539,116.9090909090909,2.946153846153846,171.07692307692307,17.53684210526316,113.10526315789474,48.35384615384616,0.1219031776792696,0.0392213748133924,0.22771879780284,0.0609216957796335,1069.6501605995718,25220.061073703386,1917.0416666666667,113.02083333333331,110.24185662166668,110.24185662166668,48,0.2296537787239543,-0.0141288672548248,0.3573646658595202,441.0
-73.93796167,40.80208333,0.0861659459624874,14.11111111111111,2.946153846153846,171.07692307692307,38.0,15.6,48.35384615384616,0.2188365524342511,0.0259860845145843,0.2380673562184215,0.0922691619450793,1183.4389394750938,24049.494807927087,1924.360465116279,16.28409090909091,60.71117051897727,60.71117051897727,88,0.1783710000156785,0.057768640525695,0.3407779089435495,441.0
-73.94821333,40.795215,0.0804237400766167,12.88888888888889,2.946153846153846,171.07692307692307,32.38764880952381,12.555555555555555,48.35384615384616,0.1720541252649452,0.0796701244087475,0.2664440911157487,0.0755665760637094,1136.3735262593784,22708.773797730188,1944.159090909091,12.772727272727272,90.54863636363636,90.54863636363636,44,0.2508709778295079,0.0063880177676592,0.3217800835847216,441.0
-73.95698167,40.81402333,0.0758433686307702,23.666666666666668,2.946153846153846,171.07692307692307,131.0,25.13636363636364,48.35384615384616,0.3406402411778643,-0.0404976485943673,0.2818886180678007,0.0832499888946061,1162.8617733726226,20137.85650188868,1924.2142857142856,26.964285714285715,57.92857142857143,57.92857142857143,56,0.2978962951592213,-0.0379350699663828,0.2853505524388113,441.0
-73.98765833,40.770145,0.0703369333136727,73.75,2.946153846153846,171.07692307692307,32.25,71.55555555555556,48.35384615384616,0.1347285731599268,0.0719427683935497,0.1995917823433616,0.0821864346003791,1118.8428800856532,36986.65559708468,1939.891891891892,69.37837837837837,130.34822942594593,130.34822942594593,37,0.1201802049416551,0.0809115997755304,0.5240956308583326,441.0
-73.95334333,40.77503167,0.0672372644984194,53.04,2.946153846153846,171.07692307692307,106.33333333333331,53.54,48.35384615384616,0.1617348324262936,0.0776568633681934,0.2187110587076542,0.0810954678525099,1239.9491298527444,34999.36884874889,1924.36312849162,54.56983240223464,63.60258001251397,63.60258001251397,179,0.1400610170502396,0.0808025953936827,0.4959360612717302,441.0
-73.89783167,40.83627167,0.1020258562394112,0.0,3.1,135.07692307692307,67.09821428571429,0.0,44.61538461538461,0.6454867299691415,-0.2177250751991094,0.6083664722177534,0.0754928166700281,379.7994652406417,0.0,0.0,0.0,0.0,0.0,0,0.7274917294346857,-0.239635015701347,0.0,445.6923076923077
-73.95161833,40.76979667,0.0766201926937957,28.714285714285715,2.946153846153846,171.07692307692307,121.59508408796896,27.423076923076923,48.35384615384616,0.1227165388230737,0.0494602904376544,0.1692827054591239,0.0813931456965793,1302.815112540193,32869.20448507882,1928.6915887850464,27.82242990654205,72.72363457333333,72.72363457333333,108,0.1338224963719442,0.0361007428017777,0.4657519362681712,441.0
-73.88209833,40.8127,0.0728364151365597,17.333333333333332,3.1,135.07692307692307,52.5,17.7,44.61538461538461,0.0680428077844709,0.0384754682572938,0.1423118509128468,0.0822060681016954,1262.3491978609625,18263.15356685154,1959.4074074074076,18.857142857142858,20.72743458571429,20.72743458571429,28,0.0751876087794662,0.0673919275312734,0.2587862794180632,445.6923076923077
-73.911355,40.83470833,0.0720346107830589,79.3030303030303,3.1,135.07692307692307,22.629464285714285,79.28571428571429,44.61538461538461,0.2657177975138817,-0.0097991234214109,0.2482881929283231,0.0669437309484443,1251.982896846606,26315.0293228961,1920.0044642857144,79.91555555555556,30.718313707333337,30.718313707333337,225,0.2325249659733067,0.0123883198053531,0.3728802096697346,445.6923076923077
-73.90652333,40.84469167,0.0793539680265781,86.66666666666667,3.1,135.07692307692307,37.09031556039173,86.06666666666666,44.61538461538461,0.1058824512851832,0.0778813208548857,0.2038390499757183,0.0881519934349817,1253.878309708478,20906.10347393209,1935.064516129032,88.1015625,37.050636977656254,37.050636977656254,128,0.1449058158991948,0.0602407778232642,0.2962365023841383,445.6923076923077
-73.96174333,40.81029833,0.0685858967147554,129.75,2.946153846153846,171.07692307692307,95.70833333333331,123.63636363636364,48.35384615384616,0.1464195325994547,0.0415210890704384,0.2043262603886029,0.0818429416656173,1127.657219251337,27511.11191595479,1917.7027027027027,120.08108108108108,112.75261037027028,112.75261037027028,37,0.1592166344815324,0.0441765981458235,0.3898285293016399,441.0
-73.954845,40.79424833,0.058626157203888,0.0,2.946153846153846,171.07692307692307,128.3,0.0,48.35384615384616,0.7066540399081046,-0.2306711656902278,0.6410075859904167,0.0289474446501587,379.54465240641713,0.0,0.0,0.0,0.0,0.0,0,0.7509825344849254,-0.2536755395306532,0.0,441.0
-73.93846833,40.85229167,0.069946520651009,246.14285714285717,3.1,135.07692307692307,50.0,244.45454545454547,44.61538461538461,0.333970135044234,-0.0880314951069864,0.2731932954025325,0.0826159071698848,1055.7989304812834,23584.43630631261,1927.5121951219512,231.2093023255814,67.02912797418604,67.02912797418604,43,0.2944275496241085,-0.0386956361536088,0.3341880963513568,445.6923076923077
-73.93244833,40.79610667,0.0555271882987361,12.818181818181818,2.946153846153846,171.07692307692307,46.54398148148148,12.653846153846152,48.35384615384616,0.1713560567457654,0.0286247574604301,0.1984680373024385,0.0715479250802059,1394.477096169301,29220.907793586863,1916.9251700680272,11.939597315436242,50.08467924926175,50.08467924926175,149,0.1868126563033462,0.0091784215014365,0.4140560928559095,441.0
-73.91649,40.834185,0.0714507191777993,97.375,3.1,135.07692307692307,56.53,98.66666666666669,44.61538461538461,0.0495128378920499,0.13136187094405,0.1820450072960704,0.0671080809318205,1729.7770939256088,28096.80090013949,1942.45,90.81666666666666,54.70371354066666,54.70371354066666,60,0.0861104000146237,0.0988303380293192,0.3981276586153937,445.6923076923077
-73.95451,40.80401333,0.0751282906570552,35.17391304347826,2.946153846153846,171.07692307692307,90.66666666666669,34.638297872340424,48.35384615384616,0.1896170250688634,0.042120163539673,0.2163917495586653,0.0853477063577383,1199.817256162915,31894.31536435221,1926.314516129032,34.16393442622951,65.50847061758064,65.50847061758064,124,0.1723642444168118,0.0434980127911858,0.4519378965702689,441.0
-73.96290333,40.80265333,0.0945176184755934,102.8,2.946153846153846,171.07692307692307,118.07570422535213,105.0,48.35384615384616,0.3568029588288273,-0.0824506954335562,0.2836719676506554,0.0792010271500428,1040.48418230563,23292.161478679605,1914.196428571429,101.80701754385964,75.64438596491227,75.64438596491227,57,0.2881911856019581,-0.0284243749171317,0.3300466037590099,441.0
-73.95828167,40.76455833,0.0266728804863841,44.66666666666666,2.946153846153846,171.07692307692307,21.0,44.84615384615385,48.35384615384616,0.2208639214053207,0.0132435676847708,0.2127766910885072,0.0855025796745798,1112.1361200428726,33276.810640281015,1928.3384615384616,46.89393939393939,89.32045757575757,89.32045757575757,66,0.1656312330855572,0.0438121929315657,0.4715276573113157,441.0
-73.895195,40.840695,0.0515205752706544,0.0,3.1,135.07692307692307,46.397260273972606,100.0,44.61538461538461,0.6412722198460236,-0.1904144752161712,0.5752959973397471,0.0850251131218105,460.0441176470589,261.8250117616162,1996.5,100.0,9.845,9.845,2,0.6671916199022399,-0.1894827135840755,0.0037100230474702,445.6923076923077
-73.94478333,40.80008,0.0765567916756481,32.63636363636363,2.946153846153846,171.07692307692307,135.27213541666666,31.192307692307693,48.35384615384616,0.1622865239523589,0.0390163764131182,0.2263730450585686,0.07844912867768,1211.5870553623963,24362.095628548315,1968.4591836734692,29.705882352941178,49.36394386784313,49.36394386784313,102,0.2068197596011871,0.0182855130286199,0.3452074179552838,441.0
-73.90266,40.83337667,0.0861450139305714,76.22222222222223,3.1,135.07692307692307,57.4375,77.53333333333333,44.61538461538461,0.3050184879745113,-0.0592038277427649,0.277296818186351,0.0820604955011835,1205.7179555793416,22650.092781690044,1950.0925925925928,78.78181818181818,40.71958462618183,40.71958462618183,55,0.2830192009786011,-0.0278076806276584,0.3209485819629321,445.6923076923077
-73.89440833,40.84419667,0.0729690673199134,92.0,3.1,135.07692307692307,855.0225694444445,99.7,44.61538461538461,0.446433863421409,-0.1071950689615495,0.3876577945676283,0.0857944835539264,824.6161264398607,6452.814090002641,1966.625,103.16666666666669,56.43924982333334,56.43924982333334,24,0.4467953947240766,-0.0987979979703802,0.0914354546719913,445.6923076923077
-73.90281667,40.808575,0.071110216382287,0.0,2.946153846153846,171.07692307692307,7.139136904761905,0.0,48.35384615384616,0.1042149623477781,0.0502872094342574,0.1395176549474425,0.0975759015413502,1152.5238095238096,2234.448083352926,1953.6,24.8,19.4237105,19.4237105,5,0.0643802377044797,0.0734048571974708,0.0316618104275919,441.0
-73.95429333,40.76869333,0.0629018230216907,27.19047619047619,2.946153846153846,171.07692307692307,421.6,27.071428571428573,48.35384615384616,0.1181915387225237,0.0740634487937201,0.2058112293526517,0.0845751689997119,1262.4464954521134,36379.34917010718,1923.563492063492,29.26984126984127,77.8765143211111,77.8765143211111,126,0.1435758408108117,0.0632205695739194,0.515490185466809,441.0
-73.88908167,40.81861,0.0867495052747026,68.57142857142857,3.1,135.07692307692307,65.8733595800525,66.6842105263158,44.61538461538461,0.1532454131115035,0.0627563468922981,0.2161897614201855,0.0839786207384896,1253.687014725569,26381.117466691183,1915.5333333333333,66.30463576158941,32.729964995827814,32.729964995827814,151,0.1744267788169261,0.0385878891023181,0.3738166692358136,445.6923076923077
-73.90456667,40.81534,0.0835364259846446,41.333333333333336,3.1,135.07692307692307,20.86458333333333,41.15384615384615,44.61538461538461,0.2847920847530374,-0.0280424830650172,0.2508200100080909,0.0858881511622221,1114.7717420390688,20429.83363300287,1939.4473684210527,40.42666666666667,49.69503799500001,49.69503799500001,76,0.2429913631086642,-0.0014200847035709,0.2894878267143106,445.6923076923077
-73.95658667,40.762765,0.0690424331527333,31.8,2.946153846153846,171.07692307692307,6.338308457711443,31.571428571428573,48.35384615384616,0.4175366411192904,-0.1394923039244614,0.2845517065628034,0.0747984759998326,945.918564157514,27470.53060693696,1931.888888888889,34.50909090909091,81.208033322,81.208033322,55,0.339217039781748,-0.0886944950927657,0.38925349794578,441.0
-73.898605,40.81880333,0.0866156785245566,42.0,3.1,135.07692307692307,70.15811965811966,46.2,44.61538461538461,0.4782587844417163,-0.0974821417833196,0.3615321961667486,0.1029220179491059,933.1064171122996,11904.167949409171,1972.0,51.34615384615385,31.78098946576923,31.78098946576923,52,0.3796497949799143,-0.0448866230681513,0.1686803608107792,445.6923076923077
-73.88737833,40.81410333,0.075002386726513,76.6923076923077,3.1,135.07692307692307,24.479166666666668,72.3529411764706,44.61538461538461,0.1490064264089348,0.0195488416177906,0.1893740875617047,0.0823491268967188,1452.715431933672,23958.98386808487,1935.5945945945944,64.90066225165563,31.37781744231787,31.37781744231787,151,0.1621443946498229,0.0269483072775073,0.3394953818442173,445.6923076923077
-73.98473833,40.774265,0.0876079971300463,65.4,2.946153846153846,171.07692307692307,39.8974358974359,65.85714285714286,48.35384615384616,0.0860374165056011,0.0645646588949496,0.1923447820858684,0.0960323177401189,1348.3315479378682,38923.91474787656,1966.5294117647056,67.88235294117646,176.42753481833336,176.42753481833336,18,0.1577703839680102,0.0302030811892884,0.5515463165279003,441.0
-73.927855,40.82134,0.0821775760070038,34.25,3.1,135.07692307692307,318.5833333333333,34.54545454545455,44.61538461538461,0.2672482628843016,-0.0220424104931116,0.3028387428566984,0.082817127216052,1214.9373493975904,14487.653765832669,1921.8444444444444,35.06521739130435,38.816592263478256,38.816592263478256,46,0.3379006187809182,-0.0612253627509982,0.2052879860990251,445.6923076923077
-73.9097,40.84086667,0.1571847377632149,66.6,3.1,135.07692307692307,28.42708333333333,66.84210526315789,44.61538461538461,0.2671227542306773,-0.0071155571958817,0.3899485072899563,0.0581594223874795,931.7786688051324,14558.558146127412,1934.2564102564104,69.92307692307692,43.97066324025642,43.97066324025642,39,0.3969220917343754,-0.0628369795688719,0.2062926910477952,445.6923076923077
-73.984385,40.774745,0.0312166342075102,65.0,2.946153846153846,171.07692307692307,39.8974358974359,65.71428571428571,48.35384615384616,0.1287362480408853,0.0491429075812973,0.2000630961176507,0.0899622792210591,1229.4194756554307,35885.08159119249,1965.2692307692307,69.53846153846153,180.51094913814816,180.51094913814816,27,0.1637324390241764,0.0323232144466064,0.5084864844171536,441.0
-73.957215,40.814255,0.0672790385636195,24.666666666666668,2.946153846153846,171.07692307692307,131.0,25.61111111111111,48.35384615384616,0.3191127298590829,-0.0155163984106061,0.2847181133390276,0.0850425916108685,1168.502010184937,20813.19613498297,1923.509090909091,27.12727272727273,58.45272727272727,58.45272727272727,55,0.2984585919615345,-0.0354714578316168,0.2949200186511265,441.0
-73.964235,40.79894167,0.0684854765599195,114.04761904761904,2.946153846153846,171.07692307692307,42.22911963882618,113.0909090909091,48.35384615384616,0.1649187614681086,0.0593453058549042,0.241017012577305,0.0737451691815635,1279.4404825737265,27388.08894178995,1924.8275862068965,107.183908045977,66.04007134333334,66.04007134333334,87,0.1955203332206556,0.0446218808285063,0.3880853113167337,441.0
-73.91369,40.82690167,0.1013386506086394,27.0,3.1,135.07692307692307,25.719402985074627,27.0,44.61538461538461,0.2067337064793555,0.0455906867806723,0.2460244502037537,0.0994148585749082,1120.4827493982348,19764.20711813148,1941.2564102564104,31.463414634146343,39.49686230512195,39.49686230512195,41,0.1994049943532054,0.0438567338741988,0.2800559940005263,445.6923076923077
-73.953395,40.82254333,0.0982057712785299,93.0909090909091,2.946153846153846,171.07692307692307,154.0,93.55,48.35384615384616,0.0906149053785148,0.0843828323456963,0.2034098269776362,0.0736057456650781,1444.513506285103,24901.63698998173,1911.872093023256,90.40697674418604,58.30053181395349,58.30053181395349,86,0.1542297619893946,0.0481363773136622,0.3528526420409388,441.0
-73.95733167,40.77728833,0.0977175605758767,86.3,2.946153846153846,171.07692307692307,147.25,84.40425531914893,48.35384615384616,0.1045838713565296,0.0585021058320213,0.1972281340535402,0.0824637839409093,1104.807341907824,36198.153104613535,1923.5390625,82.32558139534883,81.32365268821704,81.32365268821704,129,0.1352537027502523,0.063348626077378,0.5129226630795535,441.0
-73.91549333,40.80421833,0.0583290688378958,42.0,2.946153846153846,171.07692307692307,36.455357142857146,42.8,48.35384615384616,0.2947353701420714,-0.0404589105882689,0.2232583504144117,0.0778372444001602,1080.762707330123,10478.553400751583,1934.6818181818185,45.52173913043478,57.29801246304346,57.29801246304346,23,0.2388652386313161,-0.0312441026964596,0.1484796061278959,441.0
-73.880915,40.81152667,0.0728079470598314,16.5,3.1,135.07692307692307,2.4733796296296298,16.5,44.61538461538461,0.0447611607794635,0.0558351136003534,0.1179770631184881,0.0898073445639726,1276.5032085561495,17765.082191862275,1957.4,16.35,19.720274678,19.720274678,20,0.0514321651448603,0.0665911931397048,0.2517286791220879,445.6923076923077
-73.91990833,40.83434333,0.0904372669066546,85.5,3.1,135.07692307692307,56.53,82.42105263157895,44.61538461538461,0.0656479533575434,0.1059323753746289,0.1959247659312014,0.0892009693540027,1576.0307568868682,29808.51705410215,1938.815789473684,76.975,58.36085587275001,58.36085587275001,40,0.1038850716594057,0.091252645701853,0.4223824322100024,445.6923076923077
-73.92032667,40.833665,0.0778349635876711,76.77777777777777,3.1,135.07692307692307,68.48275862068965,76.78571428571429,44.61538461538461,0.1490362854905667,0.0842605980746723,0.240982087388081,0.0801316534211397,1492.4109772423026,26284.948803014788,1941.921052631579,73.25641025641026,56.97171312,56.97171312,39,0.1934764809639045,0.0377549521041651,0.3724539729974733,445.6923076923077
-73.91376333,40.82685167,0.1030668994606399,27.0,3.1,135.07692307692307,25.719402985074627,28.5,44.61538461538461,0.2080724830281161,0.0433046845696754,0.2467036418779754,0.099826154530767,1117.8803099118354,19439.693638444234,1942.7317073170727,31.302325581395348,40.93034977395348,40.93034977395348,43,0.2009796212798118,0.042794889476014,0.2754576843095805,445.6923076923077
-73.97042333,40.76511333,0.1091763682415038,48.84615384615385,2.946153846153846,171.07692307692307,799.7402376910017,49.09090909090909,48.35384615384616,0.108526973989604,0.0581760816631822,0.1788099818379115,0.0863923558153484,1020.905285752616,39404.39207674538,1907.8823529411768,49.049019607843135,113.47772181294116,113.47772181294116,102,0.1160366630485499,0.0625155610245668,0.5583546117018546,441.0
-73.94539667,40.79196833,0.0600405819050549,10.538461538461538,2.946153846153846,171.07692307692307,14.61223678982916,10.693877551020408,48.35384615384616,0.1779883653495604,0.0446019399859617,0.1955950148641123,0.0674591423420433,1323.798873692679,27188.368710289324,1915.743421052632,10.785714285714286,52.73686019490323,52.73686019490323,155,0.1531238325341451,0.0427696864234953,0.3852553041417126,441.0
-73.94658833,40.811645,0.1400007591812524,26.714285714285715,2.946153846153846,171.07692307692307,72.66666666666667,26.571428571428573,48.35384615384616,0.2997879837892009,-0.0727566153721032,0.3021376067889905,0.0865914942004491,1045.737546866631,17398.811978699316,1922.942528735632,26.885057471264368,58.941148757701136,58.941148757701136,87,0.3591981543204429,-0.0842240568919444,0.2465386824778261,441.0
-73.89910667,40.81815,0.1088680474589735,50.083333333333336,3.1,135.07692307692307,70.15811965811966,50.6875,44.61538461538461,0.255493267391666,-0.0026179812622014,0.2889936950259636,0.1006501033974099,1111.0677376171352,17832.64438831946,1935.15625,51.91538461538462,29.820644677461537,29.820644677461537,130,0.2668610226624421,0.0107171680987307,0.2526860258026389,445.6923076923077
-73.94311667,40.80235333,0.0567202969573806,29.5,2.946153846153846,171.07692307692307,181.4,29.944444444444443,48.35384615384616,0.2359966370617326,-0.0046075224080792,0.2873614839208903,0.0791393028702742,1166.2227576974565,19303.20499464411,1992.357142857143,29.948275862068964,52.223269568103454,52.223269568103454,58,0.3058098864252803,-0.0395138778792876,0.2735236597075738,441.0
-73.96771833,40.801715,0.0678605965619865,106.0,2.946153846153846,171.07692307692307,19.33333333333333,107.0,48.35384615384616,0.2339422600664622,-0.0191385166957266,0.2082483104569863,0.083009258134711,1166.4652721909358,27600.129939116185,1915.042105263158,107.67368421052632,77.71141610568421,77.71141610568421,95,0.185699240804809,0.0177873040479944,0.3910899019851395,441.0
-73.91312333,40.83861167,0.090693801619978,95.42857142857144,3.1,135.07692307692307,58.32291666666666,95.0,44.61538461538461,0.1012420233010084,0.0809618542469404,0.2343153907549707,0.0838371742934581,1250.8052955335652,18895.389407173065,1927.6944444444443,96.4,56.63627406583334,56.63627406583334,36,0.1889663111696247,0.0418729494040875,0.2677449710391766,445.6923076923077
-73.888585,40.823425,0.0845106732177514,55.583333333333336,3.1,135.07692307692307,20.68298368298368,56.67741935483871,44.61538461538461,0.1706728845049983,0.0472131115023414,0.2641153588744743,0.0783608598625021,1314.1452259962557,20956.52836989217,1939.2222222222224,56.53846153846154,35.513804108974355,35.513804108974355,117,0.247282444389566,0.0123874836862273,0.2969510159630141,445.6923076923077
-73.92573667,40.82608167,0.0730800195200146,43.71428571428572,3.1,135.07692307692307,31.5,41.41666666666666,44.61538461538461,0.0933985870443414,0.1059855939392723,0.2681717947110263,0.0907059015908926,1243.228342245989,23295.692526224226,1936.7333333333331,41.5,58.72269721366667,58.72269721366667,30,0.2228915016513556,0.0270687521063386,0.3300966381985227,445.6923076923077
-73.95396167,40.79502333,0.0081533874427329,0.0,2.946153846153846,171.07692307692307,128.3,0.0,48.35384615384616,0.7620080902286066,-0.2611625442089682,0.6308521073614886,0.0268599853202373,465.2839935760171,200.88180143915105,1890.0,24.0,10.66,10.66,1,0.7408738500303961,-0.2536969992498534,0.0028464664553653,441.0
-73.925275,40.82094333,0.1074901377758217,33.5,3.1,135.07692307692307,318.5833333333333,42.2,44.61538461538461,0.2748987906651629,-0.007908272060638,0.3232381464214381,0.1073138358991245,907.364390896921,12999.27044470044,1969.9,37.875,52.39035994125,52.39035994125,16,0.3401503554514319,-0.0373480942165403,0.1841978068694039,445.6923076923077
-73.88828333,40.814165,0.1036222548854952,77.21428571428571,3.1,135.07692307692307,24.479166666666668,74.72727272727273,44.61538461538461,0.1219851159212493,0.0430042847087517,0.2060889511481972,0.0875481720268183,1421.6649691771645,23017.310019890057,1939.6953125,68.44274809160305,31.60156053770993,31.60156053770993,131,0.1920973315424589,0.0105349170378488,0.3261519978167869,445.6923076923077
-73.90457167,40.81237833,0.1126101943585275,29.2,3.1,135.07692307692307,51.140625,30.53846153846154,44.61538461538461,0.0804357392637238,0.0593986417152625,0.1704850135446778,0.082305407445092,1525.8007488633325,25419.85961569324,1959.6707317073167,33.451219512195124,36.73127934108433,36.73127934108433,83,0.1126224671217407,0.057706673870936,0.3601957826829535,445.6923076923077
-73.95648833,40.808055,0.0850007081751074,30.666666666666668,2.946153846153846,171.07692307692307,36.12944162436549,29.90909090909091,48.35384615384616,0.5416216834473528,-0.1512260134403056,0.4021875104082338,0.0708711836836062,848.4722891566265,15420.007901092053,1910.3478260869565,34.14492753623188,56.54048376333334,56.54048376333334,69,0.4460622326722107,-0.1086656119193361,0.2184993111247662,441.0
-73.95703833,40.77775833,0.0927930960368271,87.21052631578948,2.946153846153846,171.07692307692307,100.08333333333331,86.51219512195122,48.35384615384616,0.1144669127942804,0.0750106064325512,0.1963824070599513,0.0830804300477442,1096.3102062684168,36429.76868974093,1924.5819672131147,84.3688524590164,81.29681820131148,81.29681820131148,122,0.1289433510749432,0.0692410136651118,0.516204622863555,441.0
-73.91415667,40.81642667,0.1006849840595974,17.0,3.1,135.07692307692307,125.53645833333331,14.75,44.61538461538461,0.1594312120823115,0.0668328939683179,0.2517967953010192,0.1056155722374403,1149.4270805458923,21513.392027019698,1958.4166666666667,20.25,55.42184077041667,55.42184077041667,24,0.1931714128810675,0.0625304906991407,0.3048416945057229,445.6923076923077
-73.88502167,40.81249667,0.0851969222601291,31.625,3.1,135.07692307692307,52.5,32.0,44.61538461538461,0.069796774981619,0.0970727851899642,0.1618256049270352,0.0898361266357749,1481.287436378248,24601.889743368767,1946.78021978022,36.19565217391305,22.447227373478263,22.447227373478263,92,0.0859828806425418,0.0767019657595944,0.3486052663380906,445.6923076923077
-73.91440167,40.83907,0.0606850157248212,95.1,3.1,135.07692307692307,57.41028708133971,95.13333333333334,44.61538461538461,0.1135777250732376,0.0573736205577832,0.1709118360185198,0.0659744446871168,1627.26886035313,28272.994231122768,1926.732142857143,91.91071428571428,52.7826408875,52.7826408875,56,0.0967314922827034,0.0756674624579972,0.4006242929678837,445.6923076923077
-73.91688333,40.81158333,0.0860364512761417,15.9,2.946153846153846,171.07692307692307,61.36363636363637,16.208333333333332,48.35384615384616,0.1796878993636357,-0.0095517457527714,0.2014238342214311,0.08481761165142,1513.5633351149118,19952.93947819765,1976.017094017094,16.6218487394958,38.66231928042017,38.66231928042017,119,0.2152786462439699,-0.0199232896864151,0.2827303046055677,441.0
-73.95503667,40.768995,0.0704873363589107,30.23809523809524,2.946153846153846,171.07692307692307,421.6,30.51515151515152,48.35384615384616,0.1212284094519934,0.0683312651492414,0.2068707375562764,0.0864584766648631,1242.4778998124832,37680.09652860192,1920.5328467153288,31.474452554744527,71.90380848182483,71.90380848182483,137,0.1412839086021594,0.067549866971118,0.5339215898864541,441.0
-73.89778667,40.80872333,0.0871004628427041,30.0,3.1,135.07692307692307,44.79861111111112,30.0,44.61538461538461,0.107611133144555,0.16075442314922,0.2384543969060408,0.079402783075106,1333.7002680965147,24753.258908199063,1986.25,14.8,32.156602934,32.156602934,5,0.0898850192927979,0.149585192291848,0.3507501457986609,445.6923076923077
-73.88768667,40.816435,0.0887356394009497,79.42857142857143,3.1,135.07692307692307,25.54475703324808,82.31818181818181,44.61538461538461,0.1677755190914353,0.02532407270685,0.2254792243479244,0.0935446526942433,1270.0676109032604,21164.42841966492,1930.9908256880733,78.1559633027523,33.176886458165136,33.176886458165136,109,0.207448102452972,0.0149137482756563,0.2998969299952866,445.6923076923077
-73.91684167,40.81832667,0.0543362390541761,33.904761904761905,3.1,135.07692307692307,150.5,35.911764705882355,44.61538461538461,0.1349170834166254,0.0690782971460378,0.2025003765462227,0.07286385136167,1404.6378479657387,28073.022458139603,1944.5072463768115,34.44927536231884,37.22772058130435,37.22772058130435,138,0.1377065270157659,0.0643016238559179,0.397790721485922,445.6923076923077
-73.928015,40.82156,0.0806689403043432,33.77777777777778,3.1,135.07692307692307,318.5833333333333,34.25,44.61538461538461,0.2909355832661603,-0.0252994662370101,0.2942262471776575,0.0835756978402776,1283.7175715431931,15053.611905052092,1927.7,34.475,41.398306103,41.398306103,40,0.3234203735041693,-0.0543875940840404,0.2133075321546097,445.6923076923077
-73.90333667,40.83239167,0.0872894017262897,77.44444444444444,3.1,135.07692307692307,57.4375,77.15789473684211,44.61538461538461,0.2098232040860091,0.0031158813253489,0.2540282124749209,0.0793924421477868,1100.5544554455446,20632.9365469106,1941.0243902439024,79.28571428571429,45.61473550666666,45.61473550666666,42,0.2460835250448716,-0.0053447830574179,0.2923657660161707,445.6923076923077
-73.956075,40.77899667,0.085740109383396,87.375,2.946153846153846,171.07692307692307,100.08333333333331,86.96296296296296,48.35384615384616,0.0872763975921147,0.0975401405121772,0.1972160065923948,0.086216324526301,1070.602141900937,36980.47116576492,1934.0963855421687,86.70238095238095,103.31901566428571,103.31901566428571,84,0.1164226630375876,0.0824495345257832,0.5240079983503123,441.0
-73.92338333,40.82285333,0.1189618039228205,51.0,3.1,135.07692307692307,88.95833333333333,55.375,44.61538461538461,0.1047058712086878,0.0858764945990247,0.2202825963940024,0.0951746832878372,1228.726031065881,28658.474339508663,1963.9411764705883,51.41176470588236,84.74241617117647,84.74241617117647,17,0.1661766373175514,0.0481572828702525,0.4060864910855213,445.6923076923077
-73.88873167,40.82591333,0.0778169008753649,59.42857142857143,3.1,135.07692307692307,20.68298368298368,60.91666666666666,44.61538461538461,0.1432990942265236,0.0371288179602904,0.2286329358563806,0.0846284682269572,1227.679497460572,23110.821385352527,1934.6666666666667,57.36842105263158,41.44237822789473,41.44237822789473,76,0.183485336559579,0.040205969380985,0.3274770405186217,445.6923076923077
-73.95734167,40.822095,0.0948508425801446,9.0,2.946153846153846,171.07692307692307,154.0,9.0,48.35384615384616,0.3292355657975476,-0.0726661613271271,0.2111524076168711,0.0675176713198732,1055.8433155080213,12298.210566150805,1917.8,57.79166666666666,66.12606749000001,66.12606749000001,24,0.1910629775034083,-0.0027769416896276,0.1742638884498319,441.0
-73.94967,40.80212,0.0696292025814912,21.2,2.946153846153846,171.07692307692307,77.884375,21.066666666666663,48.35384615384616,0.1250090470263365,0.0554890139858767,0.2333331386558176,0.0801676248037511,1036.3567987152037,28749.72240565975,1951.876712328767,21.54430379746836,51.068818886875,51.068818886875,80,0.2008574651458238,0.0299495018425586,0.4073794631591183,441.0
-73.95110833,40.77415333,0.0724503035944251,47.875,2.946153846153846,171.07692307692307,106.33333333333331,48.36111111111112,48.35384615384616,0.1268779511515522,0.0684688776072199,0.2124823498839534,0.0746737413606971,1321.1569938486227,34258.94571150489,1926.5448275862068,49.22758620689656,67.20371233937931,67.20371233937931,145,0.156862242755527,0.057345265275411,0.485444371094544,441.0
-73.916905,40.81819833,0.0614195997363529,35.78947368421053,3.1,135.07692307692307,150.5,36.05555555555556,44.61538461538461,0.1381483253820728,0.0690019451466966,0.2010870578511996,0.0722666203857917,1393.8327535456249,28556.947846008192,1943.6277372262773,33.34306569343066,38.64034485087591,38.64034485087591,137,0.1350242429343859,0.0655586026034141,0.4046478751638092,445.6923076923077
-73.92789,40.82876667,0.1373386266468063,17.5,3.1,135.07692307692307,45.022922636103154,23.666666666666668,44.61538461538461,0.0789250792844859,0.0516841419834373,0.2469298250119422,0.1182355788344477,1085.8203961456102,31856.556361874915,2009.0,19.33333333333333,40.29301579833333,40.29301579833333,6,0.2249400559593916,0.0060626701411686,0.4514028568936024,445.6923076923077
-73.90241833,40.83191,0.0757758221116004,87.83333333333333,3.1,135.07692307692307,48.409505208333336,86.95,44.61538461538461,0.1894002333649832,0.0072991815102491,0.23232101239204,0.0775241604038453,1268.1191432396251,23558.831435838565,1945.809523809524,89.45454545454545,43.73933430075758,43.73933430075758,66,0.2198004937053337,0.0030470185407089,0.3338252789912895,445.6923076923077
-73.94677167,40.80067333,0.0733221003226582,20.75,2.946153846153846,171.07692307692307,71.80208333333333,21.571428571428573,48.35384615384616,0.1803537968714396,0.0235039743795466,0.2451294609468452,0.0773560739147225,1179.8566452304394,23098.959685332924,1965.1521739130435,23.58333333333333,71.59325850708333,71.59325850708333,48,0.243822911771794,-0.0037074404304215,0.3273089619218134,441.0
-73.91132167,40.83815,0.1068885750862961,67.75,3.1,135.07692307692307,58.32291666666666,69.33333333333333,44.61538461538461,0.246908358575305,0.017997615122134,0.2646521894735975,0.0917902191566616,1195.2351995713902,18408.588083562063,1944.5,74.4,43.8843578362,43.8843578362,50,0.2428478729544175,0.0131423596630732,0.2608470657622918,445.6923076923077
-73.88640667,40.81517667,0.0755906946436707,62.85714285714285,3.1,135.07692307692307,48.80059523809524,65.9047619047619,44.61538461538461,0.1626299786083831,0.0505634374726099,0.2012613706519359,0.0875651024641418,1370.8140219427348,21258.535358475463,1928.986301369863,72.08219178082192,36.575342465753415,36.575342465753415,73,0.1619136130271584,0.0403443784528994,0.3012304118867349,445.6923076923077
-73.88276167,40.80516833,0.0703369863124791,16.833333333333332,3.1,135.07692307692307,26.96312684365781,16.625,44.61538461538461,0.1244443181682561,0.0732658476736613,0.15728947215852,0.0839510118896921,1660.5800321199144,30874.84695439579,1962.625,16.555555555555557,17.830577589999997,17.830577589999997,18,0.0928381069539937,0.0639125743312507,0.4374921747045079,445.6923076923077
-73.970955,40.76449167,0.1148016167171218,48.5,2.946153846153846,171.07692307692307,799.7402376910017,48.04545454545455,48.35384615384616,0.0487509909829957,0.1037349699004482,0.1665872927744618,0.0847100755673663,1024.7736051502145,40569.92494482748,1922.942857142857,47.52857142857143,158.9607530375714,158.9607530375714,70,0.0891507283234642,0.0770655998584103,0.5748700460891671,441.0
-73.93840833,40.85323,0.0489493292528601,255.33333333333331,3.1,135.07692307692307,148.0,249.25,44.61538461538461,0.3925543554427875,-0.1150165971328006,0.2747250064342571,0.0919933489720501,1119.3475120385233,22512.835428883405,1930.217391304348,232.3877551020408,67.09360266163266,67.09360266163266,49,0.3186254652322064,-0.0619916309157025,0.3190036648638472,445.6923076923077
-73.95042167,40.828105,0.0648010783808066,88.35714285714286,2.946153846153846,171.07692307692307,94.26104972375693,89.73333333333333,48.35384615384616,0.3252793200887812,-0.0468402325314832,0.3240920072005827,0.0493739332399677,1177.4838018741634,18564.754163774025,1918.951807228916,91.39285714285714,53.06391105976189,53.06391105976189,84,0.3499156396630273,-0.0716347462439595,0.2630599168301913,441.0
-73.92029667,40.82235,0.1056928844197635,32.0,3.1,135.07692307692307,88.95833333333333,40.4,44.61538461538461,0.2051010585412039,0.0200374766245988,0.2547474953719072,0.0990861908217097,934.8373461744249,12973.391244711169,1974.0666666666664,41.266666666666666,102.88333333333334,102.88333333333334,15,0.2426589611659714,0.0033324876712547,0.18383110229903,445.6923076923077
-73.95137667,40.82775167,0.0290555408514349,81.0,2.946153846153846,171.07692307692307,38.0,81.4074074074074,48.35384615384616,0.5051374592095919,-0.163162387824801,0.3381985233257302,0.0556557341777452,1049.3148742643125,13282.507340221326,1912.8059701492537,86.98529411764706,48.00477255220588,48.00477255220588,68,0.3805541965486781,-0.0897129700811686,0.1882112332538073,441.0
-73.89914,40.81825833,0.0926387007648078,49.7,3.1,135.07692307692307,70.15811965811966,50.53125,44.61538461538461,0.2575253323980425,-0.0029044063269956,0.2942097444102045,0.0998612809166473,1096.3413590155162,17458.20396094615,1939.81512605042,52.49586776859504,30.12089468024793,30.12089468024793,121,0.274097008702291,0.0071697397584964,0.2473802583893954,445.6923076923077
-73.94485333,40.79999167,0.0743458707469899,31.846153846153847,2.946153846153846,171.07692307692307,135.27213541666666,30.86206896551724,48.35384615384616,0.1609146384073075,0.0470133789088047,0.2317506815767616,0.0772286932266384,1195.134939759036,24072.14075807192,1965.7954545454545,29.72826086956522,50.45016130141304,50.45016130141304,92,0.2119005731985507,0.0176125551084272,0.3410987988251176,441.0
-73.95094,40.77068333,0.0913708809406756,33.53333333333333,2.946153846153846,171.07692307692307,121.59508408796896,33.30769230769231,48.35384615384616,0.0951383627541887,0.0624119788868538,0.18099821578417,0.0901360468808681,1178.9991970021413,32075.646666317203,1922.6666666666667,31.19540229885057,72.10255607431817,72.10255607431817,88,0.1364547014685171,0.0454773162286488,0.4545073352382608,441.0
-73.928,40.828835,0.1403126573316216,17.5,3.1,135.07692307692307,45.022922636103154,23.666666666666668,44.61538461538461,0.095891250697819,0.0447480258907624,0.2446945254533181,0.1176879554983439,1081.9772240085745,32377.604520190314,2009.0,19.33333333333333,40.29301579833333,40.29301579833333,6,0.2226942951923506,0.005557475903125,0.4587860349297247,445.6923076923077
-73.93497,40.85694833,0.0690580977875745,213.0,3.1,135.07692307692307,27.519898391193905,188.33333333333331,44.61538461538461,0.2327849343038716,0.0263635936994091,0.3116505177455841,0.0715190871712856,1074.1967871485945,25429.512011727504,1946.65625,147.3125,61.50482999812501,61.50482999812501,32,0.3196001169206578,-0.0302236936309043,0.360332555757287,445.6923076923077
-73.900165,40.84130833,0.0907517858046674,54.75,3.1,135.07692307692307,20.34375,54.75,44.61538461538461,0.1317497274950645,0.0016351029478776,0.1297034291725917,0.0714934456051412,1500.1310160427809,32688.528753394792,1955.8260869565215,54.68,36.3634236236,36.3634236236,25,0.1007589213668289,0.0289290155195615,0.4631917869376658,445.6923076923077
-73.93549,40.799435,0.0635965567287935,13.0,2.946153846153846,171.07692307692307,357.1666666666667,13.77777777777778,48.35384615384616,0.2830662912075516,0.0632146290074142,0.300774353589438,0.0851824055941634,1071.895230439443,22558.511641052814,1932.125,13.785046728971963,49.178948688224295,49.178948688224295,107,0.2587119628822111,0.0442542457754224,0.3196508902708169,441.0
-73.94836,40.80914,0.0802566480264299,25.83333333333333,2.946153846153846,171.07692307692307,107.82552342971088,25.6,48.35384615384616,0.0829896446376676,0.0798935536001124,0.1754267813796172,0.0972329203341352,1383.2312633832976,33065.60811752466,1937.344262295082,25.21875,65.7321597309375,65.7321597309375,64,0.0924900797624611,0.0844431258923345,0.4685349477072975,441.0
-73.95611333,40.77655,0.0910288478117167,75.15789473684211,2.946153846153846,171.07692307692307,100.08333333333331,75.275,48.35384615384616,0.1331426182905417,0.0711682423517712,0.1971670085346442,0.0816418197432035,1182.980444682561,34889.299118748306,1924.6496350364964,73.17391304347827,74.43286084550725,74.43286084550725,138,0.1259730886560925,0.0726966533401986,0.4943763889079551,441.0
-73.958805,40.81604167,0.1453415756968199,37.4,2.946153846153846,171.07692307692307,131.0,40.16666666666666,48.35384615384616,0.0571974094090012,0.0636495984518565,0.1476134419121251,0.1014686582967372,1433.6469644289916,26554.137348877688,1926.4516129032256,37.8125,84.970550114375,84.970550114375,32,0.1018312283713989,0.0438350207959859,0.3762683362720831,441.0
-73.95662833,40.76301,0.080619282596084,30.571428571428573,2.946153846153846,171.07692307692307,6.338308457711443,32.625,48.35384615384616,0.3597857685886811,-0.0914189508630321,0.2859333060427598,0.0729532449930591,948.1237610500938,26849.24577908154,1929.2156862745096,35.03846153846154,76.49368909057692,76.49368909057692,52,0.3448318907763877,-0.0949610933250554,0.3804499806081162,441.0
-73.89142667,40.80950667,0.090662513758842,14.0,3.1,135.07692307692307,30.002564102564104,13.833333333333334,44.61538461538461,0.0447047406716426,0.1204793132335536,0.1612778198030799,0.1033993318771078,1377.279293739968,23988.47374119737,1943.0,14.432432432432432,22.39622828891892,22.39622828891892,37,0.0485971505418582,0.1141061278991201,0.3399132491371134,445.6923076923077
-73.91336167,40.81802,0.0830819594670457,20.5,3.1,135.07692307692307,34.310763888888886,17.714285714285715,44.61538461538461,0.2572237457113889,-0.0126398411797599,0.2602655446627883,0.0998580073261225,1223.879485806106,18717.180189377606,1948.15625,19.9375,50.1489554165625,50.1489554165625,32,0.2268075204725755,0.0334592448214585,0.2652197718576054,445.6923076923077
-73.915845,40.84339167,0.1251186445896556,34.0,3.1,135.07692307692307,54.99479166666666,42.18181818181818,44.61538461538461,0.0734764811992857,0.0859071594569602,0.1928512561425306,0.1014035417641891,1510.7788770053476,30438.37214214662,1941.4489795918369,49.28,32.86769049245283,32.86769049245283,53,0.121591043952576,0.0697174764487134,0.4313073889116565,445.6923076923077
-73.94817,40.80934833,0.0750919868870676,26.0,2.946153846153846,171.07692307692307,107.82552342971088,25.071428571428573,48.35384615384616,0.094843245525948,0.0700741521025493,0.1825733722455103,0.0961857609905339,1354.711605467703,30657.89562457538,1931.032786885246,25.40625,64.15609968875,64.15609968875,64,0.1057271927157895,0.077894713290645,0.4344180053258144,441.0
-73.90655833,40.80691833,0.0816274563524265,24.33333333333333,2.946153846153846,171.07692307692307,7.139136904761905,23.75,48.35384615384616,0.0740755168894793,0.0760554510514694,0.1296879928900608,0.1014815926415633,1379.4892990904227,12291.440797873212,1950.6,20.875,41.38437559125,41.38437559125,8,0.0785847951044696,0.0506651898258053,0.1741679617996789,441.0
-73.90327333,40.83221833,0.0692332399423739,79.7,3.1,135.07692307692307,57.4375,78.82352941176471,44.61538461538461,0.1743105787726238,0.0151460356912293,0.2519476765025,0.0784151927461612,1124.3880557043385,20163.89747271712,1940.0,80.74468085106383,45.82855007744681,45.82855007744681,47,0.2404130817868093,-0.0008709331124048,0.2857195492788301,445.6923076923077
-73.92103167,40.84225833,0.0935846680975135,117.4,3.1,135.07692307692307,54.99479166666666,116.5,44.61538461538461,0.1104055782386154,0.0823801990324513,0.2149955617629166,0.0906991019628455,1300.985010706638,26869.08014115048,1942.2142857142856,106.51162790697674,39.38122339313953,39.38122339313953,86,0.1554794379592146,0.0585427915912209,0.380731030687659,445.6923076923077
-73.91189833,40.82040167,0.078544293676576,29.210526315789476,3.1,135.07692307692307,75.66272189349112,29.51515151515152,44.61538461538461,0.2137878407253741,0.0050229221203444,0.2210911397949201,0.0773137715300642,1400.474149477632,21625.83897566504,1989.115044247788,30.16521739130435,39.20044706034783,39.20044706034783,115,0.2033833814734642,0.0147277926555106,0.3064350517187432,445.6923076923077
-73.90588333,40.80402167,0.0594235284236264,9.833333333333334,2.946153846153846,171.07692307692307,7.139136904761905,9.77777777777778,48.35384615384616,0.0636056496386752,0.1028752625783845,0.1525331280667683,0.0685228097707945,1516.272605671482,28603.97767013402,1947.2222222222224,9.68421052631579,28.81306398421053,28.81306398421053,19,0.033365481538347,0.1205217402238137,0.4053142810594186,441.0
-73.90573167,40.826655,0.0883103457479543,85.07142857142857,3.1,135.07692307692307,128.14603798297316,84.88,44.61538461538461,0.2268220990464581,0.0261150034514436,0.2355954985569621,0.0818241002482375,1294.4799357945426,21699.592103130577,1948.90625,78.625,40.59745651402062,40.59745651402062,97,0.1979792455119005,0.035121296915334,0.307480123008689,445.6923076923077
-73.96764,40.802315,0.0796374646634117,106.28571428571428,2.946153846153846,171.07692307692307,19.33333333333333,106.61904761904762,48.35384615384616,0.2316939759548349,-0.0044121426143814,0.2141352297274308,0.0839231958050325,1140.0786516853932,28332.57007777713,1911.524752475248,106.48514851485147,74.42665310039604,74.42665310039604,101,0.190037432617156,0.0199070087064851,0.4014684742127862,441.0
-73.91044667,40.82497833,0.0873486345499729,25.666666666666668,3.1,135.07692307692307,67.3293768545994,27.571428571428573,44.61538461538461,0.1505384443479208,0.0458579816208556,0.170598483473506,0.0915152691667513,1306.3634903640257,23704.90784082036,1970.3243243243244,29.0,52.833054311891885,52.833054311891885,37,0.1145646912868659,0.0544108385005447,0.3358951608011693,445.6923076923077
-73.89537667,40.810705,0.1064279695889626,18.0,3.1,135.07692307692307,44.79861111111112,16.5,44.61538461538461,0.0408037893954516,0.1023277558968141,0.1322431712025401,0.0980565000798534,1662.659255290651,30470.268014626683,1947.571428571429,17.0,29.53695858214286,29.53695858214286,14,0.0411338028691583,0.0921806645374785,0.4317593488723953,445.6923076923077
-73.91118,40.82158833,0.0928188862185788,30.25,3.1,135.07692307692307,78.29166666666667,30.285714285714285,44.61538461538461,0.2282936858818815,0.0133393390736131,0.2286906743145376,0.0821550478537988,1145.0569823434992,20274.270249044854,1973.057471264368,29.80434782608696,42.09464512413043,42.09464512413043,92,0.2025931086527915,0.0230819428027511,0.2872835157663543,445.6923076923077
-73.90675333,40.83162167,0.081980547201116,47.0,3.1,135.07692307692307,106.10322580645162,47.8,44.61538461538461,0.2626050608990969,-0.0137021341637856,0.2485806535692689,0.0858932987894241,999.6938939475094,19903.314007112265,1951.071428571429,47.88636363636363,47.80371456113635,47.80371456113635,44,0.2458474188993429,-0.0066824296723456,0.2820271187628224,445.6923076923077
-73.9144,40.81598167,0.1145600053862032,14.75,3.1,135.07692307692307,125.53645833333331,14.75,44.61538461538461,0.0754057164399162,0.0640129852466932,0.2141241032558876,0.1073600654532178,1252.2774504552758,21582.78761446094,1986.375,17.9375,62.6575,62.6575,16,0.1593349034660858,0.0566376162657034,0.3058250200749869,445.6923076923077
-73.95602333,40.77648833,0.1018273556429803,72.6875,2.946153846153846,171.07692307692307,106.33333333333331,74.0,48.35384615384616,0.1240481947572756,0.0801274592946719,0.2004867459623986,0.0804740995344656,1190.4699731903486,35198.878975921,1924.744680851064,72.2605633802817,74.80519227985916,74.80519227985916,142,0.1270218803368819,0.0751535429179749,0.4987630912986269,441.0
-73.95771833,40.82165333,0.1056578684452519,9.0,2.946153846153846,171.07692307692307,114.0,38.0,48.35384615384616,0.1749876802954152,0.0036221630244303,0.1591074747871765,0.0679422945501781,1119.7434456928838,11260.886832262468,1930.76,50.21428571428572,74.78390486214286,74.78390486214286,28,0.1142104861542274,0.0301530566630244,0.1595651591933249,441.0
-73.95971333,40.81915833,0.0919096555608979,9.0,2.946153846153846,171.07692307692307,114.0,7.714285714285714,48.35384615384616,0.0473850464040798,0.0699383709683455,0.0821563361025599,0.0856393151826234,1114.5887399463809,17477.6468398547,1941.0,17.115384615384617,44.13658430538461,44.13658430538461,26,0.050824643163087,0.028533431080493,0.2476557612086288,441.0
-73.93966333,40.80439,0.1720624722483183,23.0,2.946153846153846,171.07692307692307,38.0,24.0,48.35384615384616,0.1584154519921513,-0.0036389694817746,0.1956250405008742,0.0976407789032064,1147.887520085699,21445.417903326364,1933.107142857143,21.86206896551724,50.833629702241375,50.833629702241375,58,0.1768806243817216,0.0146616995863036,0.3038785108747482,441.0
-73.91657,40.83409167,0.0853321058561525,97.375,3.1,135.07692307692307,56.53,98.53333333333332,44.61538461538461,0.0495746315451927,0.1249539112026874,0.1816743734152289,0.0668550057732302,1731.808402461868,28124.89313198944,1943.71875,90.140625,53.725356444375,53.725356444375,64,0.0861866018302339,0.0982640618158568,0.3985257215305359,445.6923076923077
-73.88372333,40.814715,0.0770988878662077,29.5,3.1,135.07692307692307,48.80059523809524,28.875,44.61538461538461,0.0329051732318756,0.1297898147342004,0.180732604790179,0.0841079231324994,1675.50281124498,23581.10480645959,1958.4,30.56410256410257,18.81731606871795,18.81731606871795,39,0.0797949091800231,0.1024998623654368,0.3341408894742553,445.6923076923077
-73.92625333,40.82550667,0.0872117323851603,39.333333333333336,3.1,135.07692307692307,318.5833333333333,40.44444444444444,44.61538461538461,0.1038736224958676,0.0951954503077916,0.2809687720997852,0.0877866300464507,1210.2847965738758,21682.01573883974,1939.9473684210527,40.26315789473684,65.84267981105263,65.84267981105263,19,0.2494151063854233,0.0073548686507388,0.3072310684347223,445.6923076923077
-73.958745,40.77490333,0.1310486903877051,60.65,2.946153846153846,171.07692307692307,147.25,60.725,48.35384615384616,0.1449374059939663,0.0394216210671566,0.204751867111926,0.0914817797932763,1016.7079314040728,33132.92701351345,1915.0128205128208,61.98089171974522,79.39646863777071,79.39646863777071,157,0.179376408756283,0.0250485607418004,0.469488846856039,441.0
-73.896195,40.812295,0.0846165720179449,23.2,3.1,135.07692307692307,44.79861111111112,20.125,44.61538461538461,0.0532172711856126,0.083458016443083,0.124779664723493,0.0989331696137409,1584.8987951807228,17453.997943278093,1951.875,22.2,22.0115144035,22.0115144035,20,0.0443745179436519,0.081111285761457,0.2473206597194056,445.6923076923077
-73.90958667,40.81901,0.0889757702658606,45.75,3.1,135.07692307692307,34.310763888888886,47.25,44.61538461538461,0.1540936466396184,0.0036647637662935,0.2418299802237694,0.0879805809359195,1298.0858977789671,22216.428115829964,1970.05223880597,51.77372262773723,33.77751824620438,33.77751824620438,137,0.260226243098469,-0.0292523409845031,0.314803615541976,445.6923076923077
-73.95390833,40.81774,0.0941031772337249,87.83333333333333,2.946153846153846,171.07692307692307,114.0,94.71428571428572,48.35384615384616,0.3448347262376575,-0.0360119002156684,0.2774995334569418,0.0811842680394578,1084.740364025696,22076.75262325664,1917.8676470588236,93.94202898550724,68.15298898449277,68.15298898449277,69,0.2556768069354393,0.0028380453516716,0.3128244337483179,441.0
-73.94762833,40.80501833,0.0864823146183293,21.9375,2.946153846153846,171.07692307692307,84.8124191461837,22.09090909090909,48.35384615384616,0.1725867973332512,0.0369103096887845,0.2230027842357572,0.0740870542541104,1373.2551484354103,27687.74381975906,1893.036036036036,22.76126126126126,51.99227557644144,51.99227557644144,222,0.2024413968327544,0.0212790385470992,0.392331378169134,441.0
-73.92711167,40.83684667,0.0965158190174312,85.81818181818181,3.1,135.07692307692307,21.926369863013697,87.76923076923077,44.61538461538461,0.188452422040673,0.0463434299245743,0.2613957059891064,0.0816764294522351,1166.0913719185423,25041.393665002943,1948.121212121212,88.8955223880597,40.117888020882354,40.117888020882354,68,0.2468280605885962,0.0052177431994774,0.3548329741786361,445.6923076923077
-73.950715,40.770995,0.1013372366836344,34.4,2.946153846153846,171.07692307692307,121.59508408796896,33.65384615384615,48.35384615384616,0.1083443398809692,0.067464811197503,0.1902835581649377,0.0922255116126931,1141.760933726858,30268.487529449583,1925.7682926829268,31.73170731707317,80.39048964361447,80.39048964361447,83,0.1415726910311301,0.0495129970489979,0.428900148196706,441.0
-73.95317667,40.81086667,0.0735715106019413,27.571428571428573,2.946153846153846,171.07692307692307,86.40942028985508,26.875,48.35384615384616,0.0590838665015249,0.0989672972186624,0.1969267426441365,0.0841889724715851,1377.9714056654195,26632.7858166974,1923.934210526316,28.55844155844156,56.15700255974025,56.15700255974025,77,0.1552057155063254,0.0355879598530411,0.3773827738355623,441.0
-73.95087,40.828295,0.0513718856883296,81.0,2.946153846153846,171.07692307692307,38.0,85.22222222222223,48.35384615384616,0.5196189496674771,-0.1653962484165042,0.3648003595256103,0.0467419495895904,989.8372591006424,14216.952889713562,1917.7671232876712,88.44594594594595,51.79992612905405,51.79992612905405,74,0.4189193518090727,-0.113483625545152,0.2014521933206284,441.0
-73.95641667,40.80816,0.0772908757144442,30.4,2.946153846153846,171.07692307692307,36.12944162436549,29.53846153846154,48.35384615384616,0.5293415421199688,-0.1486885031748207,0.400890402442176,0.0708614829694734,859.3092562867844,15182.114442569173,1909.9027777777776,33.888888888888886,55.48143582875,55.48143582875,72,0.4459580852014893,-0.1096890972387978,0.2151283947708644,441.0
-73.90501167,40.81243,0.0916931284559877,30.857142857142858,3.1,135.07692307692307,51.140625,31.2,44.61538461538461,0.0880163863430097,0.033303810660163,0.1682989720839883,0.0827906000137987,1506.879753615426,23880.58126709732,1955.184210526316,33.66233766233766,38.9313201473077,38.9313201473077,78,0.1212075248929287,0.0463865815223046,0.3383844281786786,445.6923076923077
-73.91447333,40.83909667,0.0640711813021183,95.1,3.1,135.07692307692307,57.41028708133971,93.11111111111111,44.61538461538461,0.1095430022644863,0.0596612681873451,0.1684921473986852,0.066044705134613,1644.5775815944355,28063.14074285987,1926.7142857142856,91.32142857142856,51.94200990928572,51.94200990928572,56,0.0958188101005358,0.0741873150920652,0.397650698990266,445.6923076923077
-73.95641333,40.76700667,0.077413522960398,49.0,2.946153846153846,171.07692307692307,421.6,47.0,48.35384615384616,0.1202317962769711,0.0551910018546025,0.2015503983396374,0.0829410061339098,1157.4332797427653,36280.322986684805,1931.6049382716049,45.27160493827161,101.83068820839507,101.83068820839507,81,0.1402966319373008,0.0631797644177738,0.5140869985813931,441.0
-73.94682833,40.79254,0.0869350027000741,11.545454545454543,2.946153846153846,171.07692307692307,32.38764880952381,11.974358974358974,48.35384615384616,0.1378111048916617,0.0752777187678913,0.2305236580892841,0.069341742156469,1130.9186077643908,23412.66649466401,1919.752688172043,11.903225806451612,57.41871837393615,57.41871837393615,94,0.2029150970828697,0.0219908002167557,0.3317541426365059,441.0
-73.90144833,40.83526833,0.0820884750593901,68.5,3.1,135.07692307692307,57.4375,68.75,44.61538461538461,0.2243082612754149,0.0196758060890936,0.2814024293311915,0.0835724995494423,1109.96788868076,20840.43448117209,1960.85,67.88333333333334,37.35001244666668,37.35001244666668,60,0.2605574594937205,0.0014104415967644,0.2953059821295189,445.6923076923077
-73.93510667,40.856515,0.0624238589969573,209.5,3.1,135.07692307692307,27.519898391193905,169.54545454545453,44.61538461538461,0.2445323121243567,0.0118496362137083,0.3078484980468927,0.0756755713821935,1119.6138613861383,25139.130675698183,1946.571428571429,149.02857142857144,62.73727314114285,62.73727314114285,35,0.3071613876725719,-0.0186166459194325,0.3562178936708715,445.6923076923077
-73.95026,40.82633333,0.0844813350871041,108.125,2.946153846153846,171.07692307692307,94.26104972375693,108.23529411764706,48.35384615384616,0.0873345087520142,0.0678235520394505,0.1838802946534314,0.0712060075285721,1642.5180819716047,29704.79087566475,1917.876404494382,102.93258426966293,56.96876751707865,56.96876751707865,89,0.1089717128583753,0.0760220991391857,0.4209126470663361,441.0
-73.96389833,40.803115,0.0798607176686169,106.375,2.946153846153846,171.07692307692307,118.07570422535213,106.15384615384616,48.35384615384616,0.2099543604879591,0.0148693462729739,0.2547023313930623,0.0796824896080828,1161.1396034297964,24814.49367008177,1916.44776119403,106.33823529411764,81.04499999999999,81.04499999999999,68,0.2383411258491009,-0.0004290225525691,0.3516178336348188,441.0
-73.92680833,40.820025,0.0855616177107565,47.25,3.1,135.07692307692307,318.5833333333333,45.38095238095238,44.61538461538461,0.1703306775975282,0.0039409818115762,0.242077051093533,0.0970803253082639,1152.2583578496924,23129.260388178613,1917.164705882353,36.855555555555554,36.19573861622223,36.19573861622223,90,0.2462484925714842,-0.0139025819270435,0.3277383185567892,445.6923076923077
-73.949935,40.82212667,0.0789910272162572,133.23076923076923,2.946153846153846,171.07692307692307,14.14375,131.62857142857143,48.35384615384616,0.099374939925172,0.0807621556712238,0.1997431643384376,0.0773930375409753,1447.28720277852,27496.029050048764,1912.7016129032256,128.86290322580646,54.49207506314516,54.49207506314516,124,0.1490568774282529,0.049214506538093,0.3896148072441406,441.0
-73.94524667,40.791905,0.0635715313077099,10.24,2.946153846153846,171.07692307692307,14.61223678982916,10.355555555555556,48.35384615384616,0.1694950729427013,0.0450926502036167,0.1931357840164027,0.0678127382332838,1334.4410585404971,27257.115075570247,1915.4475524475524,10.744827586206895,53.21059635413793,53.21059635413793,145,0.1576624602543797,0.0345839098354717,0.3862294303264366,441.0
-73.95747833,40.81447167,0.0503716555786739,26.666666666666668,2.946153846153846,171.07692307692307,131.0,26.88235294117647,48.35384615384616,0.2775990155413551,-0.0190910541823837,0.2783030893380616,0.0944867496951144,1169.7422984195018,20738.10454037574,1923.0980392156864,28.03921568627451,61.64599759764705,61.64599759764705,51,0.2794696881116025,-0.0210457117315247,0.2938559814734695,441.0
-73.938315,40.85225667,0.0782231907391323,244.66666666666663,3.1,135.07692307692307,50.0,243.1818181818182,44.61538461538461,0.3292061316184827,-0.0774671984703138,0.2753027226536434,0.0790516829037187,1073.3874163319947,23377.86724731144,1928.0,226.5531914893617,66.46093934787234,66.46093934787234,47,0.2947529617911551,-0.0382955448113417,0.331261042268179,445.6923076923077
-73.886315,40.81508167,0.0722343067988545,62.76923076923077,3.1,135.07692307692307,48.80059523809524,64.3157894736842,44.61538461538461,0.1619887885970858,0.0536051995429634,0.2002017656926015,0.0864370139351882,1375.1799465240642,20751.516736289475,1929.2714285714285,68.0,36.51371428571428,36.51371428571428,70,0.161608907208333,0.0395765722492379,0.2940460303752631,445.6923076923077
-73.90274667,40.80809,0.0768235340783465,14.0,2.946153846153846,171.07692307692307,7.139136904761905,14.0,48.35384615384616,0.1480089198793892,0.0300078466076527,0.1362282898077471,0.1009492257286832,1202.7252276379218,5604.21689615542,1987.5,12.0,23.540930285,23.540930285,2,0.0685735217703696,0.0658144505590166,0.0794109535518647,441.0
-73.94783333,40.80122333,0.0998033631375653,21.8,2.946153846153846,171.07692307692307,71.80208333333333,21.1,48.35384615384616,0.1641025854019432,0.044882378597278,0.2356496607950155,0.0804985382069807,1138.8877277599142,26621.29084856901,1950.25,21.0625,76.5916253684375,76.5916253684375,32,0.2193975140398478,0.0140490581669569,0.3772198917771697,441.0
-73.91785333,40.82135,0.1188690125139891,40.4,3.1,135.07692307692307,33.901785714285715,41.083333333333336,44.61538461538461,0.3468684216707562,-0.054360272113685,0.3653878879667522,0.0677529596227408,891.5983935742972,11627.903513969946,1931.90625,40.84848484848485,59.21836070764705,59.21836070764705,34,0.4241067821137902,-0.0965446540649605,0.1647657331903923,445.6923076923077
-73.90180167,40.82991833,0.0757627110675106,93.42857142857144,3.1,135.07692307692307,48.409505208333336,93.4074074074074,44.61538461538461,0.150826660581114,0.0669268856478862,0.2353479209174765,0.0756367516840319,1389.5135135135135,25808.74491315621,1949.6062992125983,89.3671875,39.873673243515626,39.873673243515626,128,0.1943238692667834,0.0364550297651265,0.365706231844291,445.6923076923077
-73.92715333,40.83694667,0.0970919653971219,83.9,3.1,135.07692307692307,21.926369863013697,85.36363636363636,44.61538461538461,0.2064876009331809,0.0391134991278805,0.2611794003144588,0.080515317674557,1170.430711610487,25484.07531645811,1948.231884057971,87.7,39.90953910323944,39.90953910323944,71,0.245282949949841,0.0069383095323394,0.361105709997604,445.6923076923077
-73.90709,40.813395,0.0829110037865985,38.0,3.1,135.07692307692307,51.140625,38.3125,44.61538461538461,0.1896606519155369,0.050405853908501,0.2268505753782854,0.0931838919971651,1267.2224008574492,23857.76968831208,1959.8395061728395,38.83529411764706,36.65175257670588,36.65175257670588,85,0.182085605182455,0.0429549121693963,0.3380611913634287,445.6923076923077
-73.90569167,40.81255667,0.1046768075205585,31.5,3.1,135.07692307692307,51.140625,35.166666666666664,44.61538461538461,0.0844570292156855,0.0482042619497205,0.1803776286223215,0.0857377939621992,1474.5422685928304,22498.837260768403,1958.1410256410256,36.0,39.10924310037037,39.10924310037037,81,0.1433482314529398,0.0344540946151961,0.3188053128192345,445.6923076923077
-73.94996833,40.77214333,0.0990747645800899,37.0,2.946153846153846,171.07692307692307,294.7708333333333,36.55,48.35384615384616,0.1261764252739379,0.0804726027591968,0.2115648284464096,0.0838055784037127,1150.9860888175494,32936.807472140645,1930.6976744186047,37.03488372093023,82.92285704511627,82.92285704511627,86,0.1357214526263214,0.0788478763823914,0.4667098609460051,441.0
-73.95628833,40.81817667,0.1168581735393492,52.75,2.946153846153846,171.07692307692307,114.0,51.84615384615385,48.35384615384616,0.0348909240518997,0.0714698016237187,0.1606053632830869,0.0961024802478387,1219.6327350656309,22337.62770991251,1933.5806451612905,57.41935483870968,90.06164038161289,90.06164038161289,31,0.1023533801431578,0.0561270146621517,0.316520996492086,441.0
-73.94262,40.80300167,0.0621291328794612,28.0,2.946153846153846,171.07692307692307,181.4,29.25,48.35384615384616,0.4111602667751396,-0.1096854590263338,0.3248992231314266,0.0794630885870094,1042.678982597055,16845.704150018013,1991.448275862069,28.96551724137931,55.170501265666665,55.170501265666665,30,0.3778022399319921,-0.0904581693030454,0.238701223488062,441.0
-73.885985,40.80516167,0.1164994829857851,26.0,3.1,135.07692307692307,26.96312684365781,25.5,44.61538461538461,0.2988602615139394,-0.0009565459059099,0.3160526562785105,0.0855179689294991,1246.5547230398715,20508.26440999855,1958.0833333333333,22.73684210526316,22.05378767631579,22.05378767631579,19,0.3120665163905347,-0.0230794030473047,0.2905991796298965,445.6923076923077
-73.95663667,40.80783667,0.0872605016533961,32.0,2.946153846153846,171.07692307692307,36.12944162436549,30.857142857142858,48.35384615384616,0.546332655314425,-0.1520979764900235,0.4018410945154646,0.0735717254262229,832.877343331548,15590.977795626972,1908.3529411764705,34.955882352941174,56.21666734808824,56.21666734808824,68,0.4455029287382847,-0.1063489424394197,0.2209219301281607,441.0
-73.89108,40.80955,0.087844282632853,14.0,3.1,135.07692307692307,24.479166666666668,13.875,44.61538461538461,0.0375904093840309,0.126437622331475,0.1570777563889373,0.1002532914732202,1417.8815013404826,27217.17356933745,1942.15,14.55,21.43360657325,21.43360657325,40,0.0374985059385439,0.1208892658493712,0.3856634648827045,445.6923076923077
-73.90856667,40.819325,0.0775502011451354,64.9375,3.1,135.07692307692307,11.044117647058824,65.83333333333333,44.61538461538461,0.2894857000038819,-0.0372584676275368,0.2658539492610519,0.0928844565686798,1198.9900910551687,21394.836680483502,1974.1940298507463,64.06569343065694,34.102100764963495,34.102100764963495,137,0.2966019271384183,-0.0488049294196499,0.3031617821660185,445.6923076923077
-73.95634833,40.80825667,0.0661753839657474,30.33333333333333,2.946153846153846,171.07692307692307,36.12944162436549,29.33333333333333,48.35384615384616,0.5141150120794389,-0.1425420637919907,0.3984532313904779,0.0713201065218915,868.4318972437784,14859.6654541568,1908.794871794872,32.11538461538461,52.89339845141025,52.89339845141025,78,0.4457227811114102,-0.1116938194496205,0.2105593386269797,441.0
-73.905805,40.80397833,0.0662367964901859,9.8,2.946153846153846,171.07692307692307,7.139136904761905,9.6,48.35384615384616,0.0644232467666919,0.1032247601256522,0.1547617740017186,0.0689769358439699,1484.6864792503347,27375.14795785473,1947.2222222222224,9.68421052631579,28.81306398421053,28.81306398421053,19,0.0350097683499739,0.1211367582959754,0.3879019394210858,441.0
-73.99316333,40.77099333,0.0812671802590803,18.666666666666668,2.946153846153846,171.07692307692307,20.3984375,18.666666666666668,48.35384615384616,0.1104209991321296,0.0256009885077927,0.1216898183920647,0.0718571536881493,1414.8435574604875,40729.12830684804,1956.5333333333333,20.375,141.26187500000003,141.26187500000003,16,0.0883163995687229,0.0325571973403238,0.5771259350077651,441.0
-73.91834667,40.83135333,0.0852040207368412,82.0,3.1,135.07692307692307,35.830729166666664,82.66666666666667,44.61538461538461,0.1220706632774885,0.0854824577835946,0.2050670518243225,0.0807314312107539,1445.846421870812,27187.05329044493,1933.086206896552,69.34426229508196,51.88528598606557,51.88528598606557,61,0.1295987608444432,0.0778975066149397,0.3852366648295747,445.6923076923077
-73.88836667,40.81414167,0.1065049691634396,76.42857142857143,3.1,135.07692307692307,24.479166666666668,74.12903225806451,44.61538461538461,0.1240135198089099,0.0453920530167102,0.208700950944949,0.0885014904980433,1420.6581973789782,22461.816534256388,1940.936507936508,67.89922480620154,31.56057698015504,31.56057698015504,129,0.1946987655278692,0.0101910237592139,0.3182807344084377,445.6923076923077
-73.94795,40.8254,0.0850248080970533,125.78947368421052,2.946153846153846,171.07692307692307,14.14375,124.74468085106383,48.35384615384616,0.1102334344761043,0.0909682365182091,0.2186497719822722,0.0825575225880797,1348.6465078940323,31742.725956450668,1910.2785714285717,119.40277777777776,53.561601412986114,53.561601412986114,144,0.1347398416474367,0.0861624029371064,0.449789896295842,441.0
-73.94740833,40.80539333,0.0840899805302926,22.73684210526316,2.946153846153846,171.07692307692307,84.8124191461837,22.692307692307693,48.35384615384616,0.1710898371557305,0.0338205507370016,0.2198670114355938,0.073144720380263,1376.383275261324,27925.235988039683,1893.2701421800948,23.09478672985782,53.12205585900474,53.12205585900474,211,0.1970073409878138,0.0232239194212254,0.3956966082977132,441.0
-73.89838333,40.81538333,0.1167360668330521,41.6,3.1,135.07692307692307,44.79861111111112,42.77272727272727,44.61538461538461,0.2263180454006053,-0.0150297403840299,0.1981234825404459,0.095597850097051,1435.2065828204445,28950.41464340049,1917.4859813084115,43.32727272727273,37.11604459972728,37.11604459972728,110,0.1617913759540365,0.0345308498768057,0.4102232435240195,445.6923076923077
-73.88806167,40.81696333,0.0948250057872716,80.25,3.1,135.07692307692307,25.54475703324808,77.45,44.61538461538461,0.1581951841581286,0.0339179426063528,0.2277551935253155,0.0911945559936211,1246.994109772423,23158.8404161666,1932.0252100840337,75.6218487394958,32.20134666764706,32.20134666764706,119,0.2107140424183432,0.0142619033378238,0.3281574633312886,445.6923076923077
-73.92751,40.83609333,0.0488714447568552,98.71428571428572,3.1,135.07692307692307,21.926369863013697,96.5,44.61538461538461,0.2007564407369073,0.0274156499140598,0.2494762157902389,0.087156473326339,1142.0184937014203,25525.77085090244,1937.1746031746031,98.49230769230768,40.177106298615385,40.177106298615385,65,0.2348276143766753,0.0071368958757274,0.3616965297699223,445.6923076923077
-73.92344167,40.82275167,0.1123577248352504,48.0,3.1,135.07692307692307,88.95833333333333,55.375,44.61538461538461,0.1032326634789324,0.0788236400008255,0.2232239726283638,0.0943468819003331,1215.942513368984,28902.176779192858,1965.5,52.0,80.291942181875,80.291942181875,16,0.1680623079426511,0.0493901530562402,0.4095397198734947,445.6923076923077
-73.92994333,40.82993833,0.0839428702805185,14.0,3.1,135.07692307692307,59.5,43.5,44.61538461538461,0.4179581652904313,-0.1238968645418599,0.3339344142670763,0.0869767801845467,880.7797698688788,16828.43837437791,1959.125,56.75,48.67891142958334,48.67891142958334,24,0.3799649025762865,-0.0907255018988567,0.238456569911914,445.6923076923077
-73.892005,40.82039667,0.0984515233038851,42.85714285714285,3.1,135.07692307692307,35.628571428571426,42.6,44.61538461538461,0.0397546967441489,0.0904952420238693,0.1426658545923724,0.0910561100004761,1607.8307898259704,25416.22287510167,1935.205128205128,44.05,49.0835093725,49.0835093725,40,0.0764164028162576,0.0676497475599762,0.3601442505885244,445.6923076923077
-73.958745,40.81598,0.150525460112888,37.75,2.946153846153846,171.07692307692307,131.0,38.142857142857146,48.35384615384616,0.0562655652862797,0.069430532598291,0.1467735720610689,0.1014752821941709,1432.182645956079,26428.34182045675,1924.4411764705883,37.371428571428574,82.12841356085714,82.12841356085714,35,0.1015105180722233,0.0437964132040216,0.3744858315885043,441.0
-73.89825,40.817515,0.092332416172443,46.16666666666666,3.1,135.07692307692307,62.063657407407405,45.76923076923077,44.61538461538461,0.1954358238737504,0.0587699713319903,0.2790621028179856,0.1018672159789297,1223.6725474472066,19585.72811665525,1920.2230769230769,45.74242424242424,33.7638848075,33.7638848075,132,0.2462984509195979,0.0235370462120529,0.2775269720234046,445.6923076923077
-73.8973,40.83765167,0.1112318301819718,0.0,3.1,135.07692307692307,67.09821428571429,0.0,44.61538461538461,0.7363801027608952,-0.2448843713294684,0.6177107944790567,0.0776027521453506,382.9336010709505,0.0,0.0,0.0,0.0,0.0,0,0.7288264723591787,-0.2262383941644928,0.0,445.6923076923077
-73.907355,40.83061667,0.088125452567216,51.4375,3.1,135.07692307692307,106.10322580645162,48.77777777777778,44.61538461538461,0.2330481354672818,0.025402384298603,0.2076941317162859,0.0862653186999378,1160.0847593582887,27575.788737479656,1947.3076923076924,43.391304347826086,44.11157271217392,44.11157271217392,69,0.1510447824222726,0.0545109894703078,0.3907449906319988,445.6923076923077
-73.99219333,40.77056833,0.0822049721232415,22.25,2.946153846153846,171.07692307692307,117.1875,22.285714285714285,48.35384615384616,0.0917422483964268,0.0448180605642532,0.1259694323134482,0.0785859110501108,1423.6161264398606,44980.321345116274,1958.142857142857,24.318181818181817,139.47123679454546,139.47123679454546,22,0.0681702548740508,0.0585057819322062,0.6373647336050229,441.0
-73.890005,40.809575,0.0619945914254319,14.142857142857142,3.1,135.07692307692307,24.479166666666668,14.636363636363637,44.61538461538461,0.0255970555736612,0.1156850967672032,0.1611745417892413,0.0882362705320363,1462.0586502410283,29667.9138015342,1941.093023255814,16.558139534883722,21.58376385325581,21.58376385325581,43,0.0326068414918479,0.1297281418409457,0.420390104189729,445.6923076923077
-73.88873667,40.825195,0.0950563856803714,59.0,3.1,135.07692307692307,20.68298368298368,58.0,44.61538461538461,0.3134553075916599,-0.0301292359998003,0.2653014027617983,0.0834935210306071,1147.1833511777302,22498.560872446487,1940.4098360655737,57.778688524590166,34.92792181491803,34.92792181491803,122,0.2553990837201043,0.0025684246877563,0.3188013964365704,445.6923076923077
-73.96696,40.80363167,0.0868500376347346,105.42857142857144,2.946153846153846,171.07692307692307,17.53684210526316,105.44444444444444,48.35384615384616,0.1475093983462249,0.0249385434301922,0.1914413283357143,0.0920628697482727,1171.2777629114262,29852.831950407177,1917.8101265822784,105.36708860759494,82.97574070075949,82.97574070075949,79,0.1510871106756831,0.0406282524665931,0.4230103679659007,441.0
-73.94979667,40.77238,0.0737756340646945,37.45454545454545,2.946153846153846,171.07692307692307,294.7708333333333,36.333333333333336,48.35384615384616,0.1321441298251833,0.0807574007862405,0.2113150483066,0.0805143170815654,1196.2642570281123,32340.650206577597,1929.2659574468084,38.234042553191486,76.95442240297872,76.95442240297872,94,0.1371573652809015,0.0772021951078469,0.4582623975799665,441.0
-73.967625,40.80240833,0.0789301451521878,106.22222222222224,2.946153846153846,171.07692307692307,19.33333333333333,106.66666666666669,48.35384615384616,0.2158713441915467,0.0021733664053674,0.217082321098377,0.0846055022384695,1135.068790149893,28266.414316488637,1912.3009708737864,106.3495145631068,74.68778604990291,74.68778604990291,103,0.1924815258431263,0.0204556484808526,0.4005310565159776,441.0
-73.91402,40.8267,0.1022911914851864,25.5,3.1,135.07692307692307,25.719402985074627,26.571428571428573,44.61538461538461,0.2049778995048374,0.0409131818246024,0.2481217177890681,0.1026425450540701,1111.051968925797,18587.892800467256,1941.0416666666667,33.44,40.0213008056,40.0213008056,50,0.2044254200844806,0.0404682026582692,0.2633877880095604,445.6923076923077
-73.92663333,40.83859667,0.0301266365878332,81.375,3.1,135.07692307692307,21.926369863013697,81.92857142857143,44.61538461538461,0.305348055405288,-0.0280515636720202,0.284292964429832,0.0722063650226696,1270.9876741693463,20287.93953511548,1965.6891891891887,84.78666666666666,39.324249941733335,39.324249941733335,75,0.3046929240441696,-0.0441698388371896,0.2874772075992094,445.6923076923077
-73.889,40.80629333,0.070180830369853,12.75,3.1,135.07692307692307,52.5,12.5,44.61538461538461,0.1991599886079313,0.0212792677416141,0.2699500156886534,0.0671309135203957,811.2641862955032,14566.927979630978,1953.6666666666667,14.615384615384617,21.33,21.33,13,0.2411351116797802,0.0076350672359119,0.2064112903940425,445.6923076923077
-73.90162333,40.840655,0.0762735676619634,47.5,3.1,135.07692307692307,115.44444444444444,42.16666666666666,44.61538461538461,0.0730298968790152,0.0372974847419772,0.141260432570792,0.0665106133995642,1566.5529978586724,29366.077461665707,1941.692307692308,42.725,26.819060722250004,26.819060722250004,40,0.1000362391607379,0.040878150642457,0.416113126333588,445.6923076923077
-73.88382333,40.81513667,0.070497586915512,30.63636363636364,3.1,135.07692307692307,48.80059523809524,30.210526315789476,44.61538461538461,0.0286096617347986,0.1104483751562581,0.1786106402810457,0.089302503298681,1681.9887640449438,23832.191007169567,1955.3076923076924,28.86046511627907,19.135216713720933,19.135216713720933,43,0.0888381778867523,0.0911674645531612,0.3376987451016726,445.6923076923077
-73.95991167,40.81886667,0.0977344458753024,4.6,2.946153846153846,171.07692307692307,114.0,8.375,48.35384615384616,0.0418058854182141,0.0624814149737696,0.0927218756512365,0.0908822636702744,1144.2182401711689,16820.54055125746,1937.5,15.608695652173912,31.116573562608693,31.116573562608693,23,0.0629392455687504,0.0269180074932208,0.2383446588851387,441.0
-73.90819833,40.82002667,0.0873359221275621,70.42857142857143,3.1,135.07692307692307,11.044117647058824,69.97222222222223,44.61538461538461,0.4166271595732375,-0.0850039794572972,0.2885664176714894,0.0965802915291385,1078.8479250334672,20111.30201073066,1984.2892561983472,66.58730158730158,34.15978660333333,34.15978660333333,126,0.3386110723845502,-0.0704137194434971,0.2849742790893597,445.6923076923077
-73.92796333,40.82146167,0.0829640460814952,34.0,3.1,135.07692307692307,318.5833333333333,34.526315789473685,44.61538461538461,0.2763924327800325,-0.0216460997383594,0.2966393296274531,0.0829964985867407,1262.3493040685223,14951.625515630005,1925.9285714285716,34.674418604651166,40.00819172372093,40.00819172372093,43,0.3285120535109002,-0.0574858680895819,0.2118623995726477,445.6923076923077
-73.94582167,40.813665,0.0708947743005486,28.61764705882353,2.946153846153846,171.07692307692307,138.18880208333334,28.939393939393938,48.35384615384616,0.1767268753471846,0.0390652340064391,0.2368734892982268,0.0759196946463885,1366.4292604501609,26326.99433139839,1913.240506329114,28.64375,50.643225518562495,50.643225518562495,160,0.2328247850363701,-0.0030202028706337,0.3730497521325486,441.0
-73.91688167,40.81824167,0.057636438940173,35.333333333333336,3.1,135.07692307692307,150.5,36.05555555555556,44.61538461538461,0.1368487691149754,0.0693439570320024,0.2016527567628286,0.0724272785120677,1397.7363490364023,28355.89278021425,1944.705035971223,33.906474820143885,38.35853430625899,38.35853430625899,139,0.1362834556319659,0.0648041504305151,0.4017989535760142,445.6923076923077
-73.91344833,40.81805667,0.0776305923989387,20.5,3.1,135.07692307692307,34.310763888888886,17.714285714285715,44.61538461538461,0.2369540275070714,-0.0169714597884739,0.2514790424333817,0.0979905111725253,1258.466362905387,19508.460962529443,1943.6764705882356,20.285714285714285,49.98980757200001,49.98980757200001,35,0.2175238223639518,0.033830642028086,0.2764321074775668,445.6923076923077
-73.91319,40.83864333,0.0914981071745824,95.42857142857144,3.1,135.07692307692307,58.32291666666666,95.0,44.61538461538461,0.1061992271041056,0.0770301107563532,0.2275457948334298,0.0817671893719875,1272.4961157246182,19457.64837369694,1927.6944444444443,96.4,56.63627406583334,56.63627406583334,36,0.1795775458210943,0.0451454100075948,0.2757121003459182,445.6923076923077
-73.90831333,40.81979333,0.0902005166928893,68.1875,3.1,135.07692307692307,11.044117647058824,68.9047619047619,44.61538461538461,0.4003650634925261,-0.0873542179306067,0.272382482849929,0.0966276810878389,1136.6931514178705,20723.66480825243,1982.4444444444443,66.13740458015268,34.41087755198474,34.41087755198474,131,0.310672889281179,-0.0548681920099525,0.2936513725299063,445.6923076923077
-73.94402167,40.80110833,0.0763190490646082,34.05882352941177,2.946153846153846,171.07692307692307,135.27213541666666,32.76190476190476,48.35384615384616,0.2316830081088041,-0.0178341453058082,0.2145682784990709,0.0846843930629767,1267.3673087212412,25037.976012226063,1988.909090909091,30.15447154471545,44.70535090691057,44.70535090691057,123,0.2117157735459141,-0.0004954663429876,0.3547845465266909,441.0
-73.91057667,40.82469667,0.0869719582649933,0.0,3.1,135.07692307692307,67.3293768545994,28.33333333333333,44.61538461538461,0.1252979921410064,0.0340457282809838,0.1664689463715204,0.0943228118459608,1303.0769847634322,22873.19906176095,1974.142857142857,30.392857142857142,67.21749684464285,67.21749684464285,28,0.1165309898953213,0.0470131261723347,0.3241099661082318,445.6923076923077
-73.96708833,40.80343833,0.0885375389553176,105.375,2.946153846153846,171.07692307692307,19.33333333333333,105.61111111111111,48.35384615384616,0.1596991523294116,0.0192163227498658,0.1979576802529272,0.0922710987854564,1159.8900187316028,30253.13722234361,1917.155555555556,105.36666666666666,81.19148350399999,81.19148350399999,90,0.1562474218751381,0.0421990300529351,0.4286826365346317,441.0
-73.90664667,40.83186833,0.0970821819445056,44.66666666666666,3.1,135.07692307692307,106.10322580645162,46.27272727272727,44.61538461538461,0.2681473297959114,-0.0170233119112212,0.2548021069320306,0.0845451164376971,942.053772070626,18191.414034955436,1951.2368421052631,47.825,50.57201895725,50.57201895725,40,0.2589551321445671,-0.0144248140086725,0.2577697404904683,445.6923076923077
-73.906675,40.80724,0.0909592473427911,22.0,2.946153846153846,171.07692307692307,7.139136904761905,23.75,48.35384615384616,0.0380533560562532,0.0623647752264498,0.1263230768016016,0.0975647828164259,1377.6252676659528,14818.126250093715,1924.2857142857144,22.3,44.611500473,44.611500473,10,0.0806364404761817,0.0448034155545863,0.2099707340343782,441.0
-73.95321333,40.82268,0.0962835130913342,96.8,2.946153846153846,171.07692307692307,154.0,94.0,48.35384615384616,0.0867078631216849,0.0877533056242713,0.2016107286006683,0.0725821182467405,1426.0754010695186,25255.383906985026,1913.6785714285716,93.83333333333331,59.91185399999999,59.91185399999999,84,0.1514964082181766,0.0495888413734822,0.3578651853653751,441.0
-73.95505833,40.768935,0.0668728086014804,30.47826086956522,2.946153846153846,171.07692307692307,421.6,31.060606060606062,48.35384615384616,0.1184552426334491,0.0667224603072225,0.2082081151325594,0.0855699069073717,1240.3086816720256,37304.604163417,1920.890510948905,31.503649635036496,73.75798805401459,73.75798805401459,137,0.1428609068419677,0.0672162885785382,0.5286009166647687,441.0
-73.903065,40.83277167,0.0450977237861015,77.375,3.1,135.07692307692307,57.4375,75.53846153846153,44.61538461538461,0.2982997434594354,-0.0401616497534157,0.2600607206939629,0.0798458929332613,1141.0435945439958,21732.6824883542,1944.2380952380952,80.16279069767442,46.02256958883721,46.02256958883721,43,0.2606096126699179,-0.0172201054012822,0.3079490090446541,445.6923076923077
-73.910895,40.82208667,0.052659825023876,26.5,3.1,135.07692307692307,78.29166666666667,25.642857142857142,44.61538461538461,0.204917820912459,0.0235466288432683,0.2176803803650965,0.0839490106220121,1104.5870380289234,22488.35489152912,1954.8115942028985,29.04109589041096,52.79556674246575,52.79556674246575,73,0.1832491657590342,0.0320186465654987,0.3186567791434482,445.6923076923077
-73.92321333,40.8232,0.1269467799230206,55.0,3.1,135.07692307692307,88.95833333333333,54.875,44.61538461538461,0.108313908744332,0.0787648182078459,0.2055481558054564,0.0971342571680203,1252.9671122994653,27955.148552452418,1958.2222222222224,56.05555555555556,80.5689486061111,80.5689486061111,18,0.1564067447466618,0.0426767522811554,0.3961204650654898,445.6923076923077
-73.913715,40.819245,0.0759301343025495,23.6,3.1,135.07692307692307,75.66272189349112,26.72,44.61538461538461,0.0397227001282575,0.059756858981537,0.1644532892144328,0.0737953466261363,1670.110634878114,29698.596000367805,1957.9651162790697,29.19540229885057,41.61316650758621,41.61316650758621,87,0.1228695740625687,0.0400480152876506,0.420824866567805,445.6923076923077
-73.92732,40.83648333,0.0646392138521289,88.71428571428571,3.1,135.07692307692307,21.926369863013697,92.9,44.61538461538461,0.202278928413155,0.0424006775339523,0.2592733150359861,0.0850235304636757,1123.3915372254955,24944.326391434217,1939.3050847457628,92.3,41.04096063918032,41.04096063918032,61,0.2509726267666282,-0.0020053646468916,0.3534575447666445,445.6923076923077
-73.91877,40.83076167,0.0652473688180756,79.36363636363636,3.1,135.07692307692307,35.830729166666664,78.375,44.61538461538461,0.099492305915886,0.1036539344761553,0.2033650442229541,0.0821601793199504,1427.9503205128206,27240.47234451231,1931.0185185185185,65.35087719298245,52.06449287491228,52.06449287491228,57,0.1183068093291224,0.087465639802587,0.3859936052024347,445.6923076923077
-73.89753667,40.81623167,0.0996322630111762,33.333333333333336,3.1,135.07692307692307,44.79861111111112,37.4375,44.61538461538461,0.0860950125584941,0.054084060349376,0.1835874652380268,0.0902350482099761,1577.1939458880256,29393.02994222693,1920.2767857142856,39.675438596491226,36.74963081526316,36.74963081526316,114,0.1147518530892641,0.0692857318243356,0.4164950391361474,445.6923076923077
-73.91799833,40.82138167,0.1143490716527869,43.25,3.1,135.07692307692307,33.901785714285715,40.7,44.61538461538461,0.3765240381308156,-0.0697052360585599,0.3714994656928316,0.066974479739639,877.2705159048382,11176.408238023225,1933.4827586206895,41.46666666666667,62.52013755032258,62.52013755032258,31,0.4352443920947887,-0.1038001793200763,0.1583681095701368,445.6923076923077
-73.94412833,40.80097333,0.077815148506355,34.4,2.946153846153846,171.07692307692307,135.27213541666666,32.83720930232558,48.35384615384616,0.220208993137539,-0.0205397173472933,0.216872964761612,0.0846052677731492,1263.8982597054887,24111.50049257664,1985.694214876033,30.235772357723576,44.9349541895122,44.9349541895122,123,0.2122676666968827,0.0014381814751398,0.3416565206454135,441.0
-73.88917833,40.806535,0.0831300685769249,13.0,3.1,135.07692307692307,52.5,13.714285714285714,44.61538461538461,0.1046315398819784,0.0983515386857464,0.251489617017922,0.071555418324956,850.3264650789404,19677.59799709309,1948.857142857143,15.066666666666666,23.062,23.062,15,0.1980819314688421,0.0399921258933664,0.2788287551164831,445.6923076923077
-73.90180333,40.84036333,0.0647265951605801,44.333333333333336,3.1,135.07692307692307,115.44444444444444,40.4375,44.61538461538461,0.1080910108215581,0.0235309706929504,0.1497896901157557,0.0659375196790939,1528.5941176470587,30083.77856089745,1940.589743589744,42.675,26.663932283,26.663932283,40,0.1076629062439211,0.0419011114386572,0.4262828484750171,445.6923076923077
-73.90721167,40.81302833,0.0802840090984909,35.84615384615385,3.1,135.07692307692307,51.140625,36.15,44.61538461538461,0.145816120225546,0.0470563577450084,0.210684208870625,0.0937762143974523,1341.48982869379,26789.108074924723,1952.021505376344,38.05263157894737,37.480428265157904,37.480428265157904,95,0.1530334204830289,0.0574759606002315,0.3795978379233625,445.6923076923077
-73.88511833,40.804805,0.0882203155588704,22.33333333333333,3.1,135.07692307692307,26.96312684365781,21.88888888888889,44.61538461538461,0.1431305391946507,0.0512960832425138,0.2101299593326115,0.0914004170450252,1482.1854428686113,29955.32504276627,1958.3076923076924,21.05263157894737,23.341156097368422,23.341156097368422,19,0.1648832166657843,0.0414097049156819,0.4244626804556614,445.6923076923077
-73.91979,40.83454333,0.1086748815828048,82.83333333333333,3.1,135.07692307692307,56.53,84.2,44.61538461538461,0.0639752734692558,0.1085179054561818,0.1853666578225419,0.0908858235212452,1568.951297832486,30700.75383974189,1937.157894736842,78.65,57.33060587274999,57.33060587274999,40,0.0836899818269673,0.103155965957234,0.4350253001175423,445.6923076923077
-73.926155,40.83864667,0.0479914345092461,100.4,3.1,135.07692307692307,21.926369863013697,89.625,44.61538461538461,0.2645017187314904,-0.0243680296235819,0.2674734078675541,0.0772549035315332,1331.158007498661,21524.752642576757,1965.4767441860463,92.86046511627907,37.66380656104651,37.66380656104651,86,0.2786634500067237,-0.0285390380150882,0.305002672806818,445.6923076923077
-73.95398833,40.79501,0.0107773832889104,0.0,2.946153846153846,171.07692307692307,128.3,0.0,48.35384615384616,0.7609008397478264,-0.2599322059066353,0.630999331876372,0.0265152474658288,464.9058319957196,200.88180143915105,1890.0,24.0,10.66,10.66,1,0.740932403752803,-0.2537809889463229,0.0028464664553668,441.0
-73.94895833,40.80662333,0.0737093632671935,25.727272727272727,2.946153846153846,171.07692307692307,146.5625,25.67796610169492,48.35384615384616,0.2060585043847434,0.0041854618427612,0.2160202553955034,0.0808573481233677,1420.9062667380824,28942.064706067365,1900.6700507614212,24.815,54.26444877705,54.26444877705,200,0.1881285433172904,0.0269533528082668,0.4101049261043794,441.0
-73.89815667,40.81745333,0.1023255428474749,44.4,3.1,135.07692307692307,62.063657407407405,44.44,44.61538461538461,0.1832182646859254,0.0660982001516565,0.2744099199582684,0.1016545999034222,1247.08478202728,20312.515074060717,1920.1538461538464,44.66666666666666,34.206951423560604,34.206951423560604,132,0.239641330230554,0.0262023687761763,0.2878254394783732,445.6923076923077
-73.91352333,40.84501833,0.1042475864005766,49.25,3.1,135.07692307692307,112.5,47.71428571428572,44.61538461538461,0.1749197995449261,0.0295224735573314,0.2220563170554733,0.0999823366432927,1132.3450214132763,16748.242355525537,1933.3148148148148,52.35714285714285,36.66214526160714,36.66214526160714,56,0.1799007284209898,0.0373601435719235,0.2373202037705223,445.6923076923077
-73.88721,40.82098,0.1005450965096957,37.888888888888886,3.1,135.07692307692307,14.838709677419354,37.27777777777778,44.61538461538461,0.0994246480316445,0.0887490461973522,0.1787111896910488,0.089554566597674,1335.003211131924,21073.382297907545,1922.290909090909,39.42105263157895,28.835778409649123,28.835778409649123,57,0.1199226637044129,0.0562147575320454,0.2986068194446828,445.6923076923077
-73.95652667,40.817855,0.1332443731778492,52.5,2.946153846153846,171.07692307692307,114.0,50.083333333333336,48.35384615384616,0.0374926140569733,0.0701969462667767,0.1711375692134596,0.0975963930079155,1228.2446466809422,20184.582357988067,1937.6538461538464,51.0,89.98929080851852,89.98929080851852,27,0.1283699361977524,0.0368575724511067,0.2860126511510716,441.0
-73.95433667,40.79483167,0.048665047935642,0.0,2.946153846153846,171.07692307692307,128.3,0.0,48.35384615384616,0.7406313383499382,-0.2442977780870215,0.6426938765183435,0.0202272549830991,438.0813486754081,52.54326845978132,1890.0,24.0,10.66,10.66,1,0.7525648132191446,-0.2584710477265243,0.0007445306147925,441.0
-73.957435,40.77713667,0.0998123005594871,85.47619047619048,2.946153846153846,171.07692307692307,147.25,83.78,48.35384615384616,0.1072377211296511,0.0575846264481709,0.1975271982825883,0.0818608283110302,1106.3325314087142,36371.65354668646,1922.984962406015,81.56716417910448,82.25273514044775,82.25273514044775,134,0.1405569621009365,0.0580137099188508,0.5153811395814736,441.0
-73.90859833,40.81925333,0.0819133543130124,64.66666666666667,3.1,135.07692307692307,11.044117647058824,65.2258064516129,44.61538461538461,0.2669728300207998,-0.0224772526725149,0.2679522722379625,0.0916663320954451,1195.9453815261045,21092.88419515766,1973.5074626865671,63.91240875912409,34.03998397664234,34.03998397664234,137,0.2989656947230225,-0.0496962989545582,0.2988831585452327,445.6923076923077
-73.89488,40.81244,0.0876411575029879,23.0,3.1,135.07692307692307,44.79861111111112,22.666666666666668,44.61538461538461,0.03223673778921,0.1008593525317466,0.1461668099387167,0.0861199115500082,1569.8575628006413,22908.03342073793,1946.2,21.435897435897434,22.83771069717949,22.83771069717949,39,0.040734936950039,0.1061750090678133,0.3246035640030616,445.6923076923077
-73.96657,40.76173167,0.0491592232390424,49.5,2.946153846153846,171.07692307692307,233.4375,54.4,48.35384615384616,0.0289502288575765,0.0570699546299545,0.1593836969307233,0.0827556170264456,1160.435677988767,38132.11419324789,1928.0689655172412,55.57954545454545,93.56065023170454,93.56065023170454,88,0.0860678640344323,0.0737864233313792,0.5403266156791712,441.0
-73.94724833,40.82695167,0.074270080662751,123.94736842105264,2.946153846153846,171.07692307692307,94.26104972375693,123.06451612903226,48.35384615384616,0.1313368614745032,0.0887490831823684,0.2381883637121559,0.0772895775004357,1496.5381117945974,31751.88636113773,1919.7548387096772,120.2919254658385,54.38922022254658,54.38922022254658,161,0.1673651987799736,0.0728461422317238,0.4499196979215223,441.0
-73.94679,40.78497667,0.0829739582737572,13.285714285714286,2.946153846153846,171.07692307692307,172.34027777777777,14.588235294117649,48.35384615384616,0.3167807155672751,-0.0450614386273504,0.2799823079419986,0.0877031181302055,945.7365461847388,19282.42847367601,1952.1142857142856,14.27777777777778,114.49300125194443,114.49300125194443,36,0.266447755280613,-0.0018879748172399,0.2732292593707847,441.0
-73.888435,40.8219,0.1071259887542731,52.0,3.1,135.07692307692307,14.838709677419354,50.66666666666666,44.61538461538461,0.1066828298645874,0.0426837461400876,0.188947338435572,0.0918048862621158,1271.0104501607716,11924.41891475701,1930.1739130434785,48.08,39.4619432852,39.4619432852,25,0.1451641395946363,0.0402993697251988,0.1689673140992795,445.6923076923077
-73.95447667,40.82236,0.0564143380122199,74.125,2.946153846153846,171.07692307692307,154.0,72.14285714285714,48.35384615384616,0.1377417331372044,0.0481077457232482,0.2045994281754432,0.0708788686398983,1500.4708244111348,25695.43032136885,1910.2162162162165,73.03947368421052,60.05979455144736,60.05979455144736,76,0.1640302989277396,0.0360837143211096,0.3641005802511839,441.0
-73.95979833,40.81788667,0.1227014002969072,-1.5,2.946153846153846,171.07692307692307,114.0,4.5,48.35384615384616,0.0544850913465862,0.0446159911035612,0.131196533700343,0.0997849723203885,1334.6317902060475,25577.16845058015,1936.5625,17.45,63.094,63.094,20,0.0952311601618917,0.0310888526572226,0.362424826421328,441.0
-73.89967667,40.83744,0.0549481553816588,66.0,3.1,135.07692307692307,67.09821428571429,67.4,44.61538461538461,0.6740941389158825,-0.2117422533829207,0.5009990694319296,0.0891447585068926,634.3662386302835,6738.355710480236,1980.184210526316,66.61538461538461,35.94654854794872,35.94654854794872,39,0.5839094590535974,-0.15982149882413,0.0954815386798553,445.6923076923077
-73.888725,40.82527167,0.094186620208003,59.71428571428572,3.1,135.07692307692307,20.68298368298368,58.142857142857146,44.61538461538461,0.2995553427230649,-0.0289095333597903,0.2626924378686281,0.0836285443081243,1147.2846832397754,22301.24659784313,1937.9137931034484,57.61538461538461,36.431337277094016,36.431337277094016,117,0.2499824889369912,0.0054560633186224,0.3160054813268866,445.6923076923077
-73.92176167,40.84128667,0.0982906075268555,96.33333333333331,3.1,135.07692307692307,54.99479166666666,98.9,44.61538461538461,0.1051050891893987,0.0679441402788495,0.2067504210730304,0.0935654202070641,1353.2555525822852,24474.14519723379,1937.8666666666663,96.8157894736842,41.09872351276316,41.09872351276316,76,0.1495778731262106,0.055030954952522,0.3467951443516615,445.6923076923077
-73.949105,40.80174667,0.0871686261536748,21.272727272727277,2.946153846153846,171.07692307692307,77.884375,21.357142857142858,48.35384615384616,0.1540906482681121,0.0362767196158616,0.2311966656641942,0.0812831439740084,1057.4662560257098,28430.844834792144,1957.055555555556,21.195121951219512,65.22396499809524,65.22396499809524,42,0.2030231991484542,0.0253503742178822,0.402861013491704,441.0
-73.91587667,40.84341333,0.1228729321776936,34.0,3.1,135.07692307692307,54.99479166666666,42.16666666666666,44.61538461538461,0.0763738817014023,0.0842072802869594,0.1936318277806982,0.10160036293856,1501.1994645247655,30130.891910136917,1941.75,49.02040816326531,32.174569155769234,32.174569155769234,52,0.1233658125564484,0.0685404382106025,0.4269504379094213,445.6923076923077
-73.88858,40.82013167,0.0616156228322548,55.25,3.1,135.07692307692307,14.838709677419354,55.06896551724138,44.61538461538461,0.1993997119125035,0.0219985348338623,0.1914894954528261,0.0888125017963918,1198.986602357985,16056.132714739808,1911.43023255814,52.18888888888889,31.291020793777776,31.291020793777776,90,0.1485824717318736,0.0385497330393748,0.2275131089425783,445.6923076923077
-73.92720833,40.83858167,0.0726692176150891,71.89473684210526,3.1,135.07692307692307,21.926369863013697,75.03571428571429,44.61538461538461,0.3278202095991677,-0.0407053911392272,0.3359414789926592,0.0655060061368456,1123.7207375734902,17537.085240072982,1960.7368421052631,78.55172413793103,43.55739187310345,43.55739187310345,58,0.3662558923015255,-0.0669133630954767,0.2484979948564792,445.6923076923077
-73.9235,40.822655,0.1013753599116349,46.0,3.1,135.07692307692307,88.95833333333333,51.125,44.61538461538461,0.0974028098149678,0.0770658358672849,0.2264290765755549,0.0937290237861882,1200.6067987152037,28814.06334302145,1965.5,52.0,80.291942181875,80.291942181875,16,0.171327015772305,0.0489073970554326,0.4082911650595618,445.6923076923077
-73.9024,40.83583,0.0846340116330496,57.5,3.1,135.07692307692307,57.4375,59.0,44.61538461538461,0.2094816209543764,0.0271509685320876,0.2808219626882133,0.0825044417139629,1047.4450387804225,19872.36880612106,1961.62,60.1,46.0046893184,46.0046893184,50,0.2741270125772362,-0.0093747844780289,0.2815886296819431,445.6923076923077
-73.94767833,40.804945,0.0838463938836963,21.857142857142858,2.946153846153846,171.07692307692307,84.8124191461837,21.93478260869565,48.35384615384616,0.1711001573783024,0.0397157926573433,0.2245476253613783,0.0740859305876899,1372.437449772301,27473.76460905509,1893.2959641255604,22.699551569506728,51.6067048339462,51.6067048339462,223,0.2047742398165704,0.020426828363719,0.3892993232936976,441.0
-73.95045333,40.82152833,0.0817581591935829,142.41666666666666,2.946153846153846,171.07692307692307,14.14375,140.52173913043478,48.35384615384616,0.0874549524738046,0.0645285332148931,0.2056670675794805,0.0843387922981444,1348.3912111468385,26810.54597954711,1915.4625,131.9125,56.788158491125,56.788158491125,80,0.1554417590040793,0.0477601858443179,0.3799016099723326,441.0
-73.91705833,40.81788167,0.0755814696276218,40.72727272727273,3.1,135.07692307692307,150.5,37.63636363636363,44.61538461538461,0.1067501956035753,0.0943908862196142,0.1904754113896758,0.0745819963896866,1364.1044176706828,29076.39538377724,1944.957627118644,35.90833333333333,42.09439370475,42.09439370475,120,0.117561553940266,0.0730507690993529,0.4120083726349145,445.6923076923077
-73.91444167,40.81590167,0.1091684658997316,13.333333333333334,3.1,135.07692307692307,125.53645833333331,14.75,44.61538461538461,0.0739743883396487,0.0601929869190976,0.2060947897444696,0.1064217782558786,1269.2771084337348,22101.091336936726,1979.3809523809523,17.80952380952381,64.44907853,64.44907853,21,0.1529846874982542,0.0543593954074707,0.3131693098469207,445.6923076923077
-73.989665,40.76961833,0.0971786344030918,48.333333333333336,2.946153846153846,171.07692307692307,122.75,50.625,48.35384615384616,0.0518093884275178,0.1309610386105702,0.2008065207719434,0.0968454300109022,1148.6849021185303,40403.49836802245,1936.3076923076924,53.53846153846154,97.64207729871796,97.64207729871796,39,0.1149990914774842,0.0853795494484657,0.5725118052510848,441.0
-73.9277,40.83799667,0.0803810556991775,71.0,3.1,135.07692307692307,21.926369863013697,73.1923076923077,44.61538461538461,0.2358863784179941,0.0100407314583628,0.3421316765011654,0.0685969551374916,1025.3053475935828,19114.17098089234,1960.032786885246,78.9047619047619,46.30931754428571,46.30931754428571,63,0.3715692914397382,-0.0641237065592922,0.2708450747131142,445.6923076923077
-73.88897,40.82614,0.0800833390655721,64.8,3.1,135.07692307692307,17.34722222222222,62.85714285714285,44.61538461538461,0.1135702924879461,0.0835383968206029,0.2165701822047969,0.0850373421528829,1260.988745980707,23171.261960921704,1929.0833333333333,60.36986301369863,44.14110610027397,44.14110610027397,73,0.1624829686414174,0.0504286980737251,0.3283334748483016,445.6923076923077
-73.90213833,40.83855167,0.1036918405094366,52.0,3.1,135.07692307692307,57.4375,52.75,44.61538461538461,0.166987201734681,0.0232852949413839,0.2200636225116152,0.0801780775209501,1248.6184104896977,20856.730827671512,1980.625,53.13541666666666,32.78818771010204,32.78818771010204,98,0.1936032460858329,0.0234038414182314,0.2955368990332037,445.6923076923077
-73.97289833,40.76470333,0.0419110588554647,49.5,2.946153846153846,171.07692307692307,77.0,49.6,48.35384615384616,0.2849975987054591,-0.0456379103620638,0.2959283378641968,0.0327528863819589,878.3546745245111,21429.11626900975,1937.3529411764705,49.5,276.77944444444444,276.77944444444444,18,0.3098574503211656,-0.051909744438164,0.3036475190425445,441.0
-73.93567,40.85557833,0.0678403323413028,187.6,3.1,135.07692307692307,27.519898391193905,174.125,44.61538461538461,0.389399717026465,-0.064199108254877,0.2973869234475848,0.079182839763972,1157.938704496788,26578.8670393552,1942.3333333333333,168.27272727272728,64.74909090909091,64.74909090909091,33,0.2818754643073021,0.0016892331411805,0.3766187524560792,445.6923076923077
-73.92505,40.82728667,0.0880502181466934,41.142857142857146,3.1,135.07692307692307,31.5,41.11111111111112,44.61538461538461,0.1236035376805459,0.0704247264370584,0.2112793190675685,0.0882718076667812,1234.9507758159443,23504.278810856616,1943.5405405405409,40.648648648648646,49.751315789473686,49.751315789473686,38,0.1600610142085667,0.0478340038938806,0.3330522760816639,445.6923076923077
-73.9076,40.82537,0.078430449920139,56.27777777777778,3.1,135.07692307692307,106.49739583333331,55.58620689655172,44.61538461538461,0.1276738924291141,0.0529440222717527,0.2375363634251159,0.0815201747965576,1288.4953170992776,20184.382464455783,1966.7142857142856,59.13157894736842,37.83682398025974,37.83682398025974,77,0.2327893455573242,-0.0041629263284036,0.2860098186879307,445.6923076923077
-73.95227333,40.8224,0.0683080209755991,116.63157894736842,2.946153846153846,171.07692307692307,154.0,118.46428571428572,48.35384615384616,0.1215023626021177,0.0560289990212414,0.2057402205738595,0.0734351826373574,1482.4179144385027,24861.30692433208,1913.5,118.88095238095238,57.413088231428574,57.413088231428574,84,0.1594861856530378,0.0420278160077026,0.3522811707674964,441.0
-73.92109333,40.84207833,0.11637607845468,113.3076923076923,3.1,135.07692307692307,54.99479166666666,111.94117647058825,44.61538461538461,0.1169976957405038,0.0774564443152315,0.2093013819580005,0.0914004038985785,1310.5868343591117,27390.40309178061,1942.929411764706,105.86206896551724,39.94647521655172,39.94647521655172,87,0.1513200977786126,0.0568339604421387,0.3881181024911739,445.6923076923077
-73.90787,40.82969667,0.0918131895265429,39.92307692307692,3.1,135.07692307692307,106.10322580645162,39.22222222222222,44.61538461538461,0.1508325261570778,0.0709407833655652,0.2066085838383635,0.0911254104997467,1173.043338683788,24650.230626660785,1948.7066666666667,38.41975308641975,40.18011082780488,40.18011082780488,82,0.155801553399796,0.0503243199737967,0.3492902497543417,445.6923076923077
-73.925565,40.81185167,0.0798444949952962,22.357142857142858,2.946153846153846,171.07692307692307,145.0,23.26923076923077,48.35384615384616,0.3269361264011421,-0.0541920059944722,0.2541963743097298,0.0813633266287785,1155.7857715966836,23987.544875253134,1918.423076923077,25.009615384615383,41.75139464161905,41.75139464161905,105,0.2435972640772304,-0.0012183790108314,0.3399000872395983,441.0
-73.92020333,40.80381,0.1014752364823237,12.3,2.946153846153846,171.07692307692307,145.0,12.4,48.35384615384616,0.0447529104076808,0.1201774693981468,0.1954256912056136,0.0798560721716617,1267.507226980728,24641.98544473342,1942.8857142857144,12.972972972972974,34.25761757702703,34.25761757702703,37,0.1139827962255827,0.0783762384174495,0.3491734167037679,441.0
-73.91703333,40.81133333,0.1039889565822294,16.2,2.946153846153846,171.07692307692307,20.368146214099216,16.055555555555557,48.35384615384616,0.1597340278666259,0.001763971068427,0.1974462966346013,0.0850456265398234,1520.088644884842,20048.839316700894,1970.018691588785,16.577981651376145,40.54311288073394,40.54311288073394,109,0.2147991133080958,-0.0230670087360186,0.2840891916301387,441.0
-73.91502,40.83927167,0.0774497408707742,88.08333333333333,3.1,135.07692307692307,57.41028708133971,88.6842105263158,44.61538461538461,0.0758620448436729,0.0786549830733873,0.1635937203979743,0.0664081150468022,1740.7447150120418,30066.510570159466,1925.8076923076924,87.36538461538461,51.79208713942308,51.79208713942308,52,0.089797642734399,0.0755031910970403,0.4260381635108358,445.6923076923077
-73.91529833,40.81451333,0.0710572235476826,15.666666666666666,2.946153846153846,171.07692307692307,125.53645833333331,15.296296296296296,48.35384615384616,0.1176440768594615,0.0623848814882775,0.1807050534177889,0.0923124268286602,1432.4037998394433,27762.915609866905,1974.5809523809523,17.00925925925926,39.54302727898148,39.54302727898148,108,0.1281824748408716,0.0536295623223615,0.3933965517058793,441.0
-73.95131833,40.80464333,0.0780347451882846,25.823529411764707,2.946153846153846,171.07692307692307,95.71428571428572,25.725,48.35384615384616,0.1761174721506745,0.0404018449407434,0.2271148367975159,0.078128664377165,1371.593088668631,26000.80094810369,1914.6808510638296,24.711267605633804,53.06932113147887,53.06932113147887,142,0.1904015023058262,0.0366859208385741,0.3684276384482033,441.0
-73.90041833,40.83100833,0.063789560451401,87.66666666666667,3.1,135.07692307692307,48.409505208333336,87.5,44.61538461538461,0.168956995580262,0.0301380405312882,0.2435317164546297,0.0772866185937173,1387.4538399785924,23291.198825674808,1949.669491525424,86.425,36.64499932833333,36.64499932833333,120,0.2242139201547634,0.0112278798949996,0.3300329631041364,445.6923076923077
-73.90781667,40.804365,0.0701157866398378,8.666666666666666,2.946153846153846,171.07692307692307,7.139136904761905,8.8,48.35384615384616,0.0836888400598804,0.046452143558296,0.1542400258096122,0.077981009650316,1931.4565916398717,35104.23667944799,1944.5454545454545,11.136363636363637,32.27545454545455,32.27545454545455,22,0.0856079190958042,0.0669875856085418,0.4974220234650206,441.0
-73.96556,40.80860167,0.071915692973032,98.875,2.946153846153846,171.07692307692307,17.53684210526316,102.4375,48.35384615384616,0.3054309175371019,-0.0562966959783956,0.3583552345557108,0.0261571530636359,858.3592077087794,20439.4499237516,1915.7380952380952,109.3095238095238,111.35582318761904,111.35582318761904,42,0.3885519813153755,-0.0949666676963791,0.289624088181403,441.0
-73.91344333,40.81764833,0.1003751385466149,0.0,3.1,135.07692307692307,34.310763888888886,18.6,44.61538461538461,0.2775576710627123,0.0570618540065653,0.2855691483633019,0.1096038584357872,1073.6700561948087,15826.990420437864,1953.5,19.214285714285715,59.22432802428572,59.22432802428572,28,0.2480402330636229,0.0377031203319121,0.2242661953370419,445.6923076923077
-73.94750333,40.80523167,0.0757867432058675,22.5,2.946153846153846,171.07692307692307,84.8124191461837,22.571428571428573,48.35384615384616,0.1753621074087602,0.0308977383254696,0.2224248375779567,0.0724845931668622,1376.673622257892,28267.783231996156,1893.8849557522124,22.93362831858407,52.475503478982304,52.475503478982304,226,0.199805343444344,0.0231254977239057,0.4005504538539839,441.0
-73.91556,40.814055,0.0695436541347846,15.933333333333334,2.946153846153846,171.07692307692307,125.53645833333331,16.0,48.35384615384616,0.1318884526936064,0.0601241255049744,0.1922466837038412,0.0879516465922226,1440.739083846772,26352.1411902982,1974.2100840336132,16.549180327868854,39.64882742729508,39.64882742729508,122,0.1487874314464484,0.0439091796026694,0.3734060795347003,441.0
-73.88591667,40.80491833,0.1083618445147246,25.75,3.1,135.07692307692307,26.96312684365781,24.666666666666668,44.61538461538461,0.3144101280956803,-0.0130821410118285,0.3159313534221106,0.0856912299763475,1228.679806918745,19961.629877799944,1957.8181818181815,21.88888888888889,23.060664769444443,23.060664769444443,18,0.311525416671606,-0.021939595819275,0.2828534463276828,445.6923076923077
-73.91577333,40.82062667,0.0635959822703382,33.75,3.1,135.07692307692307,33.901785714285715,34.333333333333336,44.61538461538461,0.2382340708498868,-0.0075520850968151,0.2357155078462382,0.0792755653963012,1218.9721329046088,20784.478334518528,1946.25,35.31623931623932,38.666540743305085,38.666540743305085,118,0.2209358524555469,0.009597087298617,0.294513091517378,445.6923076923077
-73.942,40.80379833,0.0326028536371637,28.0,2.946153846153846,171.07692307692307,181.4,28.0,48.35384615384616,0.5020583544161745,-0.1879601682311845,0.3725244692987951,0.0737155747244956,926.4731355252608,13622.044642940027,1968.3333333333333,27.4,65.18457274000001,65.18457274000001,6,0.453453788065166,-0.135207956255822,0.1930224283721641,441.0
-73.92731333,40.81059333,0.1029427878984085,13.0,2.946153846153846,171.07692307692307,180.0625,13.285714285714286,48.35384615384616,0.1867809517508335,0.0209792144056347,0.2256588457708535,0.0847176701577226,1288.5548421615838,17323.406609341957,1945.782608695652,13.23913043478261,45.47756037510638,45.47756037510638,47,0.2132260277604752,-0.0053814251502972,0.2454701991562597,441.0
-73.929665,40.85748,0.0779009892378077,162.75,3.1,135.07692307692307,27.519898391193905,145.66666666666666,44.61538461538461,0.2791901930310085,0.0020415310573809,0.2523069420535606,0.0545780123561665,1666.357486631016,23384.27446374953,1929.938775510204,134.16,65.015,65.015,50,0.2163945848536675,0.0201225642286136,0.3313518316113268,445.6923076923077
-73.95325333,40.81254,0.0856070513780714,32.291666666666664,2.946153846153846,171.07692307692307,86.40942028985508,33.333333333333336,48.35384615384616,0.1050059849384131,0.0937055814592885,0.1806811623693932,0.0876129306871118,1482.8313253012047,30821.754962807987,1917.642857142857,35.982142857142854,57.98260986214286,57.98260986214286,112,0.0981354511234322,0.084276246212031,0.4367398687616662,441.0
-73.93138833,40.832545,0.1538954730750603,79.57142857142857,3.1,135.07692307692307,59.5,90.4375,44.61538461538461,0.1925315539862144,0.0110567220461228,0.2109389608308423,0.1018520235729515,1121.6794219962535,14344.594094080549,1942.742424242424,93.3768115942029,43.52868643826087,43.52868643826087,69,0.1683787210261779,0.0360492227094907,0.2032608509688943,445.6923076923077
-73.90421,40.827805,0.0688342418055024,90.8,3.1,135.07692307692307,106.10322580645162,88.63636363636364,44.61538461538461,0.246150080065223,0.008043701520462,0.2771531108931377,0.0767122393179808,1117.4413258487036,25642.21394381525,1912.35,83.46,40.2154483914,40.2154483914,100,0.2592216305619211,0.0094319332788788,0.3633465117769336,445.6923076923077
-73.950725,40.82658,0.081270915665285,96.85714285714286,2.946153846153846,171.07692307692307,94.26104972375693,94.0,48.35384615384616,0.1226496213138778,0.0610604326837068,0.2115151055550793,0.0673623791861991,1521.1499198289685,26299.362502729804,1914.404761904762,96.3095238095238,54.34440844071428,54.34440844071428,84,0.1625347118030773,0.0427294240253821,0.3726582130647037,441.0
-73.90694833,40.81372333,0.0931331024233899,39.41666666666666,3.1,135.07692307692307,51.140625,39.61538461538461,44.61538461538461,0.2083558658465095,0.0449723500179827,0.2362400423250149,0.0916137907758824,1211.956661316212,21510.651022742903,1962.684210526316,39.1875,37.54639791525,37.54639791525,80,0.1980506657707205,0.0356032286217467,0.3048028548658022,445.6923076923077
-73.97295833,40.76460167,0.0291044279940078,49.5,2.946153846153846,171.07692307692307,85.5,49.6,48.35384615384616,0.2471780435332643,-0.0274624388534272,0.2829830520348503,0.0358707862877109,897.8797858099063,23017.60323695524,1939.2222222222224,49.63157894736842,297.57631578947365,297.57631578947365,19,0.2890750975678407,-0.0401891397247752,0.3261561526604401,441.0
-73.91921833,40.82172333,0.0845640785235703,47.0,3.1,135.07692307692307,88.95833333333333,44.333333333333336,44.61538461538461,0.4209634502103808,-0.1024743594780954,0.3695721722192541,0.0758886474714235,764.6898395721926,8708.235466686745,1964.7692307692307,42.07692307692308,123.13846153846156,123.13846153846156,13,0.435404418321779,-0.105431004440017,0.1233944536725187,445.6923076923077
-73.92314833,40.813085,0.0858501436120104,28.33333333333333,2.946153846153846,171.07692307692307,145.0,28.416666666666668,48.35384615384616,0.3227329103431197,-0.0409157985501738,0.3758473010940358,0.0703108205431973,692.0683096705063,13712.46055831713,1941.4615384615383,26.615384615384617,65.68820512820513,65.68820512820513,39,0.4400003943467993,-0.1043076876144247,0.1943036089884975,441.0
-73.88961,40.81392,0.0901853186525355,55.333333333333336,3.1,135.07692307692307,59.160146699266505,51.07142857142857,44.61538461538461,0.1448046922563295,0.0456221656692719,0.2214971967196176,0.0938460331674737,1376.0013372559508,21082.82618803628,1953.038961038961,55.6125,31.7031803805,31.7031803805,80,0.1854558091454863,0.0281883580700559,0.2987406380201756,445.6923076923077
-73.99017,40.76980833,0.1048939490568437,42.75,2.946153846153846,171.07692307692307,117.1875,45.42857142857143,48.35384615384616,0.0734773796790101,0.1074659212274129,0.1990334590860472,0.0940161723147758,1156.6117804551538,39658.39841321533,1953.5806451612905,45.83870967741935,133.70110776322582,133.70110776322582,31,0.1144023793399961,0.0837537392229512,0.5619538452362765,441.0
-73.90232333,40.831875,0.0797154499549961,88.45454545454545,3.1,135.07692307692307,48.409505208333336,89.6086956521739,44.61538461538461,0.1967536312104507,0.0093712331553913,0.2278379629147882,0.0769232777429798,1281.190157796202,23726.52831943652,1948.15625,89.77611940298507,43.137254684328354,43.137254684328354,67,0.2142350504862758,0.0050610778727078,0.3362015198971551,445.6923076923077
-73.92969667,40.81767667,0.1346868522543697,23.22222222222222,2.946153846153846,171.07692307692307,41.2662037037037,24.53846153846154,48.35384615384616,0.1001820295151304,0.0678934437919832,0.15324321166847,0.0932085648862145,1258.653454740225,26394.280853505683,1978.047619047619,25.38095238095238,77.55823828809524,77.55823828809524,21,0.0819187945894968,0.0721020837853359,0.3740031925479508,441.0
-73.94546167,40.81320333,0.0692304925184476,28.294117647058822,2.946153846153846,171.07692307692307,138.18880208333334,28.4,48.35384615384616,0.1803796554088267,0.0253225709216975,0.2528432438708058,0.0762190619824317,1294.887640449438,24568.805312646346,1911.44578313253,27.726190476190474,49.72163096964286,49.72163096964286,168,0.2447588612521747,-0.0008370334868108,0.3481364646764891,441.0
-73.885275,40.81345333,0.0690387004294029,39.81818181818182,3.1,135.07692307692307,24.479166666666668,40.39473684210526,44.61538461538461,0.143183777767771,0.0493695089314582,0.1851467751225469,0.0883051718411446,1439.3764390896922,20085.739267572528,1937.42,43.01980198019802,24.87909249683168,24.87909249683168,101,0.1173301916426082,0.0689754953911589,0.284612058667223,445.6923076923077
-73.95940167,40.81961667,0.1107408158185622,8.4,2.946153846153846,171.07692307692307,114.0,13.0,48.35384615384616,0.0532558753944654,0.0634339668342797,0.0608996100537264,0.0750565144694926,1072.344402785217,17750.62718203386,1947.142857142857,19.88888888888889,69.93337747925926,69.93337747925926,27,0.0222671664823143,0.0359321310077983,0.251523853695667,441.0
-73.95471,40.81814,0.1051603378639165,77.0,2.946153846153846,171.07692307692307,114.0,85.21052631578948,48.35384615384616,0.2068446048432849,0.0122159448179471,0.2334751823156246,0.0852943663905124,1160.7009895694036,24379.58049946376,1922.9454545454544,92.16071428571428,66.98162078464286,66.98162078464286,56,0.2014193152375245,0.0200444450762766,0.3454551760808046,441.0
-73.911395,40.81944333,0.0902127214763702,27.11111111111111,3.1,135.07692307692307,34.310763888888886,27.11111111111111,44.61538461538461,0.2496324181662408,0.0097990511310593,0.2127151484607715,0.0824469215156903,1457.0866773675762,24257.493728412017,1980.3298969072168,29.65346534653465,41.50913489653467,41.50913489653467,101,0.2046009795493296,0.0047136488456747,0.3437252239603756,445.6923076923077
-73.92000667,40.83071167,0.0813779843543339,87.33333333333333,3.1,135.07692307692307,68.48275862068965,87.57142857142857,44.61538461538461,0.139028688174036,0.0690423283491384,0.2110399433289314,0.0815654828319233,1324.363806468859,24921.465003895697,1926.3260869565215,72.97826086956522,63.31195652173914,63.31195652173914,46,0.1384467359043065,0.0743325610680172,0.3531336021674662,445.6923076923077
-73.99035333,40.76987667,0.1019919248182987,42.75,2.946153846153846,171.07692307692307,117.1875,43.0,48.35384615384616,0.0731015589272364,0.0958395676211613,0.1928320096686316,0.0928646965268535,1164.5499330655955,39823.29450838624,1952.0625,44.96875,134.982948145625,134.982948145625,32,0.1093806409936832,0.0828181166309164,0.5642903993695005,441.0
-73.94227,40.80345167,0.0404424075028895,28.0,2.946153846153846,171.07692307692307,181.4,28.0,48.35384615384616,0.4762910135612285,-0.1679974606258589,0.3631582613053985,0.0769536265335983,948.1255017393632,13203.270034394847,1986.3076923076924,28.53846153846154,54.02140405714287,54.02140405714287,14,0.4371362242735437,-0.1241977655825155,0.1870884519394079,441.0
-73.92993167,40.81725667,0.1733305285055212,19.33333333333333,2.946153846153846,171.07692307692307,131.12222222222223,23.88888888888889,48.35384615384616,0.0762999793364938,0.0661663515651246,0.1516892301005379,0.0950102159698858,1226.042012309339,23436.456696134053,1965.6666666666667,26.666666666666668,73.92673336857143,73.92673336857143,21,0.0667333605763612,0.086107225461057,0.3320912463957385,441.0
-73.927115,40.83688833,0.0974594325051907,84.18181818181819,3.1,135.07692307692307,21.926369863013697,87.20833333333333,44.61538461538461,0.1943356989749215,0.0430842550633162,0.2611619279998169,0.0811908421786371,1169.7250601765177,25202.386366295443,1948.1014492753625,88.22857142857143,40.108114632957744,40.108114632957744,71,0.2458150552136074,0.0061557011906627,0.3571142177785102,445.6923076923077
-73.95013833,40.82800833,0.0770726986675955,91.02857142857142,2.946153846153846,171.07692307692307,94.26104972375693,89.73333333333333,48.35384615384616,0.2228027409603509,0.0076811194401087,0.2996983804848521,0.0532411514899913,1298.4269271948608,21291.959309966474,1918.9,93.84444444444443,54.11389543266666,54.11389543266666,90,0.3015121049748001,-0.0353519604286363,0.3017040245092247,441.0
-73.90118833,40.83146667,0.07403398994343,94.375,3.1,135.07692307692307,48.409505208333336,94.85714285714286,44.61538461538461,0.1926894405926905,0.0322755082745864,0.2136411575411863,0.0785620695575178,1402.4961136424552,24079.129751387136,1948.951807228916,91.16279069767442,42.67925451534884,42.67925451534884,86,0.1788942804565828,0.0311659722445136,0.3411978318626145,445.6923076923077
-73.96804833,40.76247333,0.0757889735856718,47.2,2.946153846153846,171.07692307692307,393.0,46.55555555555556,48.35384615384616,0.0188455352243173,0.1248726117566558,0.1402012354255965,0.0818478908878787,1103.8059421841542,37541.735096060256,1925.822784810127,46.49367088607595,124.22094983088606,124.22094983088606,79,0.069114357804645,0.0713161427997093,0.5319610281340147,441.0
-73.92565667,40.82784333,0.0929902634238265,34.0,3.1,135.07692307692307,45.022922636103154,31.9,44.61538461538461,0.1474360548124884,0.0345268612311572,0.2147823331704999,0.0922690842014406,1263.002408348943,27139.146615970694,1944.645161290323,39.193548387096776,38.7446875,38.7446875,32,0.1636377281653243,0.0476055360663059,0.3845578340913135,445.6923076923077
-73.95005,40.82799667,0.0775712709904791,92.28125,2.946153846153846,171.07692307692307,94.26104972375693,89.73333333333333,48.35384615384616,0.2175411535372867,0.0142522758335449,0.2930772438366623,0.0537203281685996,1328.1994645247655,21939.597476549647,1919.043010752688,94.5483870967742,54.31592031118279,54.31592031118279,93,0.2886149153457613,-0.0264616419970691,0.3108809648947083,441.0
-73.91987667,40.84351333,0.0665197796658991,121.66666666666669,3.1,135.07692307692307,54.99479166666666,121.25,44.61538461538461,0.2280232876191876,0.0321089347088578,0.2701608013885327,0.080465813727702,1103.386302835741,22510.75719459264,1937.9333333333332,112.7936507936508,41.272453736984126,41.272453736984126,63,0.236124944721086,0.021579205868641,0.3189742165799523,445.6923076923077
-73.91644667,40.812365,0.0835539588208698,16.08,2.946153846153846,171.07692307692307,61.36363636363637,16.183673469387756,48.35384615384616,0.1396689212233736,0.0302579302201358,0.1882447930056048,0.0823636030561974,1531.6803103263778,21626.48602998763,1983.8561151079136,16.5,36.39926047314285,36.39926047314285,140,0.1823842375147737,0.0030150997509404,0.3064442203862113,441.0
-73.88888833,40.81402833,0.0767993490661703,67.25,3.1,135.07692307692307,24.479166666666668,67.82608695652173,44.61538461538461,0.1586034631631458,0.0365536267615304,0.2152140754797221,0.0928890907693689,1402.5456492637215,21342.8379206826,1949.938775510204,64.86138613861387,31.503707232079204,31.503707232079204,101,0.1953385899970146,0.0139365242848461,0.30242496716118,445.6923076923077
-73.91512167,40.81474,0.0649368567047029,13.75,3.1,135.07692307692307,125.53645833333331,15.19047619047619,44.61538461538461,0.1206470908732308,0.0470949537426118,0.173970574042983,0.0952842703040502,1433.8649517684887,28911.90356962215,1973.9883720930231,17.238636363636363,40.09616379386364,40.09616379386364,88,0.1224798933917528,0.052537564567846,0.4096775471058731,445.6923076923077
-73.92747833,40.83737667,0.0884669955514631,72.3,3.1,135.07692307692307,21.926369863013697,75.83333333333333,44.61538461538461,0.2489469112936898,0.0225793112840367,0.2761455351741582,0.0754606236998681,1116.417938420348,24169.93443140625,1956.8260869565215,83.83098591549296,41.147951974788725,41.147951974788725,71,0.2670723784493012,-0.0031796992405951,0.3424845212187802,445.6923076923077
-73.94713667,40.814145,0.0758248834436454,28.866666666666667,2.946153846153846,171.07692307692307,138.18880208333334,29.054794520547944,48.35384615384616,0.2631426094109967,-0.0058603261971235,0.2535743630156016,0.0811063502428854,1381.2993306559572,23444.38115484736,1913.9625,29.59006211180124,50.74643889745341,50.74643889745341,161,0.251187008526618,-0.005877222428704,0.3322035348440511,441.0
-73.95832667,40.82126833,0.1162209554117428,9.0,2.946153846153846,171.07692307692307,114.0,22.5,48.35384615384616,0.0278198642349277,0.0718545857105403,0.0615944789121162,0.0614508086794494,1051.6206157965194,12738.87473232414,1943.375,42.96,115.2441486552,115.2441486552,25,0.016105062864903,0.039537373454465,0.1805080367901608,441.0
-73.92855167,40.83437667,0.08939310321359,109.05882352941175,3.1,135.07692307692307,45.022922636103154,109.74193548387096,44.61538461538461,0.1904286242586451,0.0423305768071381,0.2231065114106636,0.0790550812361118,1411.209962506695,29037.62382162504,1932.5084745762715,108.3781512605042,37.82081969302521,37.82081969302521,119,0.1816142611263436,0.0411411450930104,0.411458985132337,445.6923076923077
-73.96563667,40.80862333,0.0623782814472024,98.875,2.946153846153846,171.07692307692307,17.53684210526316,102.4375,48.35384615384616,0.3377789452017234,-0.0735739678453974,0.3742667832989809,0.0221620495392093,836.2138263665595,19712.886125705365,1915.975,108.875,111.285114347,111.285114347,40,0.40847739576141,-0.1041858053070238,0.279328782862601,441.0
-73.92282667,40.81327333,0.0886008153058628,28.33333333333333,2.946153846153846,171.07692307692307,145.0,28.384615384615383,48.35384615384616,0.3200499215604581,-0.0405597054144592,0.3945693096046948,0.0704560313499832,652.2169255490091,13438.368023879835,1940.65625,26.71875,68.5934375,68.5934375,32,0.4697973641794779,-0.1202158411346828,0.1904197568957151,441.0
-73.88834167,40.81744,0.0736024590095133,76.46666666666667,3.1,135.07692307692307,25.54475703324808,75.38461538461539,44.61538461538461,0.1716829830309502,0.0475831698586708,0.2154743193252714,0.0895277725807998,1279.0677557579004,24376.606347047637,1930.0072463768115,71.54676258992805,32.79433275014389,32.79433275014389,139,0.1856271934709373,0.028501339991026,0.3454130327652752,445.6923076923077
-73.89170167,40.82336833,0.0604930478618322,57.69230769230769,3.1,135.07692307692307,80.75446428571429,58.04347826086956,44.61538461538461,0.1073606836941472,0.0690795693044881,0.2199087515491027,0.0903165829056963,1389.5762121618002,27335.94708829049,1936.8852459016396,58.967213114754095,45.645039685737714,45.645039685737714,61,0.1721518049882585,0.0437649773450385,0.3873464686948293,445.6923076923077
-73.932395,40.85924333,0.0296902314909644,47.75,3.1,135.07692307692307,27.519898391193905,49.85714285714285,44.61538461538461,0.6439000348340056,-0.2242611411034963,0.5006946338228848,0.0165168735772669,772.4367477935277,7931.274210485152,1944.571428571429,57.333333333333336,60.00901519285714,60.00901519285714,21,0.5717350302047872,-0.1798622960280952,0.1123850235646112,445.6923076923077
-73.919775,40.814825,0.0790486507564185,28.65217391304348,2.946153846153846,171.07692307692307,476.3333333333333,28.74418604651163,48.35384615384616,0.0814635539866034,0.075239909464369,0.183500567185206,0.0805533668349086,1514.3804551539492,29260.47048816097,1937.688679245283,27.416666666666668,39.87124807833334,39.87124807833334,108,0.1054460778665032,0.0792570306854953,0.4146166905916131,441.0
-73.88878,40.81404333,0.0831903345577936,67.25,3.1,135.07692307692307,24.479166666666668,69.16,44.61538461538461,0.1587127904128693,0.0382040839789481,0.2146118048022067,0.0918004302228807,1407.914637409687,21242.612500945037,1947.923076923077,65.64485981308411,31.70209748074766,31.70209748074766,107,0.1966193572203114,0.0125474503454239,0.3010047872681669,445.6923076923077
-73.97295167,40.764625,0.0335192416658813,49.5,2.946153846153846,171.07692307692307,85.5,49.6,48.35384615384616,0.2579832358953599,-0.0316498401549337,0.2866548444636291,0.0348316896345756,892.412426352437,22609.709798847583,1939.2222222222224,49.63157894736842,297.57631578947365,297.57631578947365,19,0.2947366233167714,-0.0432928878531269,0.3203763608588492,441.0
-73.90818667,40.80459167,0.0987808618144526,10.6,2.946153846153846,171.07692307692307,7.139136904761905,10.666666666666666,48.35384615384616,0.1509935090505134,0.0355964703782735,0.1667204132211187,0.0793122133096277,1865.3494911622925,34412.09504206651,1943.111111111111,12.666666666666666,33.31148148148148,33.31148148148148,27,0.0927383154882773,0.0721863594452021,0.4876144752500865,441.0
-73.92286667,40.813245,0.0887871285459551,28.33333333333333,2.946153846153846,171.07692307692307,145.0,28.384615384615383,48.35384615384616,0.3172806217033754,-0.0387519060006203,0.3932644892205489,0.0699826680008531,656.3196896736223,13511.066960840708,1940.0625,26.8125,66.741875,66.741875,32,0.4680272110267446,-0.1196226071959273,0.1914498904566208,441.0
-73.91622,40.81278833,0.0686132758941948,15.636363636363637,2.946153846153846,171.07692307692307,125.53645833333331,15.695652173913045,48.35384615384616,0.1277517326623844,0.0471748808114782,0.1922076861868631,0.0803014841869486,1498.6535580524344,21689.958204989154,1982.1266666666668,16.361842105263158,35.80654311743421,35.80654311743421,152,0.1760432083595065,0.0139821343331474,0.3073436120469882,441.0
-73.92041333,40.80390167,0.0905385241074353,12.583333333333334,2.946153846153846,171.07692307692307,145.0,12.555555555555555,48.35384615384616,0.0435451550470979,0.1161922275968376,0.1915643492558038,0.082769715022096,1283.2161583734617,25325.675712680342,1942.555555555556,13.052631578947368,33.84083816710526,33.84083816710526,38,0.1091206738034224,0.0794996699707725,0.3588612102200812,441.0
-73.90983333,40.81099833,0.0930396304595209,34.0,2.946153846153846,171.07692307692307,51.140625,36.0,48.35384615384616,0.3396013520656119,0.0100953838756222,0.3803293770783264,0.0835453234935749,916.4727272727272,20382.5023859074,1930.2962962962963,36.8,36.56786047818181,36.56786047818181,55,0.3860493329177286,-0.0462723797311758,0.2888171496977978,441.0
-73.925075,40.82724,0.0791798485419199,41.142857142857146,3.1,135.07692307692307,31.5,41.68421052631579,44.61538461538461,0.1233530548648675,0.0714369552217267,0.2105523776381492,0.0887547327764432,1234.3361884368308,23578.920262407508,1944.0,40.72222222222222,50.25864864864865,50.25864864864865,37,0.159414968471546,0.0479234914557869,0.3341099347961821,445.6923076923077
-73.91389667,40.83019833,0.049490245999374,32.57142857142857,3.1,135.07692307692307,64.3515325670498,32.85294117647059,44.61538461538461,0.2332618743380898,0.0477226671846554,0.2533627890208392,0.0811728873889827,1164.8071256362175,27199.516070848415,1931.654545454545,32.3125,49.97447646696428,49.97447646696428,112,0.1990955343288481,0.0543453103001593,0.3854132606500284,445.6923076923077
-73.94804833,40.80953333,0.0732271575295536,25.33333333333333,2.946153846153846,171.07692307692307,107.82552342971088,25.3125,48.35384615384616,0.1113327795925934,0.0651807285924387,0.1925212784330153,0.0945416581455971,1322.8826995179431,29433.989837820714,1931.257575757576,25.536231884057973,64.32651556492755,64.32651556492755,69,0.1264360887503209,0.0657560709738105,0.4170754350103854,441.0
-73.891675,40.82303667,0.0791849073734247,57.06666666666667,3.1,135.07692307692307,80.75446428571429,57.625,44.61538461538461,0.1199654157392981,0.0681192396860819,0.221939204726206,0.0822598158455934,1472.6393793472446,29958.274700288028,1934.7857142857144,57.375,51.15514354428571,51.15514354428571,56,0.1748489137396076,0.0443133514301536,0.4245044766821417,445.6923076923077
-73.93136167,40.83259333,0.1646021167186349,79.57142857142857,3.1,135.07692307692307,59.5,91.41176470588236,44.61538461538461,0.1967887052964785,0.0072293533779067,0.211476121131256,0.1016612087171662,1124.8985002678094,14364.29466192804,1940.8507462686568,94.08571428571427,43.062722850142855,43.062722850142855,70,0.1701023964309641,0.0346493801415109,0.2035400052030228,445.6923076923077
-73.92967333,40.83463667,0.1131210338323824,100.47368421052632,3.1,135.07692307692307,45.022922636103154,101.77777777777776,44.61538461538461,0.1808755868302632,0.0235787345254052,0.2332978820424789,0.0840871795003148,1316.4553978033753,25863.466231271093,1941.9897959183672,104.8989898989899,39.86707581565657,39.86707581565657,99,0.2094098528113533,0.0164146936361752,0.3664816251111871,445.6923076923077
-73.908085,40.82489667,0.0798772581602432,49.66666666666666,3.1,135.07692307692307,106.49739583333331,50.07142857142857,44.61538461538461,0.2098289695351955,-0.0049930468328933,0.2087869442246813,0.0809468334834728,1296.8165997322624,21920.547709242743,1967.150684931507,55.2054794520548,44.15811134520549,44.15811134520549,73,0.1898629866045004,0.0117528337070907,0.3106110324108488,445.6923076923077
-73.95611833,40.81839333,0.1040431731253689,54.71428571428572,2.946153846153846,171.07692307692307,114.0,57.54545454545455,48.35384615384616,0.0470825631563571,0.0702503483172615,0.1554481517224067,0.0942137949302695,1225.7584450402144,23814.09812403329,1929.2777777777776,64.25,89.52335699527777,89.52335699527777,36,0.0931656591563669,0.0606841638226829,0.3374423715299022,441.0
-73.968215,40.76263,0.0760617666815058,46.75,2.946153846153846,171.07692307692307,393.0,46.57142857142857,48.35384615384616,0.0305070856665295,0.1179213545905228,0.1512791019711624,0.0810399070194395,1081.3170992774951,35270.45496461904,1925.120481927711,46.27710843373494,121.90040712783131,121.90040712783131,83,0.0785998921870798,0.0734900670820484,0.4997773128432376,441.0
-73.93088833,40.829785,0.0797522638543452,14.0,3.1,135.07692307692307,59.5,14.0,44.61538461538461,0.5000610431734387,-0.1621388515677039,0.3261120885571433,0.0860530059566313,810.1001338688086,12283.03427766374,1967.2857142857144,61.80952380952381,49.4197083004762,49.4197083004762,21,0.378150049156443,-0.0993577019105646,0.1740488426078371,445.6923076923077
-73.96700833,40.7619,0.0639717142565539,49.5,2.946153846153846,171.07692307692307,233.4375,50.5,48.35384615384616,0.0098715242813267,0.0514567404300122,0.1400377164596862,0.0799710303369141,1148.047631790206,36950.0655762919,1937.3076923076924,52.30769230769231,114.92237040938464,114.92237040938464,65,0.0630487132386131,0.0771421119554093,0.5235771554869558,441.0
-73.91734333,40.81083,0.0864011254245762,14.75,2.946153846153846,171.07692307692307,20.368146214099216,14.866666666666667,48.35384615384616,0.1650205911636684,-0.0012170410690666,0.1805726210278882,0.0855794813114397,1548.5549009105516,22570.90058726104,1958.2,16.88888888888889,44.98325767055556,44.98325767055556,72,0.1972393850736807,-0.0211686491819591,0.319826439870558,441.0
-73.88534,40.82111167,0.0797019072957478,21.0,3.1,135.07692307692307,90.66666666666669,20.4,44.61538461538461,0.0602651890178393,0.1002144230985401,0.1728341867362755,0.1052985044628286,1320.7815261044177,24154.972337668296,1942.659090909091,24.89130434782609,21.19747604108696,21.19747604108696,46,0.1083149009876029,0.0628474458110349,0.3422725104853166,445.6923076923077
-73.95061333,40.82645,0.085906901342657,101.83333333333331,2.946153846153846,171.07692307692307,94.26104972375693,97.88235294117646,48.35384615384616,0.1050307134652963,0.0635010671149495,0.195730120362423,0.0696021320367692,1570.293393955603,27892.25790398283,1915.0617283950617,98.55555555555556,56.60642356814813,56.60642356814813,81,0.1318663742451758,0.0632512888551536,0.3952293135537117,441.0
-73.92607,40.81158833,0.0614101436691341,21.90909090909091,2.946153846153846,171.07692307692307,145.0,22.27777777777778,48.35384615384616,0.26235296980597,-0.0282491460453276,0.228643146579934,0.0837242241396571,1206.2532154340836,24789.68197934988,1924.3023255813955,22.837209302325583,41.56363721114943,41.56363721114943,87,0.2095344981740715,0.0106825868523327,0.3512662555190779,441.0
-73.94233333,40.80337,0.0505908115183523,28.0,2.946153846153846,171.07692307692307,181.4,28.0,48.35384615384616,0.469375827466701,-0.1623230606847006,0.3576169043812142,0.077246888413245,961.8085676037484,13553.16005714504,1989.25,28.375,51.18680982235293,51.18680982235293,17,0.4299623579161177,-0.1204185984078611,0.1920463436234107,441.0
-73.92587,40.83911833,0.0827416986562757,118.0,3.1,135.07692307692307,21.926369863013697,119.2,44.61538461538461,0.2599602745517535,-0.0359085648861465,0.26445171052656,0.082108381800669,1267.650708745654,20463.55402472756,1969.7142857142856,100.18571428571428,39.81184373328572,39.81184373328572,70,0.2817060184785575,-0.0347936338098863,0.2899656398519689,445.6923076923077
-73.947835,40.808745,0.1009990987980899,24.33333333333333,2.946153846153846,171.07692307692307,107.82552342971088,25.09090909090909,48.35384615384616,0.065930653138171,0.0732381678070589,0.1696148060573262,0.1002766612201778,1413.0061497326203,33920.71257992946,1936.1728395061727,24.813953488372093,63.122875364767445,63.122875364767445,86,0.0888539256332795,0.0821506782970151,0.48065165589464,441.0
-73.88607833,40.82117667,0.0746059212366346,26.125,3.1,135.07692307692307,90.66666666666669,28.866666666666667,44.61538461538461,0.0733376190515195,0.107019263368472,0.1669476008733189,0.1004327201991001,1387.8623828647926,25514.812255851848,1937.4117647058824,30.32075471698113,24.70313007981132,24.70313007981132,53,0.0869492133891363,0.0806092219566678,0.361541248041863,445.6923076923077
-73.95296333,40.81264667,0.0640687726441727,36.11538461538461,2.946153846153846,171.07692307692307,86.40942028985508,34.22222222222222,48.35384615384616,0.1057720841282611,0.0915928882198859,0.1924330403949716,0.0857434343504625,1476.4274236743438,29830.38215324289,1918.752380952381,37.25714285714286,58.151831472,58.151831472,105,0.110684106971418,0.0821043013288729,0.4226922575446633,441.0
-73.95690833,40.81564,0.0783543839551089,28.0,2.946153846153846,171.07692307692307,131.0,28.227272727272727,48.35384615384616,0.2840898748557531,-0.0279906213222145,0.2551957758809146,0.0925915235826192,1211.6571964620746,19548.70124246509,1927.6829268292684,29.11904761904762,63.25714285714285,63.25714285714285,42,0.2460783322922715,-0.0086939451370168,0.2770023065006599,441.0
-73.94897667,40.825845,0.0840762274986925,119.0,2.946153846153846,171.07692307692307,94.26104972375693,119.25714285714284,48.35384615384616,0.0702229458388361,0.1064423375854627,0.1867929484276338,0.0787836766851158,1552.3644634733744,33838.14220455851,1917.5151515151515,119.95959595959596,57.579797446161606,57.579797446161606,99,0.0924862684693389,0.0969540965217754,0.4794816454609264,441.0
-73.94867167,40.81370333,0.1191213725223625,30.2,2.946153846153846,171.07692307692307,354.4107142857143,31.11764705882353,48.35384615384616,0.2479920459470209,0.010463155040769,0.3059574044057851,0.081723679170378,1113.8862115127176,17377.190125024525,1920.10843373494,30.40963855421687,61.24571142554216,61.24571142554216,83,0.3312341035872057,-0.0538971620573073,0.2462323038975356,441.0
-73.92735333,40.82844833,0.1175323042615449,17.5,3.1,135.07692307692307,45.022922636103154,17.5,44.61538461538461,0.0954858587016803,0.0271906365484047,0.2418292031401342,0.122887803863705,1094.4256630056254,27529.082040796435,2009.25,22.5,42.62347637,42.62347637,4,0.2168076414644758,0.0161163844906027,0.3900831634061559,445.6923076923077
-73.92272167,40.81333667,0.0850198102950365,27.88888888888889,2.946153846153846,171.07692307692307,145.0,28.384615384615383,48.35384615384616,0.3294563155574437,-0.0482718437395003,0.3944201434987994,0.0723709459970582,650.7639668537824,13171.239246928588,1945.7096774193549,26.387096774193548,68.63677419354839,68.63677419354839,31,0.4696353664468528,-0.1192020239707776,0.1866345802526862,441.0
-73.91376333,40.83042667,0.0895829726609616,35.8125,3.1,135.07692307692307,64.3515325670498,35.05882352941177,44.61538461538461,0.2426341480390637,0.0501782298743969,0.2513391303944147,0.0819557486191165,1146.555763573148,25247.944523953436,1935.720430107527,32.83157894736842,50.18143768252632,50.18143768252632,95,0.1979432763708808,0.0534926298268968,0.3577597703695691,445.6923076923077
-73.89739333,40.84415667,0.0925926723980819,54.0,3.1,135.07692307692307,20.34375,54.5,44.61538461538461,0.2393885009116698,-0.0206324362435103,0.2832348348066745,0.0951377357356121,1000.8964686998396,13141.071552401498,1947.2692307692307,57.392857142857146,38.2997599162069,38.2997599162069,29,0.2931138046799271,-0.0325812378541312,0.1862071083270534,445.6923076923077
-73.95433833,40.81791833,0.0887199776232661,80.83333333333333,2.946153846153846,171.07692307692307,114.0,89.25,48.35384615384616,0.316974550930361,-0.0267024159826864,0.2604563103943456,0.0827685962510485,1106.4770053475936,23644.86572394597,1918.9130434782608,93.21428571428572,65.28938702514286,65.28938702514286,70,0.2377548097465266,0.0049706597438471,0.3350443725749636,441.0
-73.91852333,40.821515,0.0932356029400598,43.25,3.1,135.07692307692307,33.901785714285715,44.16666666666666,44.61538461538461,0.4539590069279602,-0.1127725766392691,0.3869416896359655,0.068183045121697,819.8844813722862,9685.07107732136,1940.5217391304348,42.125,81.50625,81.50625,24,0.4586150358769574,-0.1143850021968658,0.1372360748555761,445.6923076923077
-73.94363333,40.80163333,0.1008403211585921,31.666666666666668,2.946153846153846,171.07692307692307,181.4,32.12903225806452,48.35384615384616,0.2369127075278619,-0.0053167839121702,0.2238918811481282,0.0868933793578529,1272.196199143469,23700.43804803424,1992.1186440677968,30.075,45.62740400616667,45.62740400616667,120,0.2242129646625779,-0.0049040205831618,0.335831824474798,441.0
-73.943845,40.80132833,0.0864553966770695,33.714285714285715,2.946153846153846,171.07692307692307,181.4,32.575,48.35384615384616,0.2349824537593186,-0.0170879472848873,0.2124125156304807,0.0851144889753807,1278.1609103078983,25582.83938557667,1990.976377952756,30.046511627906977,46.09779351798449,46.09779351798449,129,0.2118119821034985,-0.0027388247932308,0.3625051827603309,441.0
-73.92837667,40.834315,0.0727234192839007,109.42857142857144,3.1,135.07692307692307,45.022922636103154,109.8,44.61538461538461,0.1840815353008988,0.0487552474717176,0.230599202356231,0.0790517849879065,1399.2793370756483,28257.543096811023,1932.328125,108.03875968992249,37.10524263488372,37.10524263488372,129,0.1912419725889338,0.0387638258404456,0.4004053525996442,445.6923076923077
-73.91067833,40.81921667,0.0738816748707585,27.642857142857142,3.1,135.07692307692307,34.310763888888886,30.666666666666668,44.61538461538461,0.2747092392427537,-0.0408106052211799,0.2281455600079652,0.0851988019706833,1360.8197378978336,23502.117590238628,1979.636363636364,36.796460176991154,39.67995759106196,39.67995759106196,113,0.2250809088272434,0.0001751703115124,0.3330216518938979,445.6923076923077
-73.92539667,40.84013167,0.0754004080813803,120.625,3.1,135.07692307692307,46.38151260504202,119.36,44.61538461538461,0.203113850648049,0.0117178609433223,0.2556324653869963,0.0853094654862812,1231.538564542046,24191.63945757296,1959.816091954023,119.64772727272728,35.03270029852273,35.03270029852273,88,0.2408475114331976,0.0034340434028685,0.342792078341639,445.6923076923077
-73.88531167,40.81359,0.0709799997448627,42.04761904761905,3.1,135.07692307692307,24.479166666666668,41.11764705882353,44.61538461538461,0.1474566894713521,0.0484172354869021,0.1862208823799852,0.0870661800788206,1432.638480064223,20491.688503893813,1935.7659574468084,44.17894736842105,25.750848982315787,25.750848982315787,95,0.1214359280858148,0.0657808577032995,0.2903643014064611,445.6923076923077
-73.90783333,40.82975667,0.0852478464390094,39.92307692307692,3.1,135.07692307692307,106.10322580645162,39.42307692307692,44.61538461538461,0.1451224721201147,0.0736619921308785,0.2030994010198253,0.0911244782710453,1173.8152815013405,24796.768548689943,1948.8266666666664,38.60493827160494,40.14950107170732,40.14950107170732,82,0.1530967421966191,0.0495580252161056,0.3513666711947137,445.6923076923077
-73.89806167,40.815735,0.0829102918344377,38.06666666666667,3.1,135.07692307692307,44.79861111111112,41.774193548387096,44.61538461538461,0.0981929991874482,0.046121315014368,0.2000410851892168,0.092809289340636,1495.0404608788854,28437.750834545983,1913.7672413793105,43.644067796610166,36.5942661659322,36.5942661659322,118,0.1573830878775208,0.0405035667442544,0.402958870523995,445.6923076923077
-73.95340167,40.81234667,0.0842571190882436,30.94736842105263,2.946153846153846,171.07692307692307,86.40942028985508,31.88372093023256,48.35384615384616,0.1254592252560598,0.0879677080846035,0.1849269818718796,0.0869480043050456,1467.360791655523,29110.68996095105,1919.1333333333332,33.923809523809524,58.143319187333326,58.143319187333326,105,0.1066839402096203,0.079534266755486,0.4124943218985766,441.0
-73.95271167,40.82249167,0.0544433409404884,108.5,2.946153846153846,171.07692307692307,154.0,111.52380952380952,48.35384615384616,0.1158407495068402,0.0632303694568677,0.1994238684937727,0.0734513520838639,1461.1033467202142,24860.42253573202,1912.3846153846157,108.6153846153846,58.51597097435897,58.51597097435897,78,0.1517072171175243,0.044986301014381,0.3522686391063807,441.0
-73.89131167,40.814285,0.0921520426045338,31.9375,3.1,135.07692307692307,30.002564102564104,31.5,44.61538461538461,0.092137739021795,0.0609496295022146,0.2241553245077548,0.0925734874500856,1281.5790037493305,18852.37808177399,1948.7179487179487,31.813953488372093,25.32827684860465,25.32827684860465,43,0.170725068210557,0.03761380187596,0.2671355066969111,445.6923076923077
-73.918755,40.82158333,0.076238707229827,45.75,3.1,135.07692307692307,33.901785714285715,44.16666666666666,44.61538461538461,0.4547006728937236,-0.1149508478310476,0.3880602778078213,0.0700695280317884,788.052716082419,9439.414615049212,1942.45,41.75,90.4365,90.4365,20,0.4605143925193313,-0.1151515235614965,0.1337551578467333,445.6923076923077
-73.93015333,40.81678333,0.0895961354329599,20.0,2.946153846153846,171.07692307692307,131.12222222222223,23.83333333333333,48.35384615384616,0.0445127972479631,0.0878110836187362,0.1418677657775547,0.1009835848531562,1261.3626138189609,22871.484283579237,1963.2222222222224,26.83333333333333,73.00785559666666,73.00785559666666,18,0.0538543059020251,0.0890487897822817,0.3240856679457427,441.0
-73.89168,40.823105,0.0788919862416061,57.3125,3.1,135.07692307692307,80.75446428571429,57.52173913043478,44.61538461538461,0.1167249423771054,0.0645807423135649,0.2218355432336567,0.0840216826245199,1455.5235798499464,29462.843823565807,1935.1818181818185,57.50909090909091,50.79832797236365,50.79832797236365,55,0.174958872958554,0.0437268071585915,0.4174842918704639,445.6923076923077
-73.93154167,40.83219333,0.1193501143987104,81.7,3.1,135.07692307692307,59.5,86.3529411764706,44.61538461538461,0.1509783801910204,0.0289953581611876,0.2042813753067253,0.1019182136771895,1096.6546184738957,14150.550314988404,1945.641791044776,89.98550724637681,45.94457021753623,45.94457021753623,69,0.1603301810252658,0.0386082976677535,0.2005112783137228,445.6923076923077
-73.97202167,40.76427,0.1025909745316263,49.375,2.946153846153846,171.07692307692307,799.7402376910017,49.0,48.35384615384616,0.0589262909517835,0.0903394000306294,0.1894943459622545,0.0641362963744786,988.4801608579088,30737.177348570127,1936.3870967741937,47.80645161290322,225.47221358548384,225.47221358548384,31,0.145538127956757,0.0366369559473948,0.4355414160388967,441.0
-73.90945333,40.84482833,0.0915917865937742,60.5,3.1,135.07692307692307,37.09031556039173,61.69230769230769,44.61538461538461,0.1146564872675103,0.0740100485381921,0.1876250858869191,0.0871780051035747,1179.816381156317,22021.075798773843,1928.2307692307693,67.42307692307692,53.78355989500001,53.78355989500001,52,0.1284449291610408,0.0599536172598419,0.3120355010916477,445.6923076923077
-73.92837833,40.80729333,0.0933674823860632,10.1,2.946153846153846,171.07692307692307,333.2894736842105,10.588235294117649,48.35384615384616,0.0748646925826863,0.0771927052295858,0.2009046551198019,0.0967466052852462,1292.4317877244707,22585.32080870636,1949.317073170732,10.714285714285714,55.23318181818181,55.23318181818181,44,0.1584104545468207,0.0357624079573445,0.3200307723505491,441.0
-73.92188333,40.80452333,0.0956616276793424,19.0,2.946153846153846,171.07692307692307,145.0,19.375,48.35384615384616,0.0448297796837958,0.0958407746182755,0.2028392668350228,0.0770805443172627,1392.4281124497993,21444.885153196352,1931.4545454545453,24.5625,31.015760185416667,31.015760185416667,48,0.1474009582643475,0.0471733431695163,0.3038709618812577,441.0
-73.93818667,40.80339667,0.0890513078609958,19.666666666666668,2.946153846153846,171.07692307692307,38.0,19.75,48.35384615384616,0.164129580425984,0.0587267054388989,0.2018722268294045,0.108399824147706,1240.9598501070664,20518.232404842944,1932.013698630137,18.80821917808219,54.3684493130137,54.3684493130137,73,0.1514957395973795,0.047762021926344,0.2907404246944164,441.0
-73.91659167,40.81888,0.0798526890166757,30.26923076923077,3.1,135.07692307692307,150.5,31.42372881355932,44.61538461538461,0.1538807731199512,0.043559826758715,0.2078426256889158,0.0751660138697344,1422.7446466809422,28736.23980338021,1947.7041420118344,33.97058823529412,35.66431180694117,35.66431180694117,170,0.1482374684236718,0.0587322903143789,0.4071884166098016,445.6923076923077
-73.94955167,40.81246833,0.1019924875165771,32.25,2.946153846153846,171.07692307692307,354.4107142857143,33.05,48.35384615384616,0.2240060551576295,-0.0172595446245141,0.2671176750938355,0.090282675452832,1105.1041220556745,18343.4171099138,1941.121951219512,30.73809523809524,80.7940112707143,80.7940112707143,42,0.296996467529985,-0.0548726126493917,0.2599236023677581,441.0
-73.94690333,40.81404833,0.0749987292798935,29.22448979591837,2.946153846153846,171.07692307692307,138.18880208333334,29.09756097560976,48.35384615384616,0.2801899827638443,-0.0106724525572305,0.2546590656763065,0.0793428592001047,1394.2919454107573,24422.67568698711,1913.62987012987,29.10322580645161,49.77262362896774,49.77262362896774,155,0.2551097562368603,-0.0102440428837511,0.3460658287372497,441.0
-73.92833,40.82136167,0.0562005991918555,32.142857142857146,3.1,135.07692307692307,318.5833333333333,33.8421052631579,44.61538461538461,0.3112149480568384,-0.0395738336156154,0.2431880443328612,0.0814970493798793,1483.006146445751,19746.136207160594,1922.1818181818185,33.06666666666667,40.55700235822221,40.55700235822221,45,0.2559693988197824,-0.0293549231869349,0.2797999317711473,445.6923076923077
-73.889095,40.80635667,0.0781642328632555,12.666666666666666,3.1,135.07692307692307,52.5,12.5,44.61538461538461,0.1674730216229376,0.0426959307277388,0.261658195211468,0.0677558062699957,815.964390896921,16127.830956271706,1953.6666666666667,14.615384615384617,21.33,21.33,13,0.224589629577052,0.0188183599136924,0.2285290627911878,445.6923076923077
-73.90821167,40.82911,0.0782047285300522,33.22222222222222,3.1,135.07692307692307,64.3515325670498,33.32142857142857,44.61538461538461,0.1961133788674554,0.0096385584347295,0.20559758160177,0.089397613134444,1164.7144004282654,23602.6126949345,1946.923076923077,34.54117647058823,37.885279908139545,37.885279908139545,86,0.1558694038590141,0.0491057274438735,0.3344456531840818,445.6923076923077
-73.88949,40.82586,0.0886300348697844,65.3,3.1,135.07692307692307,17.34722222222222,65.04347826086956,44.61538461538461,0.0916102320334483,0.095747988414742,0.2282796049695732,0.086080033136217,1186.884131656409,20914.15196945381,1930.2278481012656,63.0375,45.22845576775,45.22845576775,80,0.1897364537827392,0.0347055591010372,0.2963505484173194,445.6923076923077
-73.93146,40.85877333,0.063390582103719,44.888888888888886,3.1,135.07692307692307,27.519898391193905,46.4,44.61538461538461,0.1673940565482902,0.0387331281283345,0.316799982353684,0.0471866482370405,1363.305570433851,19884.02948854883,1940.404761904762,56.59090909090909,54.71264009954544,54.71264009954544,44,0.3134012274327039,-0.0380561111972038,0.2817538598873446,445.6923076923077
-73.92198167,40.81028333,0.098806641071167,26.0,2.946153846153846,171.07692307692307,145.0,25.5,48.35384615384616,0.249265046768899,-0.008019469289524,0.2495117540354162,0.0816955582345819,1232.4849946409431,22707.821275471357,1928.4113475177303,25.228571428571428,39.11719628140845,39.11719628140845,142,0.2622057942069302,-0.0238650849981922,0.3217665864805563,441.0
-73.95286667,40.79804167,0.0802761945884144,0.0,2.946153846153846,171.07692307692307,128.3,23.0,48.35384615384616,0.4944067055606073,-0.1549461347291598,0.3381163278661014,0.0365254466770929,776.4591262396141,8635.078485797017,1916.5666666666664,23.766666666666666,67.65950900866667,67.65950900866667,30,0.3970487956533361,-0.1102222247634596,0.122357829694773,441.0
-73.92785833,40.80984,0.0856121986998152,12.75,2.946153846153846,171.07692307692307,180.0625,12.166666666666666,48.35384615384616,0.2771902719300583,-0.0340529371190805,0.2488189226345609,0.0830597787655041,1140.954752342704,13159.528774862543,1944.0,11.205128205128204,45.26846153846154,45.26846153846154,39,0.2472082232072524,-0.0200945433413626,0.1864686445348594,441.0
-73.95214667,40.80361167,0.0723150450583823,26.5,2.946153846153846,171.07692307692307,100.66494845360825,27.214285714285715,48.35384615384616,0.1568193561854077,0.041765257162241,0.2123727899629254,0.0773687076073015,1295.997320471597,23604.531962987265,1931.970297029703,26.06930693069307,57.62427520088235,57.62427520088235,102,0.1660415652803613,0.0461104687086965,0.334472848938788,441.0
-73.96785833,40.76284333,0.0839382316105206,47.11111111111112,2.946153846153846,171.07692307692307,393.0,46.95,48.35384615384616,0.0656650092529505,0.0706562664529669,0.1598130528560053,0.0806354765728873,1073.8583668005356,37827.71815886928,1916.4504504504505,47.98198198198198,93.61414331945946,93.61414331945946,111,0.0985192880598164,0.061622000479052,0.5360133673177186,441.0
-73.89142833,40.814625,0.1024077168569933,33.53846153846154,3.1,135.07692307692307,30.002564102564104,32.26086956521739,44.61538461538461,0.1723041108109322,0.0321070665836451,0.2496499631504636,0.0891293560475661,1197.9986613119142,15793.584390450002,1946.842105263158,34.05128205128205,26.40789420794872,26.40789420794872,39,0.220039591623148,0.0036870569675634,0.223792836659912,445.6923076923077
-73.887725,40.81647667,0.0890913326003458,79.375,3.1,135.07692307692307,25.54475703324808,82.8695652173913,44.61538461538461,0.1663413750709437,0.0241988541100362,0.2262201077747126,0.0936455288774737,1265.483948635634,21091.480446035803,1931.2666666666669,78.38095238095238,32.55314879942857,32.55314879942857,105,0.2089999007546411,0.0139731714285737,0.2988632676206092,445.6923076923077
-73.89647333,40.83364,0.1021318349757485,79.8,3.1,135.07692307692307,67.09821428571429,79.82758620689656,44.61538461538461,0.1932671293115617,0.026625355632475,0.2554991656782934,0.0754828364366068,1169.4934404283802,20136.038337901857,1934.8431372549016,77.60952380952381,36.35561124009524,36.35561124009524,105,0.2345699834685035,0.0099742774368398,0.2853247893148161,445.6923076923077
-73.94238167,40.80329833,0.0583790766325868,28.0,2.946153846153846,171.07692307692307,181.4,28.0,48.35384615384616,0.4614350461593792,-0.1546017389998004,0.3511900809640048,0.0775676557015736,975.6232271875836,14291.42216140401,1989.5625,28.3125,49.22540222882353,49.22540222882353,17,0.4218304437040425,-0.1168817333962185,0.2025074122716743,441.0
-73.92559,40.83959167,0.0985817470598332,121.25,3.1,135.07692307692307,21.926369863013697,120.8125,44.61538461538461,0.234519688998195,-0.0089465565409179,0.2649515086117787,0.0853687454370906,1246.1062065275548,20283.72401016633,1965.830508474576,115.91525423728814,38.64011677355932,38.64011677355932,59,0.2744536218022437,-0.0259659658994511,0.2874174742123879,445.6923076923077
-73.931335,40.83264333,0.16487696410675,82.75,3.1,135.07692307692307,59.5,93.61111111111111,44.61538461538461,0.2023280548802541,0.0037716104129573,0.2123421673642143,0.1017332605766774,1128.496254681648,14517.813837931995,1939.6969696969695,96.72058823529412,43.06290843691176,43.06290843691176,68,0.1716338329671541,0.0336829299868422,0.2057153500157807,445.6923076923077
-73.91015167,40.82449333,0.1123696945574425,31.5,3.1,135.07692307692307,67.3293768545994,31.285714285714285,44.61538461538461,0.1226940349315408,0.0394034647473867,0.1698836376836912,0.09496446509658,1271.2605784681307,21084.491161845603,1978.7142857142856,33.535714285714285,69.4987534875,69.4987534875,28,0.1246064893351669,0.0420619287233936,0.2987642304613375,445.6923076923077
-73.92834,40.82129,0.0521560154166809,33.09090909090909,3.1,135.07692307692307,318.5833333333333,33.8,44.61538461538461,0.3121857984439986,-0.0435086997409876,0.2373881324931003,0.0819638807992226,1496.3341359015517,19865.182688537992,1922.0434782608693,33.170212765957444,40.60095970468085,40.60095970468085,47,0.2479580398534336,-0.0253757793243847,0.28148680342056,445.6923076923077
-73.90656667,40.81275833,0.1125389652119257,33.333333333333336,3.1,135.07692307692307,51.140625,34.6875,44.61538461538461,0.1335375497348981,0.0435908432517296,0.203767441333821,0.0876036207420919,1436.6046573875803,24827.74573867285,1959.2087912087911,37.95744680851064,38.51048483063158,38.51048483063158,95,0.1535118132903488,0.0484513792200411,0.351805613555349,445.6923076923077
-73.99008833,40.769775,0.108419846892765,42.75,2.946153846153846,171.07692307692307,117.1875,45.66666666666666,48.35384615384616,0.0716912382126344,0.1128507259935268,0.2010334925698841,0.094264367370838,1153.492904953146,39251.88768804595,1952.935483870968,46.12903225806452,127.18497873096774,127.18497873096774,31,0.1146412831033905,0.0855550212424664,0.5561936462800406,441.0
-73.9158,40.82084,0.062507139445925,33.54545454545455,3.1,135.07692307692307,33.901785714285715,34.388888888888886,44.61538461538461,0.2539513765544148,-0.0119329924532025,0.2354742414280521,0.0806656101002324,1207.9353114140604,20896.679996994902,1952.067307692308,35.58653846153846,39.71114967285714,39.71114967285714,105,0.2272848876585353,0.0028432522373588,0.2961029730608459,445.6923076923077
-73.94916167,40.82761833,0.064810733454662,114.5,2.946153846153846,171.07692307692307,94.26104972375693,111.38095238095238,48.35384615384616,0.1337648215068624,0.0738810832022244,0.2143110307144324,0.0703968394289924,1601.9049276914836,30034.472761977497,1919.410447761194,105.70149253731344,53.88075066373135,53.88075066373135,134,0.1482737782803576,0.0669713040660646,0.4255841923409885,441.0
-73.95805167,40.81524667,0.1229948171391768,28.83333333333333,2.946153846153846,171.07692307692307,131.0,27.8125,48.35384615384616,0.0825999170153059,0.0839898470941903,0.2206732614175745,0.0987977014434816,1301.4092126406,20413.3510505636,1922.6521739130435,33.12765957446808,69.52930909382978,69.52930909382978,47,0.1888383623440034,0.0212989067384364,0.2892542708733762,441.0
-73.92945667,40.81829,0.0781639668161562,24.625,2.946153846153846,171.07692307692307,41.2662037037037,24.0,48.35384615384616,0.1022381701204512,0.0866452521649434,0.1511290234216452,0.095549462858501,1328.1290495314593,26289.186166847605,1952.5833333333333,27.27027027027027,55.60818929864864,55.60818929864864,37,0.0871089717577842,0.0645542732376597,0.3725140158371772,441.0
-73.909725,40.81127667,0.0913294508517947,34.833333333333336,2.946153846153846,171.07692307692307,51.140625,34.72727272727273,48.35384615384616,0.2924427997106443,0.0370732683733805,0.3727617359196636,0.0812858051689899,931.722817354044,21123.542546107437,1933.225806451613,36.49206349206349,39.79691846825397,39.79691846825397,63,0.3758764554325043,-0.0430363184986733,0.2993175830024503,441.0
-73.95420833,40.77451333,0.0655382693558522,51.86363636363637,2.946153846153846,171.07692307692307,106.33333333333331,51.85106382978724,48.35384615384616,0.0668591919560567,0.0995756913750893,0.2103981684282315,0.0843217689033523,1160.3607171527965,35571.982996141815,1925.3290322580644,52.516129032258064,67.5439414432258,67.5439414432258,155,0.1367698466643149,0.0758348195105736,0.5040499220139024,441.0
-73.90828667,40.80468333,0.1115155987148103,10.666666666666666,2.946153846153846,171.07692307692307,7.139136904761905,11.285714285714286,48.35384615384616,0.1563573529872048,0.0485194777419118,0.1650615112555637,0.0798715237269612,1838.8872220733997,33632.385632139914,1943.0,13.62962962962963,33.23235303074074,33.23235303074074,27,0.0929167868509177,0.0703333292691095,0.4765661041956584,441.0
-73.94690333,40.82680833,0.0550577463346517,124.75,2.946153846153846,171.07692307692307,254.8333333333333,123.86206896551724,48.35384615384616,0.1632769442234009,0.0809536230398057,0.2392022197398133,0.0794720162153216,1426.641938939475,32014.75912112424,1918.4150943396223,120.04268292682929,53.77164507286585,53.77164507286585,164,0.1712078414163449,0.0699362334785756,0.4536445674128953,441.0
-73.89735667,40.844145,0.089656837424919,54.0,3.1,135.07692307692307,20.34375,57.8,44.61538461538461,0.2486782628475219,-0.0248162441159712,0.285684496577247,0.0952345369651165,993.314438502674,12939.840425791472,1947.92,57.81481481481482,38.75456198285714,38.75456198285714,28,0.2964638313212771,-0.0342036333493501,0.1833556919836041,445.6923076923077
-73.92698667,40.82030833,0.0733921879722406,51.85714285714285,3.1,135.07692307692307,318.5833333333333,44.8421052631579,44.61538461538461,0.1841873814109274,-0.0077830211141882,0.2601534387816117,0.0923172260821455,1158.1654618473897,21937.80222231341,1920.15,37.30120481927711,36.57708546277109,36.57708546277109,83,0.2747017453658459,-0.0271946833997965,0.3108555263983433,445.6923076923077
-73.91536,40.839385,0.0850271524924829,82.625,3.1,135.07692307692307,57.41028708133971,84.17647058823529,44.61538461538461,0.0645575306499936,0.0914909073328586,0.163814851805662,0.0658321555604706,1765.7610264635125,32372.028450279064,1927.2962962962963,83.77777777777777,50.89954952629631,50.89954952629631,54,0.0862575480952552,0.0793381470568624,0.4587070228140836,445.6923076923077
-73.92112333,40.842035,0.1196326714825668,112.57142857142856,3.1,135.07692307692307,54.99479166666666,110.45454545454544,44.61538461538461,0.1204339204000735,0.0739718537273594,0.208742907162594,0.0916359262025162,1312.965471092077,27308.24800143605,1943.817073170732,105.5,39.94969771464285,39.94969771464285,84,0.1507818642785467,0.0567863513473152,0.3869539765869833,445.6923076923077
-73.95826667,40.81553333,0.235583328289602,28.8,2.946153846153846,171.07692307692307,131.0,28.857142857142858,48.35384615384616,0.0436309053841749,0.0969207166007492,0.1841175249033866,0.0994047448735222,1372.201284796574,21503.43954335152,1920.744186046512,34.86363636363637,66.23172675318182,66.23172675318182,44,0.1454560268729161,0.0324732348636114,0.3047006692325247,441.0
-73.88520667,40.81315833,0.0638416595186553,36.68181818181818,3.1,135.07692307692307,24.479166666666668,37.77777777777778,44.61538461538461,0.1376861239357802,0.0632436088397334,0.1787373652766183,0.0873530247272908,1450.8402889245583,20702.4665925083,1938.0891089108911,42.35294117647059,24.66037590372549,24.66037590372549,102,0.1088101518046557,0.070962404833449,0.2933509968386402,445.6923076923077
-73.94563,40.81298167,0.07285531267901,28.2,2.946153846153846,171.07692307692307,138.18880208333334,28.366666666666667,48.35384615384616,0.2229737323410125,-0.0017213426955961,0.2639977686086939,0.0794503334432544,1243.9981263383297,23437.155746148062,1909.1543209876545,27.71951219512195,50.22860454085365,50.22860454085365,164,0.2697359336565315,-0.0186901708565473,0.3321011518341095,441.0
-73.93056167,40.815525,0.0934119569571379,32.5,2.946153846153846,171.07692307692307,180.0625,25.75,48.35384615384616,0.0622985734596642,0.0993427567469673,0.1514950084883547,0.0856500737101708,1352.786766675596,18911.88004988298,1934.7142857142856,28.142857142857142,44.91723141,44.91723141,14,0.0692846268654591,0.0830259043411942,0.2679786410926151,441.0
-73.91987833,40.803695,0.0806555516880748,11.909090909090908,2.946153846153846,171.07692307692307,36.455357142857146,12.411764705882351,48.35384615384616,0.0565283572470828,0.129810750877522,0.1959003233756059,0.0777634771249928,1262.2240085744909,25179.078986810327,1943.2,12.945945945945946,32.76248244189189,32.76248244189189,37,0.1221599308382284,0.0705604432518813,0.3567839555371343,441.0
-73.90797167,40.80816,0.1074310904282158,21.8,2.946153846153846,171.07692307692307,7.139136904761905,22.5,48.35384615384616,0.0586411650172057,0.0617479988376981,0.1669186816841154,0.0837376289461982,1453.0307815845824,29567.737071667147,1927.28,26.23076923076923,35.0593814376923,35.0593814376923,26,0.1196116499582415,0.0447496531148765,0.4189706142248779,441.0
-73.93263833,40.85690667,0.0852279328295666,71.71428571428571,3.1,135.07692307692307,27.519898391193905,76.17647058823529,44.61538461538461,0.110821736758527,0.072858074132942,0.2853249462132368,0.0549560092970813,1393.5926718373896,24245.620728975653,1940.9107142857144,101.0,56.310784135535705,56.310784135535705,56,0.260348912591426,-0.0022064187811904,0.3435569852527473,445.6923076923077
-73.92028833,40.82208167,0.0917329016212539,35.0,3.1,135.07692307692307,88.95833333333333,38.5,44.61538461538461,0.2558508023035732,-0.0146624232966187,0.2738689204873291,0.0979157794280907,902.378674505612,12371.466175251971,1973.5333333333333,41.4,101.93866666666666,101.93866666666666,15,0.2772954574918768,-0.0170687596141035,0.1753019099751607,445.6923076923077
-73.92541,40.80601,0.095179685543973,18.666666666666668,2.946153846153846,171.07692307692307,333.2894736842105,23.33333333333333,48.35384615384616,0.1145450384193737,0.0253176712340392,0.2046246350931016,0.0840751545122139,1177.6968156275086,13480.571931991406,1935.8695652173917,23.916666666666668,49.90663207791667,49.90663207791667,48,0.1887598441762909,0.0128877188960292,0.191017780249899,441.0
-73.92186333,40.810435,0.0890050158524601,25.4375,2.946153846153846,171.07692307692307,145.0,25.176470588235293,48.35384615384616,0.2769374816633732,-0.0207367275772171,0.2648854614524805,0.0817685496868086,1193.4434922335297,21531.68421378144,1927.8175675675675,24.8843537414966,39.27799914067114,39.27799914067114,149,0.2852792276846344,-0.0334449150277102,0.3051008921812969,441.0
-73.91836833,40.809095,0.0946977861417155,17.11111111111111,2.946153846153846,171.07692307692307,20.368146214099216,17.529411764705884,48.35384615384616,0.3132894935496437,-0.026549387002376,0.2482596577538769,0.0896174980226875,1293.341006423983,21019.60675097054,1945.797619047619,18.976190476190474,43.392318136666674,43.392318136666674,84,0.2522874497456154,-0.0128602243602684,0.2978448276196273,441.0
-73.89153833,40.82474667,0.0817727684776982,62.125,3.1,135.07692307692307,20.68298368298368,61.71428571428572,44.61538461538461,0.1223844963337872,0.0656364329160835,0.2240702602275043,0.0893396270977096,1130.5956649719026,24756.195768779013,1946.7731958762888,63.2020202020202,34.852042024545455,34.852042024545455,99,0.1806151090589665,0.0381132333586058,0.3507917606941036,445.6923076923077
-73.90880333,40.81019667,0.0704010680565068,39.642857142857146,2.946153846153846,171.07692307692307,7.139136904761905,38.0,48.35384615384616,0.2285676389014818,0.054938073167875,0.2384766517795338,0.0920364257281732,1300.7840513781107,29075.158479703583,1929.2241379310344,34.950819672131146,27.91771656786885,27.91771656786885,61,0.1662527780043683,0.0725737122420586,0.4119908458809379,441.0
-73.916895,40.83842,0.0722803930702196,74.0,3.1,135.07692307692307,57.41028708133971,74.07692307692308,44.61538461538461,0.1051637933283132,0.0967929047975793,0.1714460522864656,0.0663110156753386,1807.1036422067489,35339.43020765633,1934.03125,71.49253731343283,49.14266648850746,49.14266648850746,67,0.0784548841685194,0.0956721515066418,0.500754682192479,445.6923076923077
-73.90743667,40.809715,0.097619447998059,27.666666666666668,2.946153846153846,171.07692307692307,7.139136904761905,28.473684210526315,48.35384615384616,0.0553431496206954,0.1390307266133411,0.1882677715490782,0.0917041217887967,1471.9078242229368,32775.99682343745,1926.586206896552,33.05,26.830771832999996,26.830771832999996,60,0.0857698833079196,0.1051127244322655,0.464431197006291,441.0
-73.927665,40.81009,0.1081935350659987,13.333333333333334,2.946153846153846,171.07692307692307,180.0625,12.142857142857142,48.35384615384616,0.2831457195020511,-0.0400119001856471,0.2442236735481901,0.0845663926431591,1185.650976196844,15272.850298734398,1949.102564102564,12.307692307692308,53.4425,53.4425,40,0.2408486166093041,-0.0176697939565085,0.2164141089022403,441.0
-73.930355,40.83448,0.07058884923536,94.75,3.1,135.07692307692307,45.022922636103154,96.08695652173913,44.61538461538461,0.1732904386471687,0.0143004340535261,0.2207482173645494,0.0951722178669813,1329.3745989304812,19718.67830362037,1942.470588235294,100.56338028169014,40.56089135478874,40.56089135478874,71,0.1955205816291094,0.0165980008868115,0.279410857197036,445.6923076923077
-73.94932167,40.812825,0.0951656079777954,31.285714285714285,2.946153846153846,171.07692307692307,354.4107142857143,32.57142857142857,48.35384615384616,0.2313149154167497,-0.0385096644324881,0.2915679049821022,0.0867458447671998,1063.8737967914435,16731.87856062957,1944.3235294117649,31.228571428571428,89.23870247828572,89.23870247828572,35,0.3249175142815641,-0.0639667041371227,0.2370883311324875,441.0
-73.91893833,40.80444333,0.0981548502756905,13.0,2.946153846153846,171.07692307692307,36.455357142857146,14.625,48.35384615384616,0.2734348902579862,-0.0497227439438111,0.280699165562686,0.0726099134494557,935.2515386673804,10902.698439928608,1950.4193548387095,14.806451612903226,55.40116896870968,55.40116896870968,31,0.3097701278894491,-0.0507381618731522,0.1544896807967702,441.0
-73.95302833,40.80334667,0.0706487943565613,28.7,2.946153846153846,171.07692307692307,100.66494845360825,29.75,48.35384615384616,0.1535334616253836,0.0499423035721157,0.2062569874149183,0.0733740759007043,1240.4293361884368,26058.85015101589,1924.9036144578315,30.160493827160494,67.56017046915663,67.56017046915663,83,0.1535755190241379,0.0529450310427285,0.3692501873678678,441.0
-73.89173,40.82368333,0.0585897888889318,58.833333333333336,3.1,135.07692307692307,80.75446428571429,59.10526315789474,44.61538461538461,0.1165113091840169,0.0539950547528699,0.2143425225667332,0.0930174899010794,1315.4945084382534,27289.12027614937,1941.9846153846156,60.48484848484848,44.05513687939394,44.05513687939394,66,0.1625032394327113,0.048033065479194,0.3866829394489387,445.6923076923077
-73.88556,40.82123,0.0880639430692957,22.625,3.1,135.07692307692307,90.66666666666669,22.714285714285715,44.61538461538461,0.057613204489553,0.1084120750339566,0.1706802344588511,0.104555123598083,1333.0532655246252,24736.17405103013,1941.046511627907,25.622222222222224,21.709534876666662,21.709534876666662,45,0.1041593558294869,0.0649053371843972,0.3505080558121332,445.6923076923077
-73.94143833,40.8046,0.0370864940338904,27.5,2.946153846153846,171.07692307692307,109.3204134366925,25.0,48.35384615384616,0.4313282434889981,-0.1165862544611187,0.3242435834517033,0.073160710928571,1001.2773019271948,15768.239620834616,1918.794871794872,22.7948717948718,52.90124875948719,52.90124875948719,39,0.3761265956847366,-0.0901886533812895,0.2234337048913992,441.0
-73.949585,40.81237667,0.1030619477017241,32.375,2.946153846153846,171.07692307692307,354.4107142857143,32.89473684210526,48.35384615384616,0.2278102759801184,-0.0117190190600097,0.2576920761374701,0.0900966842446746,1119.127408993576,19230.29514995784,1938.276595744681,30.39583333333333,72.72142652854167,72.72142652854167,48,0.2850765868338804,-0.0501310951452295,0.2724905376145773,441.0
-73.92964,40.80978667,0.0842570039583419,9.0,2.946153846153846,171.07692307692307,180.0625,10.0,48.35384615384616,0.0564944394004044,0.0761415916787299,0.1485830130238662,0.0880247862852783,1337.9764831640834,22774.12408307993,1943.076923076923,9.907407407407408,47.82055555555556,47.82055555555556,54,0.0560742521384736,0.0931472753636131,0.3227060878008573,441.0
-73.93136667,40.85893667,0.0781639103600213,40.75,3.1,135.07692307692307,27.519898391193905,45.30769230769231,44.61538461538461,0.1730878790606826,0.0291388340301405,0.3238914451548678,0.0465405129716926,1325.8349826156727,18750.96038833248,1942.138888888889,52.89473684210526,56.15342772447368,56.15342772447368,38,0.3260632778762075,-0.0470776441948164,0.2656984324561104,445.6923076923077
-73.93151333,40.82996,0.0571281884302372,0.0,3.1,135.07692307692307,59.5,0.0,44.61538461538461,0.436936602990143,-0.1330789900412821,0.3359368565253516,0.0869073597188894,746.9116465863453,7574.505997295059,1975.0,66.14285714285714,45.98161306238095,45.98161306238095,21,0.3852717186270812,-0.0994141681096159,0.1073296689038589,445.6923076923077
-73.89152167,40.819655,0.0676708809736081,43.875,3.1,135.07692307692307,35.628571428571426,42.42857142857143,44.61538461538461,0.0790308921150546,0.0621578256728555,0.1583502444122657,0.0912654454719023,1372.9109149277688,15456.73250598899,1939.3870967741937,44.63636363636363,46.23105060606061,46.23105060606061,33,0.1153809629097006,0.0388076272451021,0.2190196935343614,445.6923076923077
-73.88524333,40.81330167,0.0684258750672669,38.81818181818182,3.1,135.07692307692307,24.479166666666668,38.8780487804878,44.61538461538461,0.1417426800396245,0.0572996439578062,0.1820975391625321,0.0879402896163545,1445.917001338688,20220.114380253603,1937.408163265306,43.03030303030303,24.92321557757576,24.92321557757576,99,0.1129760686501962,0.0703164445502614,0.2865161348352237,445.6923076923077
-73.93694167,40.85518833,0.0939527743722118,208.0,3.1,135.07692307692307,27.519898391193905,213.66666666666663,44.61538461538461,0.1484514390786775,0.0690686872217104,0.2599331990212826,0.0828904281785093,1326.501871657754,28175.6522309083,1935.9285714285716,212.47619047619048,61.17523809523811,61.17523809523811,42,0.2110889307376759,0.0420339357127299,0.399244970717863,445.6923076923077
-73.89838167,40.83255833,0.0737992480808252,82.0,3.1,135.07692307692307,48.409505208333336,82.24242424242425,44.61538461538461,0.1504075187039471,0.0594081823364087,0.2188654929987402,0.0774792468627486,1385.2423837520043,22811.52440076204,1940.923076923077,82.67307692307692,38.11771119254717,38.11771119254717,106,0.2110533373423319,4.4431113995575385e-05,0.3232360449644281,445.6923076923077
-73.91829333,40.81559833,0.0747053363388136,29.466666666666665,2.946153846153846,171.07692307692307,121.45968882602546,29.607142857142858,48.35384615384616,0.0475276872426774,0.1024601024382231,0.1402377029337223,0.0828011330013148,1556.5429718875505,31100.916825425786,1942.6530612244896,29.902912621359224,40.55724095854369,40.55724095854369,103,0.0574323827643534,0.0840244124703197,0.4406955525109573,441.0
-73.91826167,40.80924333,0.0950084713382297,17.428571428571427,2.946153846153846,171.07692307692307,20.368146214099216,17.466666666666665,48.35384615384616,0.3109095614760582,-0.0257021950778121,0.2397805860635715,0.0891584568864916,1310.4047109207709,20609.91273394334,1944.75,18.776315789473685,43.34124636157895,43.34124636157895,76,0.2440367009723389,-0.0121535839756451,0.2920395218719959,441.0
-73.91885167,40.80470333,0.072184267893262,0.0,2.946153846153846,171.07692307692307,36.455357142857146,16.5,48.35384615384616,0.3443205140920565,-0.0878531067203895,0.3079165385137722,0.0717566373353591,877.5592404386199,10525.447103053324,1948.8333333333333,15.541666666666666,57.07359325125,57.07359325125,24,0.3534491633400014,-0.0726281410885008,0.1491440831968581,441.0
-73.92003167,40.82197333,0.0906460403545898,41.5,3.1,135.07692307692307,88.95833333333333,38.0,44.61538461538461,0.2987981633448465,-0.0384165840090332,0.293299029328282,0.0947750917235026,862.8636120042872,11147.308269449382,1973.2666666666669,40.93333333333333,110.26333333333332,110.26333333333332,15,0.315465933305685,-0.0419660847433342,0.1579557671689369,445.6923076923077
-73.95663333,40.815235,0.0712466369996449,28.866666666666667,2.946153846153846,171.07692307692307,131.0,28.884615384615383,48.35384615384616,0.2727295445944332,-0.0096310993328485,0.2599568807644205,0.0828781031586138,1241.105728051392,20984.767878701277,1923.673076923077,28.03846153846154,55.616474202307685,55.616474202307685,52,0.250413595880454,-0.0077841519379376,0.2973511657724129,441.0
-73.93583333,40.85529333,0.0593027553368298,178.0,3.1,135.07692307692307,27.519898391193905,164.27272727272728,44.61538461538461,0.3914350522618481,-0.0528906264744237,0.2936201846067812,0.0791053353027208,1181.946227929374,26325.349916503397,1942.309523809524,172.04761904761904,65.2352380952381,65.2352380952381,42,0.2761392039298422,0.0034786422346357,0.3730264510083031,445.6923076923077
-73.93839333,40.803095,0.0774388909979802,19.153846153846157,2.946153846153846,171.07692307692307,38.0,19.25925925925926,48.35384615384616,0.2280540460853178,0.0219255579010137,0.2081001962624556,0.100532910980706,1208.4378175982883,22727.89655378755,1926.7816091954023,18.272727272727277,50.67833836772727,50.67833836772727,88,0.1558718993661565,0.0513510484094391,0.3220510503080175,441.0
-73.918875,40.8145,0.0886665012036326,24.923076923076923,2.946153846153846,171.07692307692307,476.3333333333333,24.5,48.35384615384616,0.0845519313200175,0.071140077025302,0.1652414264482058,0.0818806454125538,1593.8470808784143,28486.9744092135,1946.2990654205607,25.163636363636364,37.39031142890909,37.39031142890909,110,0.0950387505136123,0.0720019796669162,0.4036563615513097,441.0
-73.93057833,40.81526667,0.0885191696421979,30.666666666666668,2.946153846153846,171.07692307692307,180.0625,25.75,48.35384615384616,0.0745231490959312,0.0876019538248081,0.1541040774918821,0.0843497084003083,1336.452527413747,17585.436425730637,1935.2307692307693,27.07692307692308,44.14995935461539,44.14995935461539,13,0.0735205646832067,0.0813626677254613,0.2491831242556297,441.0
-73.95308667,40.80337333,0.0717532873487627,28.818181818181817,2.946153846153846,171.07692307692307,100.66494845360825,29.94736842105263,48.35384615384616,0.1542518887593363,0.046887622934596,0.207424541121998,0.0736482161364231,1235.99197217019,26392.577012186317,1923.8192771084337,30.679012345679013,68.12152580650603,68.12152580650603,83,0.1557139299213098,0.0519640523326957,0.3739790493593855,441.0
-73.955765,40.814035,0.0943331378241409,25.5,2.946153846153846,171.07692307692307,131.0,26.344827586206897,48.35384615384616,0.0823030482207436,0.0743659018676266,0.2278147292033488,0.0830456162716999,1279.099812683971,25738.53234361745,1925.3387096774195,27.61290322580645,53.30390630919354,53.30390630919354,62,0.1868785785498629,0.0298417939645014,0.3647113297554389,441.0
-73.89176333,40.82389167,0.055480157958445,59.63636363636363,3.1,135.07692307692307,80.75446428571429,59.375,44.61538461538461,0.1256731169097296,0.0490673804043496,0.2109182526198238,0.094867690280347,1270.942497994116,27119.75892418061,1944.87323943662,61.138888888888886,41.14915325055556,41.14915325055556,72,0.15627177310548,0.0512451709297949,0.3842831132649428,445.6923076923077
-73.91887833,40.80461833,0.081973050140674,0.0,2.946153846153846,171.07692307692307,36.455357142857146,15.625,48.35384615384616,0.3277127511875131,-0.0802831843019042,0.2996575467025305,0.0721422252179228,893.9090909090909,10378.542197328974,1948.12,15.44,55.8146495212,55.8146495212,25,0.3406682699359049,-0.0665073898660404,0.1470624616498696,441.0
-73.91359833,40.83068,0.0884535471294813,35.733333333333334,3.1,135.07692307692307,64.3515325670498,35.857142857142854,44.61538461538461,0.2463033884310535,0.0420003312781171,0.2519383685121937,0.0849620521214361,1125.1818181818182,23560.53169909496,1936.6,34.13414634146341,51.372763168780494,51.372763168780494,82,0.2021946318993911,0.0490436188010113,0.3338493714788169,445.6923076923077
-73.93059667,40.85740833,0.0375874577138189,101.7,3.1,135.07692307692307,27.519898391193905,104.2608695652174,44.61538461538461,0.2029035102498903,0.0070704665911711,0.2051372451760905,0.0610873810659527,1882.133458143889,28698.94969462243,1930.952380952381,119.0625,61.3071129671875,61.3071129671875,64,0.1435464008162843,0.0593744015139805,0.4066600210900344,445.6923076923077
-73.93030167,40.83454167,0.0705142658121398,94.23076923076924,3.1,135.07692307692307,45.022922636103154,96.8076923076923,44.61538461538461,0.1741971759072741,0.0132117576348608,0.222825685784491,0.0945324295334738,1327.5084337349397,19853.77636841309,1944.2285714285715,101.77777777777776,39.90353407791667,39.90353407791667,72,0.1982276375234764,0.0155928462454003,0.2813251774931042,445.6923076923077
-73.89810667,40.83276167,0.0805592982923485,82.5,3.1,135.07692307692307,48.409505208333336,82.02631578947368,44.61538461538461,0.1480458937080137,0.0544885405832467,0.2281685275865285,0.0749257432169069,1325.7239625167335,20167.645228622,1931.7247706422015,81.25688073394495,38.70154771063064,38.70154771063064,111,0.2164719798726872,0.0037410312086767,0.2857726544450618,445.6923076923077
-73.93031667,40.857455,0.0344600602582489,107.63636363636364,3.1,135.07692307692307,27.519898391193905,125.42105263157896,44.61538461538461,0.2112775495430665,0.0191462088675727,0.2203204699612165,0.058717490708821,1836.7925588865096,28042.742714943968,1930.1639344262296,119.2258064516129,60.117675981451605,60.117675981451605,62,0.1659599985142477,0.0477304398085861,0.3973616618463577,445.6923076923077
-73.91867167,40.80481167,0.0731226764996555,21.0,2.946153846153846,171.07692307692307,36.455357142857146,20.5,48.35384615384616,0.3768118789898476,-0.1012819736250011,0.3224225688041144,0.0715471087374239,842.2270414993307,10444.759604266854,1950.6538461538464,17.346153846153847,63.01963556461538,63.01963556461538,26,0.3761543837856239,-0.0832924195070685,0.1480007528552704,441.0
-73.99117,40.77010667,0.102495840003252,32.0,2.946153846153846,171.07692307692307,117.1875,29.0,48.35384615384616,0.0851252579825617,0.0734248809202132,0.1585442587014522,0.0907094704526545,1256.1136120042872,39085.6937134172,1960.434782608696,29.956521739130437,155.1664004121739,155.1664004121739,23,0.0775645301533765,0.0819721366577771,0.5538387013797016,441.0
-73.95107667,40.81252333,0.0572777377422365,34.833333333333336,2.946153846153846,171.07692307692307,354.4107142857143,37.0,48.35384615384616,0.2542699744244024,-0.0234026247981666,0.2490163346792114,0.0868555792678849,1212.7029702970297,21918.74186310162,1927.8933333333332,39.17105263157895,64.45104150723685,64.45104150723685,76,0.2207749628935396,0.0090065430682616,0.3105854438286845,441.0
-73.89868,40.83233667,0.080047536180454,81.83333333333333,3.1,135.07692307692307,48.409505208333336,82.3076923076923,44.61538461538461,0.146523213303109,0.0573146215111312,0.2219369626864804,0.0789517233817038,1452.2863259298904,23641.675229095552,1948.63963963964,83.09009009009009,38.45173625557522,38.45173625557522,113,0.2157043906778967,-0.0014506006172449,0.3349991637177226,445.6923076923077
-73.94681833,40.80829667,0.1228189947236973,25.75,2.946153846153846,171.07692307692307,107.82552342971088,25.923076923076923,48.35384615384616,0.0419191497569413,0.0817688939688695,0.1649804006207818,0.0997283498544575,1463.4522599625568,34899.65388242233,1929.9636363636364,25.34210526315789,59.22942602087719,59.22942602087719,114,0.0905643245981024,0.075684149293145,0.4945231144310164,441.0
-73.91882667,40.81456,0.0886494140218343,24.785714285714285,2.946153846153846,171.07692307692307,476.3333333333333,24.83333333333333,48.35384615384616,0.0899911049053034,0.0700904793146741,0.1630808526490071,0.0816638570729941,1602.7296355841372,28852.819399181957,1946.055555555556,25.576576576576574,36.897876190810805,36.897876190810805,111,0.0924641908255467,0.0723847220192813,0.4088403328429022,441.0
-73.91906333,40.81517333,0.0829827088415133,29.789473684210527,2.946153846153846,171.07692307692307,476.3333333333333,29.47058823529412,48.35384615384616,0.0808954587472677,0.0837582513479822,0.1578435255668788,0.0805526072097957,1607.9901175213674,29970.609423092385,1940.7719298245613,28.517241379310345,40.14755016146552,40.14755016146552,116,0.0685510064368993,0.0908768033827337,0.4246792579445609,441.0
-73.908305,40.82887833,0.0782367548457305,32.76470588235294,3.1,135.07692307692307,64.3515325670498,32.2,44.61538461538461,0.2075185778372231,6.162826707733144e-05,0.2053099612248809,0.0883993658258627,1178.2858669516431,23224.375706328126,1944.589743589744,34.023529411764706,36.0194347639535,36.0194347639535,86,0.1562448517490473,0.0479959547398076,0.3290860890395987,445.6923076923077
-73.93696833,40.85512833,0.0891751001848465,210.54545454545453,3.1,135.07692307692307,27.519898391193905,213.57142857142856,44.61538461538461,0.1386825906712268,0.0780039833512877,0.257486066408112,0.0825941789896374,1332.7275649611572,28963.27383778592,1936.357142857143,213.2619047619048,60.74833333333334,60.74833333333334,42,0.2067389187454696,0.0446662106289478,0.41040545647359,445.6923076923077
-73.99154333,40.77016833,0.0884326325651902,29.0,2.946153846153846,171.07692307692307,117.1875,29.0,48.35384615384616,0.0814208534401826,0.0667439428568734,0.1415964208651365,0.0881703760560968,1315.0620985010707,39993.92358651335,1959.391304347826,26.217391304347824,146.32031345565215,146.32031345565215,23,0.0676882670598152,0.0750758778441918,0.5667081890538963,441.0
-73.913395,40.81960833,0.0804460039882716,28.571428571428573,3.1,135.07692307692307,75.66272189349112,30.20833333333333,44.61538461538461,0.06710207546778,0.0333682877480553,0.1677574898095327,0.0726341689101345,1661.5311914323963,30487.730440060277,1970.3186813186808,32.075268817204304,42.656661122043005,42.656661122043005,93,0.1322158488257031,0.034241707546757,0.4320067889481812,445.6923076923077
-73.91942333,40.81500833,0.0778354899163964,29.55555555555556,2.946153846153846,171.07692307692307,476.3333333333333,29.34285714285714,48.35384615384616,0.0731892159232998,0.0792006315712283,0.1714743868859339,0.0772261505307728,1582.5943775100402,30927.788120069108,1939.955357142857,27.859649122807017,39.482405764736846,39.482405764736846,114,0.0823137145028087,0.0910080601499534,0.4382423434656268,441.0
-73.93105167,40.85722,0.0683354674921698,94.33333333333331,3.1,135.07692307692307,27.519898391193905,94.4,44.61538461538461,0.1458946277971534,0.0383793747904974,0.1923975749726081,0.0617666273526959,1901.8699839486355,28031.53057813522,1933.865671641791,119.8358208955224,62.829136239402985,62.829136239402985,67,0.1226794782094421,0.0703238336292529,0.3972027874679006,445.6923076923077
-73.936775,40.85552167,0.0916467064732183,214.875,3.1,135.07692307692307,27.519898391193905,211.75,44.61538461538461,0.189841449326484,0.0365336404770087,0.2655429376015843,0.0829442120824641,1298.2339400428266,27476.59383728085,1938.317073170732,211.02439024390245,65.97219512195122,65.97219512195122,41,0.2306398287742989,0.0246241171909665,0.389339413053662,445.6923076923077
-73.94990333,40.81204167,0.1097768649408949,31.181818181818183,2.946153846153846,171.07692307692307,354.4107142857143,31.27777777777778,48.35384615384616,0.184892889641388,0.007029657581182,0.244411452411374,0.0899043517861969,1155.8471627408994,20431.070388968805,1937.1967213114756,30.387096774193548,66.63299274225807,66.63299274225807,62,0.2588681982647992,-0.0323493371901713,0.2895053513695462,441.0
-73.93666333,40.85583333,0.1185170176642003,215.42857142857144,3.1,135.07692307692307,27.519898391193905,216.875,44.61538461538461,0.2061694463823007,0.0359066718935656,0.2571294995649644,0.0802568986184038,1287.397377575595,26903.396891958266,1937.939393939394,212.0909090909091,66.4030303030303,66.4030303030303,33,0.2410978356787714,0.0028018109102876,0.3812172941492958,445.6923076923077
-73.90831667,40.828855,0.0803906567728264,32.75,3.1,135.07692307692307,64.3515325670498,32.2,44.61538461538461,0.2076466118840443,-0.0001186694736778,0.2050414656684386,0.0883932047731096,1179.7930388219545,23239.551513486917,1945.3375,33.97701149425287,36.39956124659091,36.39956124659091,88,0.1565923015793196,0.047320202197155,0.3293011280610726,445.6923076923077
-73.89132167,40.81432167,0.094234108462183,31.9375,3.1,135.07692307692307,30.002564102564104,31.68421052631579,44.61538461538461,0.097198487933882,0.0604063398260188,0.2286558723700578,0.0922447229150304,1269.3449290875033,18413.15816111304,1948.7179487179487,31.813953488372093,25.32827684860465,25.32827684860465,43,0.177998765042926,0.0335720089632629,0.2609118231094105,445.6923076923077
-73.93130333,40.85713333,0.0534361666354455,92.89473684210526,3.1,135.07692307692307,27.519898391193905,100.96666666666668,44.61538461538461,0.1180628550673088,0.0602459536233253,0.1922330437387499,0.0598297532702541,1869.432201123295,27859.677381862948,1933.159420289855,118.71014492753623,62.56611779768116,62.56611779768116,69,0.1286173268902566,0.063725721616707,0.3947676522050772,445.6923076923077
-73.89203333,40.81675667,0.0935827621705227,51.25,3.1,135.07692307692307,75.68354430379746,49.5,44.61538461538461,0.1524018117732159,0.0117334169357048,0.1922263688836611,0.0949419063082897,1342.4390896921018,11720.07622782243,1941.5833333333333,52.15384615384615,28.58076923076923,28.58076923076923,13,0.1859734992817106,-0.0092244823477428,0.1660718073902304,445.6923076923077
-73.92792667,40.80973833,0.0786347125344791,12.2,2.946153846153846,171.07692307692307,180.0625,12.0,48.35384615384616,0.2772793792046369,-0.0348238414942748,0.2541995370150288,0.0836062899672374,1127.0058823529412,12703.678723210916,1942.121951219512,11.24390243902439,49.01024390243903,49.01024390243903,41,0.2521492135299512,-0.0197427742368076,0.1800093143646802,441.0
-73.91932333,40.80423333,0.0658829880700719,13.142857142857142,2.946153846153846,171.07692307692307,36.455357142857146,13.285714285714286,48.35384615384616,0.1743008163315835,0.0185379578081366,0.2456966613022907,0.0720843622325887,1060.288698446706,15824.718894815767,1945.1666666666667,13.67741935483871,41.2262176567742,41.2262176567742,31,0.2401822932947947,-0.0088860738989048,0.2242340081427457,441.0
-73.91854833,40.81467667,0.0744165290969355,24.73333333333333,2.946153846153846,171.07692307692307,476.3333333333333,24.34375,48.35384615384616,0.0968291909338304,0.0637975457649509,0.1630093042333013,0.0825713513468604,1622.6350013379715,30164.61922831256,1950.0982142857144,25.198275862068964,35.82977807913792,35.82977807913792,116,0.0905517321924571,0.0741905631207826,0.4274283491943189,441.0
-73.95812833,40.82145,0.1210208063192372,8.5,2.946153846153846,171.07692307692307,114.0,25.75,48.35384615384616,0.05976397495252,0.0511618734530179,0.0954155132251849,0.0624423744152119,1064.6572040707017,11440.396138634354,1938.375,46.52,94.7681486552,94.7681486552,25,0.0471052922391788,0.0397300033727814,0.162108780444066,441.0
-73.95597,40.81442,0.0710553534793662,25.53333333333333,2.946153846153846,171.07692307692307,131.0,27.384615384615383,48.35384615384616,0.1296417436943755,0.0516347354301927,0.2232328444040008,0.0811951214662384,1300.45787643755,26097.09570637372,1927.7777777777776,27.746031746031747,50.73198514857142,50.73198514857142,63,0.1854296314184125,0.0280625840840415,0.3697921214286391,441.0
-73.93626,40.856415,0.138699408985652,223.33333333333331,3.1,135.07692307692307,27.519898391193905,222.0,44.61538461538461,0.1812988479953586,0.0321253465139001,0.2895687736962204,0.0755435504550374,1221.4508701472555,23714.08594953014,1941.8461538461536,211.96153846153845,73.19753377884616,73.19753377884616,26,0.3015480873625814,-0.0374843092893728,0.3360252132913469,445.6923076923077
-73.99162667,40.77018333,0.0870226423550133,29.0,2.946153846153846,171.07692307692307,117.1875,28.375,48.35384615384616,0.0811129478650376,0.063764634753905,0.1388360216046109,0.08734073307415,1326.8047670058918,40359.3832733658,1959.391304347826,26.217391304347824,146.32031345565215,146.32031345565215,23,0.0666126031984334,0.0733977899252926,0.5718867006559212,441.0
-73.9269,40.82824,0.1066766851339004,21.0,3.1,135.07692307692307,45.022922636103154,17.5,44.61538461538461,0.1530936384726061,-0.0019179236888423,0.2475045194370156,0.1198822737349547,1113.9412393162393,24424.94212963577,1970.8461538461536,29.23076923076923,32.81813610571428,32.81813610571428,14,0.2233354047364277,0.0133892199091744,0.3460979439063023,445.6923076923077
-73.92123667,40.80425167,0.0652052942254185,13.5,2.946153846153846,171.07692307692307,145.0,13.944444444444445,48.35384615384616,0.0367338193117688,0.1109394629530566,0.1872182654845315,0.0792873764501091,1382.0794330034769,24527.68765480408,1945.638888888889,17.57894736842105,34.890960234210525,34.890960234210525,38,0.1165890135778077,0.0660179471838712,0.3475538333328793,441.0
-73.89917,40.84107,0.0867259797490325,61.5,3.1,135.07692307692307,20.34375,67.77777777777777,44.61538461538461,0.0898203266345455,0.0480064045536773,0.1572902218942994,0.0825041010245585,1348.6206157965194,27909.42935636691,1970.6666666666667,69.5,41.58966564333333,41.58966564333333,18,0.1465012115265748,0.007805396869089,0.3954726305826706,445.6923076923077
-73.88878333,40.82164667,0.0867460335815492,50.5,3.1,135.07692307692307,40.802083333333336,51.0,44.61538461538461,0.1119895556134627,0.0468070779058675,0.1881039136519164,0.0949683265282996,1233.1173004820569,11112.750183122796,1932.1304347826087,49.0,42.608353004,42.608353004,25,0.1423787753077142,0.0424504705893994,0.1574660840180668,445.6923076923077
-73.90921167,40.82412667,0.0968173632464822,36.77777777777778,3.1,135.07692307692307,106.49739583333331,39.42857142857143,44.61538461538461,0.0655455600144422,0.0704679389054077,0.1810353510487002,0.0902431879877727,1234.709807073955,22664.396499479528,1957.2978723404256,44.340425531914896,59.36345725702128,59.36345725702128,47,0.1476165872286418,0.030361276692836,0.3211512636023524,445.6923076923077
-73.92884,40.80909833,0.0915993489243747,10.142857142857142,2.946153846153846,171.07692307692307,180.0625,10.105263157894736,48.35384615384616,0.0920073108100806,0.057851983097998,0.1974555302917124,0.0850434429416874,1260.7767976476878,18123.75811631057,1942.1272727272728,9.981818181818182,46.65472727272728,46.65472727272728,55,0.1626664276561476,0.0234337370399686,0.2568110657792974,441.0
-73.89103333,40.82503167,0.0799848260275181,63.57142857142857,3.1,135.07692307692307,20.68298368298368,64.1875,44.61538461538461,0.1666546157395321,0.036711501880158,0.2334608011651195,0.0867766176009274,1088.7357984994642,22471.171367602423,1937.9583333333333,63.402061855670105,37.40113966206186,37.40113966206186,97,0.1958164544822235,0.0311921741953004,0.3184132910613459,445.6923076923077
-73.91491,40.818105,0.0763829982964155,20.545454545454547,3.1,135.07692307692307,150.5,21.46153846153846,44.61538461538461,0.0621426780978864,0.064589804057357,0.1785775623455648,0.075914260732739,1412.992239764517,29002.01139675237,1947.9907407407409,25.146788990825687,40.70360081568808,40.70360081568808,109,0.1254416212660075,0.0524760318915488,0.4109543621556941,445.6923076923077
-73.92616,40.80627833,0.0792776845088173,16.53846153846154,2.946153846153846,171.07692307692307,333.2894736842105,15.68,48.35384615384616,0.1549309983660353,0.0420367570761297,0.1796951686813461,0.0899990120917777,1288.0416889363976,15282.76833179486,1938.4772727272727,15.391304347826088,54.63528382425532,54.63528382425532,47,0.1398624671022383,0.0396760429098137,0.2165546460155247,441.0
-73.94718333,40.80845833,0.1164717747659117,25.428571428571427,2.946153846153846,171.07692307692307,107.82552342971088,25.285714285714285,48.35384615384616,0.0348157889517549,0.089661674879748,0.1639920844793931,0.099501907804935,1439.1868808567604,35397.042962445055,1932.2429906542056,25.25,61.42372859714286,61.42372859714286,112,0.087953725522464,0.0774710664185802,0.5015710467040568,441.0
-73.91743333,40.81610667,0.089350618786702,30.454545454545453,3.1,135.07692307692307,121.45968882602546,30.68421052631579,44.61538461538461,0.0307792436847045,0.0930850637807514,0.1562413039487641,0.0866590946905946,1423.98288312383,31329.193964129707,1935.439024390244,32.05882352941177,44.76362186529411,44.76362186529411,85,0.06658027475256,0.0906796368255414,0.4439302069854638,445.6923076923077
-73.91445333,40.80555833,0.0751119859612909,53.9,2.946153846153846,171.07692307692307,36.455357142857146,55.94736842105263,48.35384615384616,0.1454364082120959,0.0262474685767898,0.2048898378864487,0.0752020626350545,1351.7742711955068,22881.96461637185,1953.253333333333,53.19753086419753,40.94030162308642,40.94030162308642,81,0.1857698705966421,0.0143244594981713,0.3242341727659368,441.0
-73.91591667,40.817195,0.0934121347234602,25.63157894736842,3.1,135.07692307692307,150.5,26.83333333333333,44.61538461538461,0.0744492220381377,0.093100853380899,0.1811177938792256,0.0797126319660459,1319.729823623731,35329.38037626034,1940.3461538461536,28.871794871794872,46.17960194115384,46.17960194115384,78,0.0932085814370901,0.0896130931937935,0.5006122775148695,445.6923076923077
-73.91909667,40.814215,0.0919183094551761,22.8,2.946153846153846,171.07692307692307,476.3333333333333,23.057142857142857,48.35384615384616,0.0718553489216462,0.0889428165782386,0.1750419054719932,0.0847679326287742,1544.6329317269076,29269.22425289112,1947.9056603773583,24.25,36.15207645537036,36.15207645537036,108,0.1050529970805096,0.0721165148480548,0.4147407301882549,441.0
-73.93051833,40.81357667,0.1104714849092144,23.0,2.946153846153846,171.07692307692307,180.0625,23.0,48.35384615384616,0.138088049466286,0.0386110112503389,0.1984027290617395,0.1014139610339826,987.3804551539492,8629.52346380954,1960.0,20.454545454545453,41.13892615,41.13892615,11,0.1549292119450496,0.0358936088632156,0.1222791158260945,441.0
-73.90755667,40.80937,0.0952343719858331,26.545454545454547,2.946153846153846,171.07692307692307,7.139136904761905,27.7,48.35384615384616,0.0768072470099925,0.1273116866356405,0.1727140485763285,0.0900158581631744,1499.8598180845372,32651.464470310995,1925.8823529411768,32.264150943396224,28.327202156981127,28.327202156981127,53,0.0789003555118526,0.0960092647090575,0.4626665913355186,441.0
-73.91728,40.81619667,0.0861761590359889,30.33333333333333,3.1,135.07692307692307,150.5,30.94117647058824,44.61538461538461,0.0365096901090302,0.1035110460786902,0.1539463923678,0.0877112668060972,1401.2675755145683,30943.020918877493,1936.9605263157891,31.743589743589745,44.500741776282055,44.500741776282055,78,0.0657109859241005,0.0892975822618593,0.4384581900519712,445.6923076923077
-73.891795,40.82432,0.0758560651739822,60.833333333333336,3.1,135.07692307692307,20.68298368298368,61.4,44.61538461538461,0.1229719796011068,0.06889881573633,0.2182291203298136,0.0934585369844698,1192.7494640943194,24617.517585707054,1954.20987654321,62.63414634146341,35.48267114682927,35.48267114682927,82,0.1684257318873062,0.0451957761650853,0.3488267106334091,445.6923076923077
-73.93133,40.82969667,0.0656727984831595,0.0,3.1,135.07692307692307,59.5,14.0,44.61538461538461,0.3979577765030789,-0.1124548959879193,0.3422378781866224,0.0886822614432553,748.5877944325482,8795.124901948691,1985.142857142857,60.785714285714285,48.11384816499999,48.11384816499999,14,0.3971912694314686,-0.1064420095733119,0.1246256645689983,445.6923076923077
-73.93543667,40.85721333,0.0922327945789058,229.16666666666663,3.1,135.07692307692307,27.519898391193905,227.66666666666663,44.61538461538461,0.2468339987340762,0.0106615383610469,0.3321036333095333,0.0642654709666849,1045.305718866916,24199.872056650423,1944.5833333333333,178.125,65.12852333083333,65.12852333083333,24,0.3547452134558518,-0.0599512132847619,0.3429087330948024,445.6923076923077
-73.89111167,40.82498333,0.0856679152776946,63.16666666666666,3.1,135.07692307692307,20.68298368298368,63.57142857142857,44.61538461538461,0.168677515005523,0.0379722816811031,0.2328324653382762,0.0861695571136791,1092.8418230563002,22969.618451182265,1938.8387096774195,63.43617021276596,37.18723986404256,37.18723986404256,94,0.1936169947269859,0.0329421198244109,0.3254762150945871,445.6923076923077
-73.93073,40.81428833,0.0812494831228894,27.0,2.946153846153846,171.07692307692307,180.0625,23.25,48.35384615384616,0.0852941575103188,0.0832262747659315,0.1706140669785154,0.0884418142880311,1114.6381156316916,10460.088073518406,1956.3,25.272727272727277,45.08389482272728,45.08389482272728,11,0.1106690356058873,0.0580725407438838,0.1482179550766026,441.0
-73.89134,40.82487,0.0875670221789294,63.16666666666666,3.1,135.07692307692307,20.68298368298368,61.90909090909091,44.61538461538461,0.1454793954809974,0.053315925976243,0.2298866133369506,0.0882489341889609,1108.8541220556745,23971.17234846471,1939.0444444444445,63.23913043478261,35.5432843525,35.5432843525,92,0.1880333233459005,0.0361125716394661,0.3396680908716042,445.6923076923077
-73.89255833,40.818625,0.0864115887185119,36.2,3.1,135.07692307692307,35.628571428571426,36.1875,44.61538461538461,0.1422802786632345,0.0270737516151229,0.1797610022503146,0.0915911718254388,1194.2582976445397,12898.960238175458,1932.2093023255811,36.69767441860465,44.48496594790697,44.48496594790697,43,0.1442110469562319,0.0332389926836038,0.1827764255596701,445.6923076923077
-73.93105667,40.857525,0.0365853369478356,78.88888888888889,3.1,135.07692307692307,27.519898391193905,83.45833333333333,44.61538461538461,0.1548003779442539,0.0398790833293452,0.1908996951721942,0.0638641726318376,1872.1844426623895,29448.47233261621,1933.4590163934429,102.1774193548387,61.58072951451612,61.58072951451612,62,0.12736335076035,0.0638289803554787,0.4172806498943298,445.6923076923077
-73.91175833,40.80445,0.0742935356664359,30.0,2.946153846153846,171.07692307692307,19.65550595238096,29.1,48.35384615384616,0.0467175920463493,0.0308855191955659,0.1239402198156021,0.0786679673515207,1531.5338506823657,19137.68532167681,1936.0566037735848,28.983050847457623,28.022011107288137,28.022011107288137,59,0.0650281277557183,0.0583544344595751,0.2711782695654327,441.0
-73.94712167,40.80843333,0.1074364329228867,25.428571428571427,2.946153846153846,171.07692307692307,107.82552342971088,25.285714285714285,48.35384615384616,0.0355137495973004,0.0882249118760271,0.1635360488108677,0.099773681619786,1442.8343591115868,35121.48749488902,1932.6666666666667,25.26363636363636,61.28361457163636,61.28361457163636,110,0.088443767586319,0.0764964024191126,0.4976664650579257,441.0
-73.933035,40.85603167,0.0836705695074963,87.0,3.1,135.07692307692307,27.519898391193905,93.75,44.61538461538461,0.2623652286582459,-0.0038575164479692,0.308423539148218,0.0591278583522692,1274.3088038533583,22696.16523476457,1943.46,111.64,56.4143736338,56.4143736338,50,0.2898875829907711,-0.006183643493175,0.321601422046892,445.6923076923077
-73.909155,40.813145,0.1115003050814693,34.77777777777778,3.1,135.07692307692307,51.140625,34.888888888888886,44.61538461538461,0.2305884873414325,-0.0006685311332581,0.2793973846938848,0.1014130978283019,1035.2413055109685,21749.657440734187,1950.904109589041,37.108108108108105,46.58418765554054,46.58418765554054,74,0.2632026717457996,-0.0007512445216144,0.3081895416967726,445.6923076923077
-73.92142333,40.81104333,0.0944816878722765,23.416666666666668,2.946153846153846,171.07692307692307,145.0,23.6875,48.35384615384616,0.3319031763716411,-0.0536243883884121,0.3092596406613065,0.0795989208811152,1040.923796791444,20080.361698462828,1933.468085106383,22.609929078014183,39.85783986034965,39.85783986034965,143,0.3469636064822943,-0.061370690751322,0.2845358592805,441.0
-73.9304,40.81352833,0.1028821805199908,23.0,2.946153846153846,171.07692307692307,180.0625,19.5,48.35384615384616,0.1537257015931393,0.0297441435157231,0.2010484553549237,0.1035381800217501,981.8174029451138,7753.378566566655,1975.5,19.666666666666668,66.2665156375,66.2665156375,12,0.158805753870046,0.0345104821551836,0.1098642676805959,441.0
-73.92879167,40.80903667,0.0924889162458846,10.23076923076923,2.946153846153846,171.07692307692307,180.0625,10.105263157894736,48.35384615384616,0.1129182442935132,0.0474972940539783,0.2010259651828055,0.0843166564563391,1249.225884244373,17849.348049660704,1941.5471698113208,9.943396226415096,47.8354716981132,47.8354716981132,53,0.170027665207671,0.0189089583554104,0.2529227143003215,441.0
-73.91342167,40.80518333,0.0975213938360289,50.125,2.946153846153846,171.07692307692307,19.65550595238096,49.31578947368421,48.35384615384616,0.1561749543333768,0.0247761380096809,0.1496390718274837,0.0731502147757774,1489.197213290461,21513.643249952685,1951.0980392156864,51.706896551724135,35.77028537482759,35.77028537482759,58,0.103354344483957,0.0454956068973439,0.3048452542980442,441.0
-73.92964667,40.812905,0.1269362214077585,14.0,2.946153846153846,171.07692307692307,180.0625,14.571428571428571,48.35384615384616,0.1841059279822034,0.0188567008703355,0.2003018359078656,0.1018534639518679,982.387088132869,17520.94176407268,1954.5,13.61904761904762,43.25358783809524,43.25358783809524,21,0.1543672765774984,0.0381311006790839,0.2482692441053909,441.0
-73.92874167,40.80898833,0.0934324383226929,10.23076923076923,2.946153846153846,171.07692307692307,180.0625,10.105263157894736,48.35384615384616,0.1342609249636567,0.035843780629402,0.2050635930505076,0.0838473234557191,1237.6170725180623,17341.885979060942,1943.169811320755,9.962264150943396,47.89433962264151,47.89433962264151,53,0.1777275808050504,0.0144314234175681,0.2457320491872743,441.0
-73.91809667,40.81502667,0.0484875800758385,25.785714285714285,2.946153846153846,171.07692307692307,121.45968882602546,24.580645161290324,48.35384615384616,0.0916298921557182,0.0746674780978037,0.1554958025435367,0.0856945079686942,1598.033440342429,29623.245584395663,1950.1214953271028,25.678571428571427,38.64036209089285,38.64036209089285,112,0.0791946199336501,0.0777344587326551,0.419757161927333,441.0
-73.93569667,40.854865,0.0523261890286877,141.16666666666666,3.1,135.07692307692307,27.519898391193905,152.72727272727272,44.61538461538461,0.3365364118506897,-0.0082831288121124,0.2936869786800378,0.0738823858182956,1187.7257417802728,27532.63041675318,1942.809523809524,164.52380952380952,60.51880952380952,60.51880952380952,42,0.2705241066580158,0.0095671427110392,0.3901334433877695,445.6923076923077
-73.89262167,40.81855,0.0902347591824195,35.72727272727273,3.1,135.07692307692307,35.628571428571426,35.93333333333333,44.61538461538461,0.1443804515630418,0.0239021777924298,0.1809702513440914,0.0917532280889361,1187.1995185878577,12770.447284275586,1931.9767441860463,36.15909090909091,43.849382301136366,43.849382301136366,44,0.1465670390712564,0.0320583012572303,0.1809554153454096,445.6923076923077
-73.91469833,40.81827167,0.0863841917700071,20.666666666666668,3.1,135.07692307692307,150.5,21.695652173913043,44.61538461538461,0.0673371582135802,0.0686301493708861,0.175425069185106,0.0756691755663129,1450.1169700214132,27950.95554245649,1950.0865384615383,25.2,39.85573798961904,39.85573798961904,105,0.1272010092697135,0.0468723284421823,0.3960610507128999,445.6923076923077
-73.93084667,40.81395,0.0772474961630398,23.0,2.946153846153846,171.07692307692307,180.0625,15.0,48.35384615384616,0.0700256728442532,0.0830094943086287,0.1765888389222484,0.0898958297082809,1033.042257288045,9678.543645376614,1959.5,20.55555555555556,47.85587145,47.85587145,9,0.1269850514787477,0.0452321145752846,0.1371435820765171,441.0
-73.93458833,40.85452333,0.0792103960819613,122.0,3.1,135.07692307692307,27.519898391193905,121.6923076923077,44.61538461538461,0.2286326381018539,0.0327281572208101,0.2700760361237198,0.0745412449244065,1146.2030497592295,25363.442875397475,1950.0975609756097,124.9047619047619,53.87714285714286,53.87714285714286,42,0.2389312354082565,0.0223109682852667,0.3593963655252387,445.6923076923077
-73.92854167,40.80894167,0.0860038574192619,10.714285714285714,2.946153846153846,171.07692307692307,333.2894736842105,10.166666666666666,48.35384615384616,0.1993118311199836,0.0008662042538111,0.2243362489091739,0.0824726985689161,1190.4712982832618,15581.167679236583,1945.4901960784316,10.07843137254902,48.81117647058824,48.81117647058824,51,0.2117107366287826,-0.0043303423696586,0.2207829221794624,441.0
-73.912115,40.80492667,0.0918226147498134,40.0,2.946153846153846,171.07692307692307,19.65550595238096,44.888888888888886,48.35384615384616,0.0291743243883619,0.0618133954570928,0.1307194753993221,0.0771909439076085,1572.2373561680492,16672.031577104903,1940.8636363636365,37.88,31.2508567854,31.2508567854,50,0.0775869510205019,0.0525658335100616,0.2362403079176461,441.0
-73.911665,40.82198,0.084557669706281,30.8,3.1,135.07692307692307,75.66272189349112,30.63636363636364,44.61538461538461,0.180063432519367,0.022752906274053,0.22271271117744,0.0810646669073177,1164.6343163538877,20803.63279361008,1964.6046511627908,32.78409090909091,40.762022689886365,40.762022689886365,88,0.2005101640494815,0.0189851255783795,0.2947845074693879,445.6923076923077
-73.91938833,40.81380333,0.083800171258213,20.714285714285715,2.946153846153846,171.07692307692307,476.3333333333333,21.26923076923077,48.35384615384616,0.1066320188896022,0.0976850734020104,0.1866267649275765,0.0878676574180022,1458.7573568753344,27052.82241192111,1950.3090909090909,22.272727272727277,34.74041843909091,34.74041843909091,110,0.1269730756137687,0.0601461051792575,0.3833346324396538,441.0
-73.93103333,40.83317833,0.0984626058868101,93.41666666666669,3.1,135.07692307692307,59.5,97.5,44.61538461538461,0.2570329312846446,-0.0232120166579224,0.21129434256654,0.0977928749214551,1198.284263959391,17313.89611665936,1943.508771929825,100.32203389830508,41.13517759542373,41.13517759542373,59,0.179306956332717,0.0241128211252404,0.2453354368322012,445.6923076923077
-73.93464667,40.85454167,0.0811267888328913,122.0,3.1,135.07692307692307,27.519898391193905,123.14285714285714,44.61538461538461,0.2339452992729081,0.0309701459507676,0.2729855968162871,0.0740849802390208,1144.1951284796571,25314.12102940557,1949.3809523809523,126.65116279069768,54.68883720930232,54.68883720930232,43,0.2427980533608336,0.020122257636878,0.3586974820068984,445.6923076923077
-73.91722333,40.81541333,0.0890705612375826,26.357142857142858,3.1,135.07692307692307,121.45968882602546,24.59259259259259,44.61538461538461,0.0572052921404107,0.0811231253295422,0.164982941478427,0.0889164682898121,1489.1730048205677,29692.537363625,1953.8023255813955,24.13483146067416,42.32601994382022,42.32601994382022,89,0.0913273548420278,0.0747567083977769,0.4207390165499104,445.6923076923077
-73.911645,40.80440167,0.0801915309897284,27.33333333333333,2.946153846153846,171.07692307692307,19.65550595238096,26.25,48.35384615384616,0.0516906240645809,0.0313502611954845,0.1219903077255568,0.0783026769138541,1525.9212429681222,20159.33843420918,1937.301886792453,28.03448275862069,27.46963198844828,27.46963198844828,58,0.0586826727093888,0.0632060467562941,0.2856549483533803,441.0
